# step h Omega_m Omega_Lambda chi2
1 0.57179412 0.58413544 0.19295522 2533.32262923
2 0.57081652 0.62250190 0.18752213 2528.17114869
3 0.57602462 0.61789544 0.18294638 2307.93299120
4 0.57812866 0.64948522 0.20209312 2217.83521121
5 0.59453516 0.61805381 0.20049994 1676.28162014
6 0.59849675 0.60861284 0.20353294 1569.52690214
7 0.60257045 0.58396556 0.20768673 1474.49225312
8 0.60938824 0.56433927 0.19940004 1310.63081077
9 0.62117196 0.58045304 0.19229102 1075.22405385
10 0.64077545 0.59270577 0.21423723 853.69947381
11 0.64307976 0.59467066 0.24897004 836.38481052
12 0.64504903 0.58620674 0.25609646 820.71595596
13 0.66057156 0.63239098 0.23692573 820.27103460
14 0.66031333 0.60489468 0.23242848 802.56386651
15 0.65881158 0.60247669 0.23241729 799.27964950
16 0.66005194 0.59644974 0.22773508 798.47761876
17 0.65377520 0.58655224 0.20731221 799.53446063
18 0.65644908 0.54633071 0.17987643 783.56293324
19 0.66013260 0.53947528 0.18476716 778.88709346
20 0.65119600 0.51679996 0.19648464 774.18163403
21 0.65701619 0.53145827 0.18782806 772.14160345
22 0.65115086 0.48527711 0.15573276 769.22195071
23 0.65751208 0.49583618 0.16239691 760.45507276
24 0.66125368 0.46913178 0.14918521 750.43993769
25 0.66253237 0.45362970 0.18962919 727.54731773
26 0.66384930 0.44711571 0.20888963 717.76882724
27 0.66478664 0.42036650 0.19354861 708.95029979
28 0.66639631 0.42488290 0.21240888 705.86380264
29 0.65923464 0.42534855 0.23444558 705.95450220
30 0.66471381 0.42731712 0.21640374 704.95326113
31 0.66126739 0.42331985 0.23046024 701.71937605
32 0.66663032 0.41658422 0.24271383 691.32745006
33 0.66130142 0.39830197 0.23052714 691.55551959
34 0.66524375 0.40716408 0.22927988 690.87299052
35 0.67413584 0.40083203 0.27338053 681.14303388
36 0.66923887 0.38697488 0.25968874 672.07607576
37 0.66917913 0.39359483 0.27714533 669.92516962
38 0.66764723 0.38073633 0.25484641 670.59993594
39 0.66716782 0.37893038 0.25555178 669.84262015
40 0.66902269 0.37518783 0.25319550 668.40704941
41 0.66825324 0.36803358 0.24357070 667.92710125
42 0.66614562 0.34464547 0.23514207 661.92971734
43 0.67212977 0.33303771 0.26112380 647.84237742
44 0.67908595 0.33493957 0.29817025 646.17010983
45 0.67917298 0.31210036 0.29998173 634.10229238
46 0.67738275 0.26920253 0.32977072 607.45676586
47 0.68116999 0.27920757 0.34441103 609.06120454
48 0.68569787 0.26999377 0.35593902 609.94331643
49 0.68609654 0.27433497 0.38321928 603.88930227
50 0.69061826 0.25284948 0.39683651 602.27751872
51 0.68863685 0.23363843 0.42673545 582.62272130
52 0.68526466 0.25937036 0.45741526 581.37617983
53 0.68685827 0.24101561 0.45017279 578.69717838
54 0.68891697 0.22159726 0.44658218 576.15506218
55 0.68902630 0.23032325 0.44399245 578.68323772
56 0.68175686 0.20905693 0.43441001 580.73997284
57 0.67986634 0.20317538 0.43679773 585.72405704
58 0.69450111 0.19344823 0.45859361 575.03235862
59 0.68936991 0.20286623 0.46693943 570.54993102
60 0.69872164 0.17196231 0.50486063 570.64884546
61 0.69290159 0.17357873 0.50477691 565.69543978
62 0.69215212 0.15789024 0.46347063 567.13044508
63 0.69362743 0.15435052 0.49746391 565.70644674
64 0.69503590 0.18847795 0.50096495 567.95616032
65 0.69085889 0.17535358 0.51973810 567.26309792
66 0.68818893 0.14931041 0.50965227 575.08924202
67 0.69819897 0.15252064 0.47640360 571.32493187
68 0.70248187 0.13183180 0.53342332 570.67804318
69 0.69919172 0.13113217 0.54709057 567.28509049
70 0.69569960 0.14454557 0.52265022 565.68336847
71 0.69458379 0.16267671 0.51373265 565.19272012
72 0.69501142 0.17459964 0.49629954 566.94251127
73 0.69375084 0.16938414 0.48342441 566.85808121
74 0.69414194 0.15257294 0.48300655 566.17898625
75 0.69815405 0.12444654 0.52223021 567.15180947
76 0.69797896 0.12776945 0.53187567 567.06493701
77 0.69960427 0.13908075 0.51213152 568.18665874
78 0.69512841 0.14588746 0.49955723 565.70802447
79 0.69667851 0.14813492 0.50358877 566.12619214
80 0.69552099 0.13173883 0.51292553 566.53248414
81 0.69591406 0.13314417 0.53239946 567.17368175
82 0.69761245 0.14066937 0.56938035 567.79517423
83 0.70113166 0.14153018 0.58995727 568.15024096
84 0.70258379 0.14722846 0.57807193 568.31349247
85 0.69922664 0.17734452 0.57665296 564.72570513
86 0.70093480 0.17349254 0.58318600 565.86008463
87 0.69535342 0.15696038 0.57180286 567.48632865
88 0.69991071 0.14421215 0.56019366 566.58639378
89 0.69715577 0.15208190 0.58989707 568.28948238
90 0.69789206 0.14801476 0.61032592 571.17186449
91 0.70167836 0.13362909 0.62529051 573.36129606
92 0.70594686 0.15255437 0.61707608 571.51294157
93 0.70620353 0.16271877 0.61598165 571.71828121
94 0.70633578 0.18208090 0.63499616 570.82515523
95 0.69788350 0.16882811 0.60830560 566.55659862
96 0.69817251 0.18091818 0.56827257 564.42056265
97 0.69915768 0.17888894 0.60129151 564.48582030
98 0.70194261 0.17592039 0.57541337 567.81604851
99 0.69878882 0.16668332 0.58011047 564.92066869
100 0.69811829 0.16482860 0.58192426 565.16092296
101 0.70491415 0.15127296 0.59071316 570.99215942
102 0.69315596 0.17486498 0.58676279 569.60047481
103 0.70066455 0.20260422 0.59385496 565.97056063
104 0.69727222 0.21571973 0.62288939 563.10291906
105 0.69412710 0.21263414 0.61423649 565.39669738
106 0.70159092 0.20365598 0.62211515 564.97732438
107 0.69344752 0.23246886 0.62738259 565.47912030
108 0.70022745 0.23124736 0.61449927 565.96910778
109 0.69482388 0.19023150 0.61040712 566.93879556
110 0.70536686 0.17595712 0.63591229 569.09762534
111 0.69817005 0.16405212 0.64063462 571.73915584
112 0.69661455 0.19131109 0.64509175 568.39881227
113 0.69586659 0.19904928 0.64481863 568.03371076
114 0.69630370 0.19755119 0.65654334 569.35991916
115 0.69877299 0.23147328 0.65607576 562.68398562
116 0.69917442 0.21339488 0.64319740 563.20252138
117 0.69823003 0.25344524 0.64336963 563.47137029
118 0.69525982 0.25162642 0.62856090 563.59728674
119 0.69717112 0.25318527 0.62316130 564.33836223
120 0.69796040 0.25758930 0.64059356 563.85051790
121 0.69830911 0.25369773 0.65681712 562.80275625
122 0.70112765 0.25722185 0.67434285 563.83783055
123 0.69357422 0.26451110 0.67607360 566.29501428
124 0.69713838 0.27807549 0.63658648 566.07509119
125 0.69453587 0.27530185 0.63909992 564.65495701
126 0.69787927 0.27122283 0.66079982 563.54836539
127 0.70071707 0.27598562 0.68357272 564.40002182
128 0.69857663 0.26314818 0.71287300 562.96219207
129 0.69495694 0.27443637 0.68828918 564.46783616
130 0.69711585 0.29519710 0.69936013 563.23077192
131 0.69782958 0.26953904 0.68849152 562.50633360
132 0.70053404 0.25137599 0.70437680 562.56265569
133 0.70042823 0.27100115 0.73686731 562.64388823
134 0.69531797 0.29299227 0.70946274 564.36073875
135 0.70204798 0.25893444 0.69781010 563.30309313
136 0.70335536 0.25023545 0.70049239 564.06347434
137 0.69779626 0.26484033 0.68582525 562.50986821
138 0.69897873 0.27203549 0.69226977 562.45916303
139 0.70094772 0.29408534 0.73437687 562.62923945
140 0.69800736 0.27333608 0.73010922 563.78212234
141 0.69816399 0.28504769 0.69849708 562.70990207
142 0.70113354 0.23550032 0.67609777 562.98532301
143 0.69716019 0.25137299 0.68203664 563.20798516
144 0.69734487 0.27217752 0.68854251 562.66306777
145 0.69787011 0.26786521 0.68098489 562.54113497
146 0.70070481 0.26860616 0.68516238 563.53392044
147 0.70018737 0.27597884 0.71757488 562.25232910
148 0.69979098 0.26422323 0.72032899 562.58835002
149 0.69493703 0.25587517 0.72133812 570.65610096
150 0.69829223 0.22404228 0.72181207 570.80120694
151 0.70083555 0.23957709 0.71168666 563.62627994
152 0.69752022 0.27742949 0.72268447 563.44918214
153 0.69992037 0.26424325 0.72479358 562.72017421
154 0.69953596 0.25215906 0.69784454 562.52594329
155 0.69769397 0.24812024 0.72971861 567.79355445
156 0.70561130 0.24476301 0.74214381 565.21387007
157 0.70255071 0.26222313 0.75969746 563.89946064
158 0.70369463 0.25868395 0.75049664 563.65550713
159 0.70336480 0.29072258 0.75329900 563.24442650
160 0.70122620 0.26652464 0.71709883 562.41941082
161 0.70075717 0.24917531 0.69293512 562.55796868
162 0.70053913 0.23978616 0.69277752 562.83497809
163 0.70636830 0.20573391 0.68365986 568.16334014
164 0.70537047 0.22653080 0.67266944 567.79697202
165 0.69804073 0.24356514 0.67415965 562.77064922
166 0.69341147 0.26914959 0.68447826 566.90897804
167 0.69645514 0.28045185 0.69902875 563.23739256
168 0.69846193 0.27390584 0.68914430 562.54118820
169 0.69584299 0.23548695 0.70634203 570.29139353
170 0.70400945 0.27714362 0.70589589 566.91810806
171 0.70651326 0.27886344 0.72860298 569.27104090
172 0.69707999 0.30026175 0.73003540 563.29675568
173 0.69796887 0.29824160 0.72081741 562.78127281
174 0.69584382 0.27810114 0.71964841 565.23365320
175 0.70129858 0.28657685 0.73773069 562.38653980
176 0.70071290 0.27242935 0.72234064 562.27704791
177 0.69906702 0.25225681 0.70901272 563.23458697
178 0.70358437 0.26033744 0.71825859 563.78496263
179 0.69949885 0.26723422 0.70658277 562.26583895
180 0.69783530 0.27544573 0.72894659 563.69485397
181 0.70069435 0.28339522 0.76450250 563.15297732
182 0.70075868 0.30826394 0.75974553 562.46457640
183 0.69688324 0.30988567 0.76022578 564.61523099
184 0.69988071 0.30080493 0.75768279 562.45183177
185 0.70111109 0.30976399 0.75108400 562.94083340
186 0.70002321 0.31618318 0.75133102 562.93256179
187 0.69818657 0.30374175 0.74537813 562.91124514
188 0.69980627 0.28372311 0.73225461 562.26786990
189 0.70445534 0.32130108 0.74310785 570.07291152
190 0.69728580 0.29422720 0.71241084 562.94720920
191 0.70126067 0.29123287 0.73464460 562.62766329
192 0.69984572 0.29851534 0.70375601 564.27347537
193 0.69263351 0.31892133 0.68787694 567.25010815
194 0.68972259 0.32858374 0.66509874 571.52586785
195 0.69319079 0.32073566 0.68553874 566.95122141
196 0.69599621 0.29674462 0.70122837 563.64818625
197 0.69604461 0.29928598 0.73152610 564.37204837
198 0.69933133 0.29121324 0.75439216 562.92092343
199 0.70339754 0.26237523 0.75347783 563.46856579
200 0.70181195 0.27649724 0.75828610 562.84051386
201 0.70401444 0.26665116 0.74234854 563.50100754
202 0.70176402 0.25010776 0.72617731 563.23250653
203 0.69819041 0.27222991 0.72670380 563.44663045
204 0.69831693 0.25908604 0.73171065 565.21661075
205 0.70383589 0.24279972 0.73536217 564.29384179
206 0.70165306 0.29162093 0.72583532 563.38969195
207 0.70132745 0.30515314 0.71173893 566.02852667
208 0.69426935 0.32058202 0.72214559 565.78101101
209 0.69356972 0.33857151 0.75473666 568.03816346
210 0.70058447 0.33177542 0.79103361 562.87391076
211 0.69914189 0.32695389 0.79625698 563.65022348
212 0.70100185 0.31153260 0.79845997 563.14710367
213 0.70042006 0.32015243 0.80966067 563.75917048
214 0.70280020 0.31439384 0.80893563 562.87971797
215 0.70163304 0.30435848 0.79631197 563.11006485
216 0.70116254 0.32916662 0.83046147 564.06954684
217 0.70209233 0.31247942 0.81327337 563.38489928
218 0.70236894 0.32136194 0.81971025 563.14060457
219 0.70752184 0.30869349 0.81908139 565.56608350
220 0.70436710 0.29876141 0.81099903 563.59143992
221 0.70281284 0.32382555 0.84200006 564.19547927
222 0.70616938 0.33102845 0.86217347 564.35514299
223 0.70090446 0.36544433 0.84345723 564.00981446
224 0.70045517 0.37213508 0.85055306 564.48167761
225 0.70889909 0.35006184 0.85843269 568.42724727
226 0.70193800 0.34156272 0.86961604 565.95540290
227 0.70558443 0.33595896 0.88342800 565.22703383
228 0.70900885 0.35046116 0.90106715 566.43035088
229 0.70375899 0.35315244 0.90290542 566.59495851
230 0.70433093 0.31745620 0.88775161 569.57910271
231 0.69983900 0.30921163 0.84199056 570.54558436
232 0.70280492 0.31345548 0.82433758 563.69960292
233 0.70809958 0.30871623 0.83279724 565.82206034
234 0.70705426 0.30040717 0.82394433 564.92750663
235 0.70129737 0.33123644 0.82700621 563.60233284
236 0.70605994 0.32862597 0.81166766 565.48541554
237 0.70375986 0.32892602 0.81682289 563.13499147
238 0.70108800 0.34634758 0.82993313 563.43333412
239 0.70321634 0.34836591 0.83716639 563.36803931
240 0.69983826 0.34205346 0.83921403 565.20748659
241 0.69951269 0.34268973 0.84152622 565.80475934
242 0.71061949 0.32265430 0.85822398 568.99104250
243 0.70479916 0.33435649 0.86799477 564.43460458
244 0.70347783 0.36989300 0.87079685 564.07451075
245 0.70413749 0.36787326 0.88063183 564.16482412
246 0.70569674 0.37064304 0.88360940 564.79476523
247 0.70185673 0.39424389 0.89398166 565.40079139
248 0.70583155 0.38865595 0.93267465 565.71067882
249 0.70266407 0.40227517 0.91065165 565.73806261
250 0.70718033 0.36649681 0.93293434 566.39382335
251 0.70784581 0.35762134 0.95572016 569.55381685
252 0.70931226 0.37619299 0.98154288 569.66864090
253 0.70459571 0.40923940 0.95633288 567.01319475
254 0.70273774 0.40604392 0.96312473 569.73627124
255 0.70210561 0.42839513 0.94566313 567.91684834
256 0.70086749 0.42758360 0.95400807 569.82041647
257 0.71212783 0.40628695 0.99663919 570.68731333
258 0.70957506 0.43636912 0.99668980 570.03042130
259 0.70912376 0.44960419 1.03425382 570.54965854
260 0.70688824 0.47060091 1.02666049 571.06270339
261 0.71146635 0.46531965 1.04604562 573.61205044
262 0.70765005 0.44244910 1.04068892 571.21994259
263 0.70465846 0.47762807 1.04661214 573.02388501
264 0.70793548 0.45863818 1.05714436 572.02170516
265 0.70788233 0.49020577 1.07145171 573.47746330
266 0.70844276 0.47596658 1.04871107 572.12037329
267 0.70371314 0.48126182 1.04324348 573.64461485
268 0.70697828 0.48758808 1.05633007 572.84744066
269 0.71187275 0.49241501 1.02842104 581.84357302
270 0.70680750 0.48638222 1.01913568 573.11665947
271 0.70901696 0.46107483 1.02483363 571.26568831
272 0.70670974 0.46999601 1.04798346 571.77526690
273 0.70708247 0.47025604 1.02251955 571.09255068
274 0.70830710 0.47163753 0.98936382 574.58899964
275 0.70135827 0.44442417 0.97861704 570.99513135
276 0.69835671 0.44943352 0.96240230 574.07565138
277 0.69744901 0.44133758 0.94551470 574.27875916
278 0.70327084 0.42325457 0.95269152 567.44196367
279 0.70630033 0.42385084 0.98850158 568.12896439
280 0.70932295 0.43716851 1.02298056 569.90206078
281 0.71010911 0.42315094 0.99056042 569.57566827
282 0.70981466 0.42500579 0.98446000 569.60184966
283 0.70711703 0.43169514 0.98375979 568.15751234
284 0.71010965 0.41935211 0.96688734 570.27439529
285 0.70400101 0.41714217 0.96333094 567.68491191
286 0.70533082 0.39744085 0.95647616 567.05961287
287 0.70522170 0.41728147 0.95367055 566.77531079
288 0.70038722 0.41979025 0.92235593 568.05535912
289 0.70359028 0.39877059 0.90323191 565.40463074
290 0.70362252 0.41160427 0.90093793 566.58582048
291 0.70059436 0.42935186 0.89862539 568.10861063
292 0.70558982 0.39396059 0.90075793 565.96669242
293 0.70225332 0.39502022 0.90826002 565.74622819
294 0.70939858 0.38517673 0.91082529 569.02057450
295 0.70414672 0.36992702 0.90970823 565.47723467
296 0.70852458 0.35475083 0.90294285 566.06193842
297 0.70617724 0.35959497 0.86140225 565.24298550
298 0.70954578 0.37471407 0.86967869 572.54256838
299 0.69461056 0.40182993 0.84279019 571.17897881
300 0.69627793 0.39499566 0.85692145 569.32580770
301 0.69981718 0.38016215 0.86788947 565.64510165
302 0.70558511 0.35931567 0.85909787 564.75987869
303 0.70220076 0.33640062 0.87438784 566.90946505
304 0.71114174 0.32527496 0.87865855 569.00882620
305 0.70303861 0.32906557 0.90081198 571.54802885
306 0.70765743 0.32562744 0.89091527 566.50812283
307 0.70590106 0.33813308 0.88021249 564.79320364
308 0.70352077 0.35702472 0.86666970 563.81343848
309 0.70006539 0.36369263 0.86398361 565.67134078
310 0.70222971 0.37082316 0.86569469 564.12338684
311 0.69831049 0.35022478 0.86344363 569.95307975
312 0.70478599 0.31626136 0.86062923 565.52939069
313 0.70916209 0.30347006 0.85428414 566.94747657
314 0.70050896 0.30508503 0.81278349 565.49555243
315 0.70058400 0.28234692 0.76783839 563.55872837
316 0.69887814 0.31906989 0.77787383 563.23969959
317 0.70077371 0.33327510 0.80033827 562.89317948
318 0.70261754 0.33738613 0.81602213 563.03760243
319 0.70457444 0.33976299 0.80955939 564.92423480
320 0.70492038 0.34633758 0.83563606 564.25041890
321 0.70426930 0.33060497 0.82919028 563.27783248
322 0.70220332 0.33911328 0.81759757 563.00762220
323 0.70325993 0.33150928 0.80187061 563.42192904
324 0.70056674 0.35271695 0.82205006 563.53741559
325 0.70347250 0.35020873 0.85092306 563.47321373
326 0.70526444 0.29836762 0.80299351 563.68358760
327 0.70380349 0.30477389 0.74856757 565.31640246
328 0.69764800 0.30346214 0.75289629 563.63077278
329 0.69963743 0.28519101 0.74016885 562.44067798
330 0.70114472 0.28107692 0.73387756 562.31067709
331 0.69749034 0.27864921 0.73856576 564.60168497
332 0.70322555 0.28509258 0.74579459 563.19702447
333 0.70102666 0.28046930 0.73579761 562.27727295
334 0.70333724 0.28485853 0.71621979 565.57384012
335 0.70049668 0.27195110 0.72290158 562.26669318
336 0.70103318 0.26837734 0.71853636 562.35797307
337 0.69850832 0.30036353 0.72968359 562.64353436
338 0.69499234 0.29243172 0.71198684 564.88973212
339 0.70181278 0.27746350 0.70576865 563.79637588
340 0.69854235 0.27593604 0.72261979 562.72555044
341 0.70210494 0.25167468 0.72360493 563.03026809
342 0.69729353 0.25107243 0.70883000 565.17890296
343 0.70385924 0.21347881 0.72390213 567.20039808
344 0.70294952 0.20798174 0.69945681 566.05035410
345 0.70066902 0.21223735 0.68160225 564.73693094
346 0.70484022 0.20091708 0.67322618 566.66407787
347 0.70214085 0.21795790 0.65291262 564.28529735
348 0.69682090 0.23493034 0.66607837 563.83990343
349 0.70017601 0.23444664 0.68032977 562.83266039
350 0.69895680 0.23029746 0.67065696 563.03191790
351 0.69633774 0.26728998 0.68471071 563.23078236
352 0.70351314 0.26581611 0.68331440 567.34044945
353 0.70084726 0.24302217 0.66395258 563.37707612
354 0.69776403 0.24392294 0.65755095 562.58972514
355 0.69725236 0.28006253 0.71698550 563.24490734
356 0.69822998 0.27652458 0.71220897 562.54983046
357 0.69517655 0.24730265 0.70540878 569.12515437
358 0.69740833 0.24574910 0.68566631 563.62387925
359 0.69994036 0.25267791 0.67948131 562.53882953
360 0.69634174 0.24658458 0.68212715 564.42686157
361 0.69948581 0.22740950 0.65558603 562.80010634
362 0.69712138 0.25961781 0.70541710 564.09136766
363 0.70078651 0.25121362 0.70604809 562.59549640
364 0.70169355 0.26315501 0.71971385 562.55306252
365 0.70414939 0.27825400 0.73905196 564.10524646
366 0.70498038 0.26914264 0.75964561 563.97911605
367 0.70594842 0.26828307 0.75025986 565.22370087
368 0.70546953 0.28646817 0.75484917 565.30209892
369 0.70307847 0.26626013 0.77309911 564.28041883
370 0.70297589 0.28496890 0.77275622 562.84739192
371 0.70094741 0.25840912 0.73721807 563.39539571
372 0.69739898 0.29784800 0.73723577 563.32719701
373 0.70559972 0.29765375 0.78630129 564.25364832
374 0.70111310 0.30160966 0.76475110 562.34457398
375 0.70081808 0.28343514 0.76448234 563.07675009
376 0.70048043 0.26872002 0.75491664 563.99852024
377 0.70489824 0.26704982 0.76173826 563.97021301
378 0.70200943 0.28628053 0.76968097 562.72867366
379 0.69790133 0.29999950 0.75125519 563.46017563
380 0.69686710 0.31334016 0.75147781 563.99564530
381 0.69743052 0.31523658 0.75985079 563.77019182
382 0.69935003 0.29089987 0.76001322 563.25401972
383 0.70574420 0.31274329 0.75258385 569.66678709
384 0.70199345 0.28789384 0.79098322 563.90469862
385 0.69981365 0.34099558 0.77486046 563.79687212
386 0.69392723 0.35815732 0.77052611 568.20026923
387 0.69293953 0.35059486 0.78058807 570.86742706
388 0.69158327 0.34872101 0.76779155 572.87811667
389 0.69686477 0.33134003 0.79862861 566.40397588
390 0.70568331 0.31843003 0.81108943 564.26600303
391 0.70299722 0.29043104 0.78592680 563.03006282
392 0.70233682 0.30917845 0.80722239 563.13160599
393 0.70514208 0.33132221 0.84048880 563.64106163
394 0.70097728 0.31476119 0.81311449 563.96213802
395 0.70257677 0.32398550 0.78015439 563.44734574
396 0.69931508 0.33031413 0.78282638 563.09753045
397 0.70287960 0.32098095 0.78603259 563.15263424
398 0.70111162 0.31213695 0.78584533 562.57441338
399 0.70404767 0.32340200 0.79432258 563.83972472
400 0.69981970 0.27742341 0.79720624 569.17655833
401 0.70840520 0.28204058 0.79677956 566.88620541
402 0.70733331 0.29990005 0.81782393 565.20472688
403 0.70417462 0.30867294 0.81773056 563.35060469
404 0.70273596 0.31016317 0.79008535 562.62996105
405 0.70496402 0.30734464 0.80180372 563.52628275
406 0.70113888 0.34132901 0.78768889 563.67369044
407 0.70336018 0.33057338 0.77054621 565.87108283
408 0.69562109 0.34748563 0.74714298 565.89625286
409 0.69657172 0.35353085 0.78204841 565.35875793
410 0.69966253 0.30359048 0.79442642 564.67149894
411 0.70151996 0.30017419 0.79503771 563.38388129
412 0.70531025 0.28935311 0.77638995 564.05090927
413 0.69659743 0.30547080 0.73024424 563.63865409
414 0.70364540 0.27972814 0.72332201 564.75626309
415 0.70018031 0.27878486 0.69409290 563.30867723
416 0.70056702 0.26132686 0.66353502 564.55353868
417 0.69950989 0.26345021 0.69226333 562.33911803
418 0.70313072 0.25057968 0.67840454 565.44556841
419 0.69896884 0.25481881 0.69512761 562.50794361
420 0.69765076 0.26176307 0.70969902 563.65086480
421 0.69708717 0.25961057 0.71836540 565.36714839
422 0.69853723 0.22886062 0.70106507 566.02713502
423 0.70483215 0.22790522 0.71468226 565.27796214
424 0.70214351 0.25011339 0.71341535 562.93571888
425 0.70340251 0.25003621 0.71085436 563.68324999
426 0.69427152 0.27219557 0.68922723 565.60215030
427 0.69981486 0.27171591 0.71645532 562.25141299
428 0.69668041 0.31833711 0.71970065 564.11588922
429 0.69502042 0.32594202 0.73142158 565.27863021
430 0.69521519 0.34299331 0.76570522 566.13437086
431 0.69008075 0.37303590 0.73951707 574.10570433
432 0.69373782 0.38047591 0.72939923 571.88882344
433 0.69328488 0.36455837 0.74391966 569.08966984
434 0.69284056 0.36371619 0.76370354 569.72243552
435 0.69338597 0.37776351 0.73864787 570.78997085
436 0.69275361 0.40968332 0.77280364 573.90276258
437 0.69058242 0.36733826 0.76388491 574.17805261
438 0.70049100 0.33738571 0.80826645 563.11898982
439 0.69957778 0.33577981 0.80839948 563.64016970
440 0.70281027 0.33329326 0.81069238 563.01726984
441 0.70560329 0.31135209 0.78096053 565.62545234
442 0.69451712 0.32519975 0.74806014 566.45176945
443 0.69717291 0.31050595 0.74847758 563.65042309
444 0.69789551 0.33385096 0.75743844 563.83201654
445 0.70104307 0.29523013 0.74160737 562.47655852
446 0.70024267 0.29901966 0.74807294 562.32518346
447 0.69812041 0.30088034 0.74495497 562.98472313
448 0.70325226 0.31378943 0.77468067 563.49595902
449 0.70152147 0.29910295 0.74400467 562.80525593
450 0.69813612 0.31138934 0.70921586 564.20388849
451 0.69383119 0.31395365 0.71030439 565.93709831
452 0.69659422 0.28855084 0.73550719 564.60671998
453 0.69695768 0.29624930 0.71348091 563.12932417
454 0.70113478 0.27118835 0.70214666 562.98198990
455 0.70023908 0.23920117 0.69579936 563.02123960
456 0.69577292 0.23256832 0.67511357 566.30205363
457 0.69710877 0.23151961 0.68364808 565.44590421
458 0.69634452 0.22609399 0.67621425 566.54088154
459 0.69931358 0.23263239 0.67713078 563.00078160
460 0.70132128 0.24134399 0.67355441 563.21755097
461 0.70022600 0.21830447 0.66069492 563.26495196
462 0.69972322 0.23828136 0.66689585 562.61742024
463 0.70241789 0.21154589 0.67869010 564.49825779
464 0.69915251 0.21319812 0.65489058 563.59910807
465 0.70414564 0.19809710 0.66093519 566.23219896
466 0.70257711 0.18967848 0.65861351 565.85066244
467 0.70237146 0.20393043 0.64028012 564.91446799
468 0.69758664 0.21071414 0.66407252 565.86562029
469 0.69652600 0.22305898 0.63129566 563.26176443
470 0.69702022 0.24590859 0.64822752 562.76135676
471 0.69412526 0.25285748 0.65376140 564.78574705
472 0.69668205 0.27005701 0.65899217 563.27183794
473 0.69687478 0.28295757 0.66756577 563.77731004
474 0.69859012 0.27800189 0.67591586 563.46778238
475 0.69733920 0.27384659 0.68551723 562.69142434
476 0.69987278 0.24988888 0.67010045 562.73776665
477 0.69829306 0.26489752 0.65892608 563.35877002
478 0.69628172 0.26486520 0.67469953 563.08741388
479 0.69803118 0.28455441 0.68744461 563.08923391
480 0.70144377 0.27531010 0.68945446 564.60210143
481 0.69697382 0.25278406 0.68795072 563.60027622
482 0.69266424 0.28388354 0.65586777 565.95811938
483 0.69552924 0.28329332 0.69229398 563.77763343
484 0.69955019 0.27032986 0.66868140 563.98593063
485 0.70045324 0.23515922 0.64134503 564.04042078
486 0.69955244 0.22570343 0.66951746 563.11983352
487 0.70149567 0.24962228 0.65603627 565.23716190
488 0.69445558 0.26443480 0.65794982 564.17714736
489 0.69779554 0.27957008 0.64990863 565.38080716
490 0.69405805 0.26778012 0.65078003 564.39669770
491 0.69918012 0.25512841 0.64745456 563.98378004
492 0.69674372 0.29459062 0.67316339 564.49005705
493 0.69486644 0.33457623 0.67997655 568.91631288
494 0.69578796 0.32986168 0.69039020 567.38076702
495 0.69260759 0.29537983 0.64497851 566.70028942
496 0.69265345 0.26474295 0.61945459 565.55559300
497 0.69431645 0.28622147 0.62653427 566.64003985
498 0.69519493 0.29282770 0.64157985 566.41351749
499 0.69746558 0.30033768 0.62055981 573.78927846
500 0.69733656 0.27940877 0.60095008 572.14337462
501 0.69050188 0.29412862 0.61989348 569.07814605
502 0.69567652 0.29171378 0.63135998 567.67154610
503 0.69906146 0.28739699 0.63788285 570.23997234
504 0.69766640 0.29933008 0.62549549 572.90170512
505 0.69103142 0.30879454 0.63191264 569.57858001
506 0.69541815 0.29212593 0.62271786 568.66727559
507 0.69522495 0.29519981 0.61710552 569.89797668
508 0.69414480 0.29006884 0.61345424 568.56008796
509 0.69719314 0.27715322 0.62246803 567.81593228
510 0.69974898 0.25503627 0.67590558 562.63661246
511 0.70150990 0.25742448 0.65027935 566.96659457
512 0.70381069 0.24212992 0.64920327 569.32487589
513 0.69543222 0.24476316 0.63084911 563.36131745
514 0.69522066 0.25003088 0.61468421 564.03437269
515 0.69532830 0.24291723 0.58991518 565.12182361
516 0.69276096 0.23324189 0.60568936 565.26121488
517 0.69932833 0.19948668 0.62346100 563.62042843
518 0.69460448 0.22586202 0.63700659 565.16163425
519 0.69686333 0.24479488 0.67438051 563.50178304
520 0.69540272 0.28736389 0.68674035 563.80985513
521 0.69772659 0.27159708 0.66280315 563.38831236
522 0.69686837 0.27927886 0.65228266 564.49234020
523 0.69954965 0.27212625 0.67093472 563.97525502
524 0.69581064 0.26001182 0.66522247 563.30211073
525 0.69606943 0.24990955 0.68000274 564.27545512
526 0.69826610 0.23260665 0.67878017 563.66351302
527 0.69931837 0.25461760 0.68235674 562.37059470
528 0.69721273 0.25623964 0.70537549 564.32261593
529 0.70009394 0.23443681 0.70618343 564.20288358
530 0.69902474 0.22679051 0.68233842 563.97309359
531 0.69795132 0.22756148 0.68115846 564.73004617
532 0.70313383 0.20255383 0.65022622 565.34246071
533 0.70204635 0.20413261 0.66588586 564.61999651
534 0.69931016 0.19955576 0.64514270 564.35193504
535 0.69897619 0.20298909 0.64757888 564.27568107
536 0.69751678 0.22523900 0.63458448 562.87347791
537 0.69933973 0.22879893 0.60756915 565.29139500
538 0.69849279 0.22247387 0.62400550 563.10551059
539 0.69888193 0.23347711 0.61918686 564.17244555
540 0.69450087 0.22231276 0.63547676 565.55438531
541 0.69586403 0.26814577 0.63557201 564.27564881
542 0.69977520 0.24916477 0.64671057 564.04732194
543 0.69818398 0.24060261 0.65532699 562.57250166
544 0.69738581 0.23559985 0.65106620 562.80732217
545 0.70048618 0.25511442 0.66148280 564.03958599
546 0.69465172 0.26479769 0.67794317 564.79035178
547 0.69897251 0.24719280 0.66440677 562.54091557
548 0.69808455 0.22947393 0.65746239 562.95713753
549 0.70213925 0.21743538 0.67185643 563.92461346
550 0.70097105 0.24834244 0.64790922 565.23549172
551 0.70087817 0.24771653 0.65462562 564.39959833
552 0.69570877 0.25182002 0.64273112 563.23668502
553 0.70108655 0.23984208 0.65868312 563.73945368
554 0.70418313 0.23837190 0.67532134 566.35023071
555 0.70360913 0.25883179 0.67610993 567.49801587
556 0.69733063 0.28745636 0.70039998 562.85312449
557 0.69879082 0.28617369 0.71701819 562.39109885
558 0.69302764 0.29498682 0.69367454 566.60114037
559 0.69360649 0.28140543 0.69808781 566.71014568
560 0.70286691 0.27145317 0.68882772 566.26235932
561 0.70229135 0.27625535 0.70550939 564.24311563
562 0.70160836 0.27963181 0.71375083 563.21866162
563 0.70067397 0.26549324 0.73904208 563.02278215
564 0.70203702 0.24770718 0.70870539 562.94717194
565 0.70127092 0.26061655 0.71705991 562.48715187
566 0.70153139 0.26123805 0.71669476 562.53436505
567 0.69846589 0.26997066 0.70300132 562.41124164
568 0.70231300 0.26188814 0.69270237 564.07617226
569 0.69830684 0.24047373 0.63948256 562.97685231
570 0.69824362 0.23227334 0.62316236 563.37652298
571 0.69451940 0.22962923 0.63031543 564.51197369
572 0.69449243 0.23535870 0.61906793 563.90150540
573 0.69462142 0.24945436 0.66308747 564.94298244
574 0.69820657 0.23813215 0.66208251 562.64633221
575 0.70061553 0.21994212 0.66601039 563.30549275
576 0.70204481 0.24058019 0.70229781 563.14461224
577 0.70265268 0.24978946 0.70548682 563.25613551
578 0.69966909 0.26450888 0.71633401 562.47981621
579 0.69981381 0.27472482 0.67694285 563.95950077
580 0.70310379 0.23706335 0.68070900 564.37686942
581 0.70072351 0.26663873 0.67837515 563.91256948
582 0.70153344 0.24904081 0.67282585 563.78110264
583 0.69526508 0.26896461 0.63841558 564.13781892
584 0.69425355 0.24566289 0.60268292 564.40848287
585 0.69953128 0.23513485 0.60409881 566.73986323
586 0.69741686 0.23407223 0.59761731 564.86517675
587 0.69960461 0.19280753 0.59516949 564.33030845
588 0.69680684 0.20788418 0.61278101 563.40660860
589 0.69872364 0.24131714 0.64280040 563.03504728
590 0.69619606 0.25990067 0.65682464 563.04957386
591 0.69561719 0.25796964 0.65485600 563.31040930
592 0.69995297 0.23960122 0.66851497 562.64832635
593 0.70085361 0.22799015 0.64946367 563.55277203
594 0.70435414 0.21414281 0.68053915 565.59313062
595 0.70249593 0.22835225 0.69375136 563.74659718
596 0.70282550 0.25430866 0.67457025 565.74504509
597 0.69468824 0.25700489 0.69160547 566.66023401
598 0.69512962 0.26929515 0.65818950 563.68011471
599 0.69575018 0.27515936 0.65808809 563.66011815
600 0.69302865 0.27189639 0.66339565 565.85692524
601 0.69969180 0.25988102 0.69607957 562.30326749
602 0.70164981 0.26068133 0.71865297 562.57135613
603 0.70298913 0.26915669 0.72021702 563.46935259
604 0.69958520 0.28081799 0.71842899 562.25863866
605 0.70466923 0.25195851 0.72501701 564.43812022
606 0.70213998 0.25609485 0.74790851 563.85278161
607 0.70121716 0.26923980 0.73200297 562.43509729
608 0.69843754 0.27100355 0.70246772 562.39963036
609 0.70096151 0.28867844 0.71929797 563.03491252
610 0.70221537 0.26914951 0.72169756 562.80914362
611 0.69958573 0.25735424 0.71585108 562.90922925
612 0.69240473 0.27390307 0.72527059 574.54736173
613 0.69133193 0.28639518 0.70410742 571.90542874
614 0.69027233 0.29535511 0.64218765 569.09831252
615 0.69381923 0.27945149 0.63059331 565.56404921
616 0.69280516 0.28612556 0.60942936 567.94651031
617 0.69567333 0.26846493 0.63797690 564.12771725
618 0.69545957 0.26931271 0.66670278 563.49200453
619 0.69628223 0.23316796 0.66906363 564.85493642
620 0.69810863 0.24720819 0.67654797 562.64910595
621 0.70094055 0.24029823 0.69666267 562.89408548
622 0.69667274 0.22986356 0.64645353 563.31153433
623 0.69793640 0.22109862 0.65166367 563.35396267
624 0.70138207 0.21756819 0.65070969 563.74700193
625 0.70221974 0.20823815 0.63898779 564.84920076
626 0.69697966 0.20808402 0.63393509 564.17851319
627 0.69915061 0.23524796 0.63164418 563.60035124
628 0.69363642 0.24918754 0.64409002 565.10221136
629 0.69470565 0.26439217 0.63980652 563.98287092
630 0.69418144 0.25880075 0.62730270 564.27034281
631 0.69290264 0.25519707 0.61020603 565.18661736
632 0.69955348 0.25969226 0.64956228 564.62213490
633 0.69344107 0.25923445 0.65343879 565.32900718
634 0.69093107 0.22702308 0.60895388 568.84666426
635 0.69839419 0.18634541 0.61021572 564.24332073
636 0.69812812 0.20864194 0.59900127 563.60102073
637 0.69936034 0.20924872 0.61497656 563.60048028
638 0.69806730 0.16648304 0.59041872 565.41015712
639 0.69806581 0.14926419 0.59073527 568.04044852
640 0.70102555 0.13899492 0.58067308 568.00301067
641 0.69736405 0.15267198 0.56989152 566.19005320
642 0.69752280 0.17260309 0.55385676 564.60523210
643 0.69615047 0.16742568 0.57702368 565.61763051
644 0.69602740 0.19074960 0.56977790 563.89451000
645 0.69821916 0.17638146 0.57997050 564.31229234
646 0.69749346 0.19630654 0.58401959 563.72041527
647 0.69386452 0.20346305 0.56555594 564.41713793
648 0.69589428 0.21072659 0.55890520 565.03099256
649 0.69608759 0.22345694 0.56501580 565.84706850
650 0.69621211 0.21599783 0.59731258 563.38956041
651 0.69305421 0.23860669 0.57870860 565.30980497
652 0.69773998 0.22339487 0.57540809 566.35125791
653 0.69633981 0.21102449 0.58340492 563.72894361
654 0.69827402 0.21009647 0.59066223 564.20524548
655 0.69934285 0.21106331 0.58725413 565.62370352
656 0.69206765 0.23650763 0.57786611 565.71411319
657 0.69412571 0.22622080 0.57757928 564.48181266
658 0.69103732 0.18429132 0.53554160 567.14239379
659 0.69429515 0.18631394 0.54120928 564.59952049
660 0.69266293 0.20745941 0.55959247 565.12609682
661 0.69208254 0.18921390 0.55700055 566.49306326
662 0.69288838 0.19022126 0.54856451 565.24134754
663 0.70202974 0.19299214 0.57421916 569.71598750
664 0.70287626 0.20460142 0.58048000 572.41237266
665 0.70106533 0.19190500 0.56854307 568.46474962
666 0.69544106 0.19211630 0.53887968 564.99213514
667 0.69891998 0.16354702 0.58292900 565.22645741
668 0.69450927 0.18527127 0.56635985 564.69438906
669 0.69150969 0.19505103 0.56117924 567.07429999
670 0.69405656 0.18994094 0.57133969 564.93575337
671 0.69918727 0.19091389 0.55650569 566.77073572
672 0.69808048 0.20361989 0.55748651 566.51238466
673 0.69484962 0.20089079 0.53580537 565.54133919
674 0.69353063 0.20375756 0.50927090 567.60979334
675 0.69181269 0.21049140 0.52203586 566.72519733
676 0.69408575 0.22413830 0.54560254 566.55307447
677 0.69441129 0.20849895 0.51311829 568.51373698
678 0.69375023 0.16849765 0.49759202 565.84308689
679 0.68992040 0.13987489 0.50984159 572.62784945
680 0.68796928 0.17894540 0.51918746 572.09429617
681 0.69033718 0.16834545 0.49436088 567.46314910
682 0.69452655 0.17791260 0.50819518 565.87403870
683 0.69576303 0.14845996 0.50206083 565.75199943
684 0.69469592 0.13855834 0.48667877 566.07911748
685 0.69318555 0.13513153 0.46522600 566.64004113
686 0.69550547 0.13782073 0.51190450 566.00292258
687 0.69868764 0.13767060 0.50474721 567.58376319
688 0.69356625 0.14568889 0.51950696 566.76463366
689 0.69227968 0.11687396 0.49191968 570.17888687
690 0.69844428 0.09231829 0.50095633 570.18065237
691 0.70031849 0.09708062 0.50889456 570.44131108
692 0.69903132 0.10441398 0.48347183 569.19689057
693 0.69566915 0.12478676 0.47778182 566.74013216
694 0.69881007 0.12756726 0.49171174 568.41381726
695 0.69803126 0.12709081 0.50866791 566.94996314
696 0.69348690 0.16522580 0.51913675 565.39583049
697 0.69580285 0.18353507 0.52266753 565.86067057
698 0.69811498 0.16668526 0.52044126 567.06127167
699 0.69517504 0.17308024 0.55352488 564.68514015
700 0.69868483 0.19425914 0.55125790 567.01402421
701 0.69005506 0.18338022 0.51931216 567.84367268
702 0.69286713 0.16403521 0.53578502 566.56075326
703 0.69274413 0.14336391 0.52387344 568.38807367
704 0.69197498 0.15967004 0.55312234 570.28238091
705 0.69078057 0.19348018 0.58595034 571.25493502
706 0.69773376 0.19701385 0.55456623 565.75850051
707 0.69547561 0.21517067 0.55991070 565.08723268
708 0.69853768 0.19876222 0.57901778 564.60008741
709 0.69556711 0.19335265 0.58489940 564.08185528
710 0.69943266 0.18386694 0.61313949 564.40782896
711 0.70068381 0.19896973 0.60592119 564.84436057
712 0.69872249 0.21022955 0.61945602 563.22658588
713 0.69991871 0.19924071 0.64033850 564.01250315
714 0.69741158 0.21397256 0.61884492 563.09873920
715 0.69568672 0.19132816 0.58905571 564.27808579
716 0.69650083 0.20436618 0.60898700 563.63149521
717 0.69427257 0.22250225 0.58447503 564.11541752
718 0.69467732 0.23735762 0.59707408 564.14618335
719 0.69892366 0.18216946 0.58810665 564.23711802
720 0.69616595 0.17772219 0.56082799 564.24293520
721 0.69706197 0.18570685 0.54787978 564.95271595
722 0.69345102 0.17600718 0.51407624 565.34629095
723 0.69384132 0.17218196 0.54647868 565.40516775
724 0.69276382 0.17345754 0.52615061 565.61144372
725 0.69738851 0.15888283 0.53994827 565.08191639
726 0.70260254 0.14639030 0.55163097 569.74142917
727 0.70316843 0.14866970 0.56717250 569.56000663
728 0.69663633 0.15138723 0.57875813 567.72178142
729 0.69659834 0.14737906 0.56035575 566.72097768
730 0.69419764 0.13222580 0.54464980 570.60882716
731 0.69813201 0.14779910 0.54304255 565.68096568
732 0.69971605 0.15790531 0.56306384 565.75390461
733 0.69510119 0.14786643 0.55498589 567.59390884
734 0.70070056 0.14863519 0.58367473 566.92284005
735 0.70099146 0.16752813 0.59893247 565.73540642
736 0.70176851 0.16693092 0.59816204 566.28457687
737 0.69545100 0.17070536 0.60889008 569.39327032
738 0.70520805 0.14815482 0.59910658 571.13900717
739 0.69829818 0.12739514 0.57612748 570.64054332
740 0.70501964 0.13010618 0.61618559 573.03618241
741 0.70725039 0.14406930 0.62100297 574.06488534
742 0.70538746 0.12768740 0.62205693 574.12699698
743 0.69524898 0.14381780 0.59382162 573.99881065
744 0.70042040 0.11740682 0.60697475 576.15546130
745 0.70382667 0.13354703 0.61454215 571.71418999
746 0.69927918 0.13068895 0.60741889 573.56389939
747 0.70372840 0.16036527 0.60396542 568.42989569
748 0.70267222 0.15619189 0.60807862 567.70180430
749 0.70187961 0.14884673 0.60386716 568.03440437
750 0.69559334 0.14173837 0.60836505 577.02465668
751 0.69832442 0.13077600 0.60952120 575.33977303
752 0.70797290 0.15072390 0.62243638 575.06025929
753 0.70698977 0.15673822 0.60201902 574.45313651
754 0.69737955 0.14709245 0.61919952 573.88512256
755 0.69766742 0.16320975 0.61969618 569.25601671
756 0.69872183 0.19453429 0.61747098 563.79592189
757 0.69429693 0.22013318 0.59029110 564.01979564
758 0.69202016 0.22289766 0.57936612 565.68624779
759 0.69299842 0.20198441 0.58274066 565.74308082
760 0.70249871 0.21478223 0.62047880 567.10670251
761 0.69593342 0.20868060 0.59462116 563.49007346
762 0.69294205 0.21816805 0.56213707 565.03250974
763 0.69261515 0.24001403 0.57261220 565.80991742
764 0.69650476 0.22016523 0.56976692 565.35369463
765 0.69358041 0.22353294 0.57390967 564.63156959
766 0.69409590 0.17877742 0.56907471 565.75454274
767 0.69722984 0.18513642 0.58709730 563.96801561
768 0.69921374 0.17603222 0.60450063 564.79977958
769 0.70126701 0.16520934 0.61718615 566.50367946
770 0.69812400 0.15680461 0.59422091 567.01513846
771 0.69968890 0.16666094 0.59043855 565.23307660
772 0.70113905 0.15912442 0.58811755 566.32358131
773 0.69945162 0.16790166 0.56007509 565.55208431
774 0.69958411 0.17183791 0.57207929 565.15356379
775 0.69794891 0.17951772 0.54078558 565.89391684
776 0.69690122 0.19163626 0.53424109 566.44580160
777 0.69158494 0.18850697 0.51658049 566.14039877
778 0.69493224 0.17728955 0.52578737 564.95666977
779 0.69113144 0.19263206 0.53604342 566.58884428
780 0.69163474 0.19380213 0.48239594 568.34376197
781 0.69426123 0.18666406 0.48522710 568.91981491
782 0.68634954 0.20936291 0.49982576 572.35698552
783 0.69588523 0.18755197 0.50354216 568.48913111
784 0.69825567 0.18140307 0.52366916 568.35984861
785 0.69563123 0.18877564 0.53564692 565.10674010
786 0.69690335 0.16950380 0.55691199 564.49550867
787 0.69459920 0.17336684 0.50489465 565.87336388
788 0.69572227 0.17598723 0.51429777 565.96363807
789 0.69682246 0.18534189 0.51532946 567.86649860
790 0.69183579 0.16497846 0.49589375 566.29610616
791 0.69239389 0.18077321 0.51035815 565.78809788
792 0.69286716 0.19153220 0.51726689 565.75094045
793 0.69533417 0.19653483 0.50579435 568.77017699
794 0.68982979 0.21826975 0.52803271 567.87129812
795 0.69215407 0.20676209 0.53853041 565.69067231
796 0.69669883 0.21252673 0.56309477 565.39452697
797 0.69732025 0.18561915 0.57751996 563.91381612
798 0.70254662 0.17832005 0.61503830 566.23602380
799 0.69978771 0.18333722 0.62294634 564.77772998
800 0.69778525 0.18454609 0.58737763 563.95065664
801 0.70001844 0.15223059 0.58982607 566.66856716
802 0.70142567 0.18206171 0.59064162 566.12502132
803 0.70099942 0.18602268 0.59021272 565.76397662
804 0.70006598 0.17871335 0.57574405 565.45357415
805 0.69604794 0.19350337 0.56850547 563.89074893
806 0.69465182 0.19878653 0.55628784 564.29709059
807 0.70108011 0.18104855 0.56972862 567.33523584
808 0.69736602 0.17479013 0.57544231 564.34511034
809 0.69757279 0.18452557 0.55549925 564.76045796
810 0.70005218 0.18007247 0.56212802 566.51113047
811 0.69133037 0.16845622 0.53291637 567.99670073
812 0.69320110 0.16678755 0.53075042 565.75081818
813 0.70015616 0.16151309 0.54676029 566.99106891
814 0.69471541 0.17371540 0.54254066 564.69415047
815 0.69598163 0.13183410 0.52118334 566.66496679
816 0.70142652 0.11406668 0.54121951 569.88847387
817 0.69915684 0.11784149 0.56245401 570.43269324
818 0.70070880 0.14364230 0.55303784 567.22219655
819 0.69935783 0.17014928 0.55826233 565.59772284
820 0.69750882 0.16892277 0.55410278 564.63427329
821 0.70054846 0.17097409 0.57272260 565.97572426
822 0.69818409 0.15573440 0.54357592 565.38940300
823 0.69531826 0.15896875 0.55788472 566.04224021
824 0.69541416 0.20553041 0.54463032 565.50120849
825 0.69367878 0.18675527 0.55894299 565.01492590
826 0.69389119 0.18084190 0.53957098 564.80752482
827 0.69152198 0.21047308 0.53054878 566.37898407
828 0.69138629 0.20203701 0.51882701 566.51794421
829 0.69633891 0.15011672 0.52364082 565.34593904
830 0.68777360 0.17951708 0.52893524 573.57466906
831 0.69143348 0.21078558 0.54121442 566.15064159
832 0.70103479 0.21581069 0.59395107 567.95914734
833 0.69043736 0.20106209 0.54435388 567.37365101
834 0.69605258 0.16371817 0.54809092 564.81044034
835 0.70096797 0.16808487 0.56639206 566.79896353
836 0.70045681 0.16133723 0.57740625 565.85774001
837 0.69918879 0.14007148 0.55092790 566.54193729
838 0.69930064 0.15536786 0.53088789 566.92712746
839 0.69684759 0.18487296 0.56968930 563.97822059
840 0.69814092 0.17369885 0.55942849 564.70280194
841 0.69859702 0.20120037 0.55701477 566.98383331
842 0.69515490 0.20430540 0.52884321 566.73459854
843 0.69239699 0.21024503 0.53000014 566.15787748
844 0.69622677 0.21756012 0.54710258 567.32037259
845 0.69719803 0.21889159 0.57222393 565.58702690
846 0.69793212 0.17660274 0.57509570 564.26948952
847 0.69760162 0.17680750 0.56869130 564.25671201
848 0.69411911 0.19554608 0.57353291 564.61343077
849 0.69371749 0.21042314 0.54824274 565.08611885
850 0.69366727 0.21022641 0.53335759 566.05728271
851 0.70154570 0.19028077 0.56291041 570.00577231
852 0.68911329 0.22839830 0.54657939 568.70259470
853 0.69296552 0.21913174 0.53878201 566.26996341
854 0.69404143 0.18295045 0.50396857 566.32871787
855 0.69120941 0.18107839 0.51977278 566.56797634
856 0.69323542 0.17320456 0.50205739 565.74951639
857 0.69270401 0.15618071 0.49492776 566.01270062
858 0.69444026 0.14804595 0.47799130 566.41591309
859 0.69140107 0.16539930 0.47606081 566.88997349
860 0.69518530 0.14350338 0.49211235 565.94454852
861 0.69435681 0.17127306 0.49970322 566.01404571
862 0.69199541 0.17901373 0.49387268 566.44407589
863 0.69092941 0.17174468 0.48624409 566.92452887
864 0.69544082 0.16719739 0.49435974 566.85151367
865 0.69627707 0.15052762 0.49826648 566.23729537
866 0.69520832 0.14083002 0.48255899 566.32068291
867 0.69546042 0.16151102 0.48685829 567.12666293
868 0.69794426 0.16225434 0.50958056 567.61276676
869 0.69867397 0.14673629 0.52666924 566.39864643
870 0.69888323 0.17457912 0.56764048 564.83339896
871 0.69436567 0.18116927 0.55146338 564.65148179
872 0.69546648 0.19873608 0.57750484 563.82331093
873 0.69670416 0.22717869 0.60069841 563.68353194
874 0.69831332 0.23368834 0.62563207 563.34909622
875 0.69681151 0.22781702 0.64100100 563.15149939
876 0.69895885 0.23246114 0.63612592 563.10199635
877 0.69634417 0.26671785 0.67333054 563.02301683
878 0.69668674 0.27780369 0.67887053 563.03977536
879 0.70195874 0.22332078 0.68062228 563.64555295
880 0.70283523 0.20448660 0.64970109 565.04488082
881 0.69915801 0.21760217 0.62860609 563.15531934
882 0.69735502 0.21565291 0.60950153 563.16141434
883 0.69650940 0.22457212 0.64199973 563.58025433
884 0.70078841 0.23678124 0.65355965 563.62644770
885 0.69935983 0.23772707 0.65244728 562.80638368
886 0.69423233 0.26259132 0.66174147 564.58244165
887 0.70389311 0.27171122 0.70800515 565.78703520
888 0.69478724 0.29814051 0.70696059 564.75871139
889 0.69668733 0.32110428 0.73331247 563.95875501
890 0.69295694 0.28594187 0.70280228 567.99057823
891 0.69308005 0.26443947 0.67790871 567.36233425
892 0.69531737 0.24117234 0.66902070 565.23939784
893 0.70109920 0.23177235 0.66971129 563.09749733
894 0.70018975 0.24611681 0.69865485 562.70318727
895 0.69772806 0.26544888 0.69114657 562.58789365
896 0.69878897 0.25597485 0.70362300 562.83670796
897 0.69864229 0.27195952 0.69843814 562.34647715
898 0.69571667 0.24001321 0.65643328 563.93495118
899 0.70260047 0.20277105 0.63523750 565.36597270
900 0.70159622 0.18880302 0.59461802 566.31293890
901 0.69073770 0.21114640 0.59857975 570.15959238
902 0.69447374 0.18837124 0.56957019 564.63148886
903 0.69331659 0.19569405 0.55645157 564.85554058
904 0.69567263 0.18975742 0.55440182 564.21575991
905 0.69806162 0.19446144 0.58483834 563.87622028
906 0.69405653 0.21672605 0.59850977 564.37639459
907 0.70034662 0.16792517 0.56909586 565.93024953
908 0.69691842 0.14858748 0.54563949 565.64322772
909 0.69073009 0.16113173 0.53591867 570.40438991
910 0.70115638 0.15929669 0.55075210 567.96093690
911 0.70473893 0.12201910 0.56621205 572.78778161
912 0.69565769 0.14772756 0.56964501 568.51874971
913 0.70014157 0.13151746 0.54312813 567.56044939
914 0.70133990 0.11013904 0.54450146 570.37939005
915 0.70245393 0.10017295 0.52239886 572.10535746
916 0.70105745 0.11350505 0.53362850 569.59561918
917 0.69809456 0.13270195 0.54892973 567.23549968
918 0.69409688 0.15307562 0.48355947 566.15284328
919 0.69485102 0.16572442 0.50471604 565.63646526
920 0.69324461 0.14011777 0.50586264 566.90284197
921 0.69515112 0.15666633 0.49509781 565.99792603
922 0.69491774 0.16021259 0.48978692 566.39164688
923 0.69080741 0.15373122 0.47137952 567.26643158
924 0.69515303 0.12088085 0.44075941 568.38562845
925 0.68973976 0.11353023 0.43112351 569.60056534
926 0.69385406 0.08918203 0.41252918 568.90683940
927 0.69336545 0.10957378 0.42846654 567.96477192
928 0.69039469 0.12091924 0.43364526 568.52408725
929 0.69357418 0.12660213 0.45274996 567.05674773
930 0.69660066 0.08896305 0.45109570 569.05254090
931 0.69411381 0.10479995 0.44128703 567.81580157
932 0.68942813 0.14478966 0.43340271 568.76742802
933 0.69148660 0.12453467 0.46916086 568.35326392
934 0.68906056 0.14934995 0.47228929 569.46721010
935 0.69807615 0.15331551 0.47614080 571.24112801
936 0.69232340 0.13394989 0.46082954 566.94241218
937 0.69490603 0.14388717 0.47230641 566.84819504
938 0.69347222 0.13181666 0.51042019 567.95967864
939 0.69901971 0.12741613 0.51343342 567.46717307
940 0.69973290 0.13886934 0.52341161 567.56542343
941 0.69338314 0.14584255 0.51327471 566.58563367
942 0.69862521 0.15329288 0.53635069 565.92280834
943 0.69029280 0.17785917 0.54250970 569.54054507
944 0.69092018 0.18382044 0.56272170 569.57323338
945 0.69396455 0.18974562 0.57406185 565.16293507
946 0.69492526 0.22145052 0.59701578 563.70163236
947 0.69480260 0.22037882 0.59822447 563.76035296
948 0.69418988 0.20744155 0.62075488 566.48341605
949 0.69536082 0.19886819 0.60329808 564.60639025
950 0.69365560 0.20696610 0.63203949 568.89219511
951 0.69577569 0.19839896 0.64248383 567.98738600
952 0.69807781 0.22088438 0.60907159 563.51408342
953 0.69717938 0.21483000 0.62625113 563.22531837
954 0.69872491 0.19694609 0.61054050 563.59206345
955 0.69686934 0.18236500 0.60377889 565.09119886
956 0.70008340 0.17386146 0.62081980 565.67862234
957 0.70041081 0.19621127 0.64432590 564.39421231
958 0.69921825 0.20572329 0.63476612 563.45451359
959 0.69885686 0.18433005 0.59265018 564.10567475
960 0.69794176 0.19027742 0.61579844 564.29336019
961 0.70003904 0.21505292 0.59797764 565.79652637
962 0.69772691 0.24955309 0.64734388 562.85925046
963 0.70509277 0.21677936 0.65564275 568.24587384
964 0.69383723 0.22593581 0.62736218 565.48298382
965 0.70041235 0.23047787 0.64542245 563.49632665
966 0.70190517 0.26478413 0.68484913 564.50259468
967 0.70039132 0.24988113 0.66480066 563.32549170
968 0.70008717 0.24087071 0.68669084 562.67329354
969 0.70201510 0.22120082 0.69109619 564.06935355
970 0.70106318 0.21057086 0.64329734 563.77554547
971 0.69882192 0.20914215 0.65518567 564.17012406
972 0.69729089 0.22735274 0.63535448 562.87865389
973 0.69851527 0.27677310 0.66439967 564.19860281
974 0.70106249 0.26773461 0.68048795 564.19445529
975 0.69556772 0.25882302 0.68507556 564.50603420
976 0.69568862 0.26184556 0.67724069 563.72471558
977 0.69384229 0.29692281 0.70374669 565.85329669
978 0.69421934 0.29572904 0.71218880 565.83798554
979 0.69375846 0.29040779 0.70457899 566.33472152
980 0.69740481 0.30400199 0.70973805 563.39016193
981 0.69706133 0.28268433 0.69729840 562.86560881
982 0.69994924 0.26747573 0.67505122 563.54367416
983 0.69281739 0.27043469 0.66023077 566.06125638
984 0.69524147 0.28490709 0.63151903 566.31676019
985 0.69411625 0.25608535 0.65676214 564.78037245
986 0.69732882 0.28103444 0.64417522 565.81347458
987 0.69612718 0.25016008 0.60808620 564.70798672
988 0.69236524 0.25545392 0.59308225 566.00163041
989 0.69621191 0.24142771 0.57903962 566.69068099
990 0.68927915 0.20187799 0.54058169 568.97165084
991 0.68893528 0.21786373 0.53454720 568.80353651
992 0.68921086 0.23343932 0.53390940 568.95715166
993 0.68899837 0.24769016 0.52010060 571.28390426
994 0.68425353 0.24604231 0.53847289 577.77151416
995 0.68655589 0.22526667 0.56160370 574.78930649
996 0.69789266 0.20766926 0.52178315 572.37315893
997 0.68765282 0.19441456 0.51983054 571.32544837
998 0.69178740 0.15723940 0.51176303 567.12331484
999 0.69756398 0.15170548 0.50011935 567.31325317
1000 0.69115043 0.17356345 0.47044440 567.54906412
1001 0.69365685 0.11743249 0.47136695 567.34041748
1002 0.69622053 0.15162187 0.50841336 565.68909886
1003 0.69564299 0.15707427 0.50285794 565.79532553
1004 0.69584763 0.15847450 0.50629088 565.74425080
1005 0.69969993 0.15892882 0.51514077 569.36029565
1006 0.69743854 0.12877307 0.56920364 570.28642665
1007 0.69779435 0.13184807 0.55631338 568.00297197
1008 0.69740474 0.14265468 0.53884688 565.89841338
1009 0.69732462 0.15896883 0.53239577 565.27112463
1010 0.69603295 0.17840569 0.53509623 564.86475556
1011 0.69905279 0.15873499 0.54696141 565.78821156
1012 0.69624422 0.14680159 0.52568116 565.49363311
1013 0.69412981 0.14269579 0.50804765 566.11259690
1014 0.69847688 0.13710993 0.51357702 566.86222625
1015 0.69954392 0.14024890 0.54708955 566.65161807
1016 0.69524503 0.13875707 0.53763394 567.30838043
1017 0.69409935 0.15447306 0.52499168 565.76397251
1018 0.69353658 0.16602303 0.54118758 565.95427780
1019 0.69956878 0.13389132 0.52259913 567.46327907
1020 0.70080570 0.12772615 0.47505818 573.90660734
1021 0.70021751 0.12992054 0.46810702 573.91361351
1022 0.69385136 0.14835961 0.48384150 566.03961712
1023 0.69199220 0.14627130 0.49775727 567.16763195
1024 0.69293944 0.18707523 0.50354584 566.31058751
1025 0.69458687 0.17048305 0.51103488 565.38469928
1026 0.69508231 0.16914221 0.50945543 565.57893894
1027 0.69473250 0.15169012 0.51132805 565.43195586
1028 0.69807874 0.14154444 0.50377753 567.11114912
1029 0.68983507 0.16986634 0.46130753 568.22029167
1030 0.69069638 0.15095363 0.49622716 568.25132467
1031 0.70046665 0.16839581 0.53127215 569.65378165
1032 0.69279927 0.15052698 0.52965911 567.80248451
1033 0.69860049 0.12916063 0.49618299 567.89481253
1034 0.69527194 0.13192122 0.49896653 566.25832188
1035 0.69624190 0.15219074 0.50018909 566.14628036
1036 0.69705678 0.13938688 0.51250610 566.01856206
1037 0.69737319 0.17767429 0.50696715 568.78809941
1038 0.69211206 0.17549781 0.52850791 566.14064347
1039 0.69675943 0.15391960 0.49930440 566.68681209
1040 0.69570111 0.16768362 0.47874044 568.95769981
1041 0.69218946 0.19291945 0.49195210 567.52894881
1042 0.69557921 0.18846977 0.50350940 568.23871414
1043 0.68955452 0.19468403 0.49905413 568.02496652
1044 0.69238106 0.19368676 0.49369228 567.50480495
1045 0.69254311 0.19289018 0.48361113 568.51484776
1046 0.69293248 0.17164145 0.44836879 570.40028100
1047 0.69327044 0.16049213 0.43153121 571.56243527
1048 0.69131224 0.13975032 0.43887645 567.79106351
1049 0.69445296 0.17114514 0.42494613 576.86897961
1050 0.69299348 0.17019200 0.41880931 575.14412433
1051 0.68929844 0.17400267 0.45280082 569.06396102
1052 0.69096531 0.16006261 0.44727562 568.24058461
1053 0.68754937 0.16309773 0.44719050 570.34508373
1054 0.68801730 0.17443557 0.44536066 570.16944186
1055 0.68828208 0.20818125 0.47515333 570.71518780
1056 0.69150434 0.18563899 0.50433971 566.41068574
1057 0.68904053 0.19213325 0.50121804 568.50603948
1058 0.69001839 0.20911175 0.51876425 567.61754618
1059 0.69376382 0.19507748 0.51422973 566.34498896
1060 0.69130614 0.21806967 0.51809448 567.68667529
1061 0.69087542 0.22719013 0.51252058 569.17984815
1062 0.68957196 0.21853805 0.49419642 569.87211806
1063 0.69201108 0.20218762 0.48573749 569.17050605
1064 0.68636068 0.20146796 0.49503101 572.33150658
1065 0.68887651 0.19273752 0.48188507 568.96424061
1066 0.69079410 0.15550753 0.50931800 568.50676800
1067 0.69019949 0.16197969 0.51285590 569.02300660
1068 0.69691997 0.13085960 0.51852983 566.45537203
1069 0.69469060 0.14731562 0.52076940 565.82775238
1070 0.69483946 0.17014453 0.55552592 565.15652752
1071 0.69869547 0.16796005 0.56051748 564.99619203
1072 0.69873509 0.17258813 0.58568599 564.61097782
1073 0.69435080 0.19757331 0.56045030 564.28447953
1074 0.69363751 0.21474044 0.56812861 564.53309814
1075 0.69626866 0.23107318 0.58617772 564.77086861
1076 0.69976844 0.21774322 0.59814862 565.68439349
1077 0.69921285 0.20382358 0.61428685 563.53088534
1078 0.69934555 0.20269778 0.64628986 564.07688301
1079 0.69735092 0.24548357 0.63947957 562.92793635
1080 0.69940833 0.25219341 0.63276659 565.34246788
1081 0.69503985 0.24937800 0.62441477 563.68453413
1082 0.69901367 0.24427867 0.61955701 565.36719779
1083 0.69853579 0.21089848 0.59537847 564.12963076
1084 0.69437717 0.22189677 0.62134814 564.73756161
1085 0.70024074 0.24014896 0.63504393 564.75952505
1086 0.69851922 0.23883548 0.65138696 562.63010511
1087 0.70480066 0.23096440 0.66247884 568.17449662
1088 0.69666178 0.28038490 0.68105953 563.09432646
1089 0.70003019 0.26289999 0.70034277 562.30786085
1090 0.69853072 0.25625897 0.71782132 563.94305713
1091 0.69464739 0.26978078 0.71942921 568.45716368
1092 0.69346263 0.26329116 0.69601531 568.81957546
1093 0.69792908 0.24490447 0.69183875 563.65216003
1094 0.69960400 0.25030278 0.69970353 562.65369093
1095 0.69953954 0.27726405 0.71901625 562.24919796
1096 0.70612387 0.26729294 0.73504096 566.46445000
1097 0.70445582 0.27562905 0.71623817 566.28259726
1098 0.70256098 0.30498207 0.74297731 564.26033413
1099 0.69688409 0.30475596 0.74672720 564.02487964
1100 0.70059107 0.28273591 0.75165415 562.57498359
1101 0.69983808 0.30224390 0.74987508 562.38852586
1102 0.70071128 0.28451914 0.74301047 562.27543879
1103 0.70057527 0.28548363 0.75214199 562.47915021
1104 0.70158665 0.26698793 0.72603226 562.47151903
1105 0.69871664 0.28540212 0.70067671 562.72061257
1106 0.69881312 0.27603324 0.71756873 562.43051638
1107 0.69834374 0.30346295 0.70348198 563.85938438
1108 0.69839828 0.29943903 0.71306183 563.01466124
1109 0.70131302 0.29870919 0.72334719 563.93905712
1110 0.70197157 0.26809196 0.69573553 563.95179265
1111 0.69867348 0.22103478 0.65951748 563.35571795
1112 0.69617685 0.21827350 0.65534061 565.60061212
1113 0.69280442 0.23611580 0.63479395 566.72014107
1114 0.69669783 0.20820572 0.62534439 563.89017984
1115 0.70269324 0.22417173 0.63381300 566.86745730
1116 0.70125603 0.25694769 0.63562123 568.60574365
1117 0.69656963 0.23241908 0.63557778 562.99730200
1118 0.69324988 0.24137212 0.63114606 565.36814931
1119 0.69167097 0.24743366 0.63820563 568.01657495
1120 0.69946629 0.22759855 0.59486817 566.81023052
1121 0.70359493 0.23633650 0.60200932 576.68320113
1122 0.69691083 0.23564242 0.59593147 564.78430775
1123 0.69547742 0.23775134 0.61247131 563.52881557
1124 0.68870463 0.22827154 0.58440154 571.28398266
1125 0.69997052 0.23225358 0.59182366 568.82322813
1126 0.69033473 0.25447616 0.58652814 567.71082126
1127 0.68961937 0.27942920 0.58407865 570.05842553
1128 0.69318041 0.27215756 0.58249451 568.78020184
1129 0.69566246 0.26961817 0.61291209 566.34625159
1130 0.69346005 0.25451499 0.59892691 565.30366589
1131 0.69907944 0.24560530 0.64776733 563.17862463
1132 0.69786193 0.27460105 0.64635307 565.14426584
1133 0.69307747 0.28244597 0.66627216 565.67000970
1134 0.69541182 0.30654444 0.71605156 564.34970852
1135 0.69656884 0.30894081 0.72310844 563.62314597
1136 0.70006179 0.31946883 0.70573859 567.57560105
1137 0.70080018 0.30009174 0.72790103 563.30200625
1138 0.70092552 0.30906576 0.72234824 564.89428380
1139 0.69919402 0.32593947 0.73368915 564.57325759
1140 0.69904264 0.32129164 0.74372458 563.39171731
1141 0.69514986 0.33668293 0.76929534 566.45267430
1142 0.69755989 0.33810146 0.77943791 564.15969386
1143 0.70213676 0.33614846 0.80563697 563.03180752
1144 0.70203585 0.34777247 0.79866847 564.19633260
1145 0.70112152 0.36540381 0.81019263 564.88616024
1146 0.70210120 0.34422143 0.79886464 563.86641796
1147 0.70075449 0.33482230 0.79855645 562.92704432
1148 0.70223873 0.31131350 0.79604453 562.65354438
1149 0.70618637 0.28342930 0.80747159 564.80428983
1150 0.70043797 0.31693521 0.78973507 562.82471446
1151 0.70499676 0.31581756 0.79256684 564.33903200
1152 0.70215462 0.29871320 0.79500431 563.17296289
1153 0.70055643 0.30073063 0.78044135 563.00747461
1154 0.70382772 0.31221737 0.80547102 562.96728114
1155 0.70028407 0.32610907 0.78570627 562.76956705
1156 0.69724807 0.31375564 0.80349382 568.39817827
1157 0.69931390 0.33037612 0.78490627 563.12332650
1158 0.70424268 0.29170900 0.77159853 563.33117526
1159 0.70197207 0.28325745 0.77686967 563.30524339
1160 0.69943586 0.30132281 0.77161262 563.23606075
1161 0.69917191 0.27999257 0.74649043 563.31491555
1162 0.70276566 0.25300738 0.72247109 563.11886886
1163 0.70152268 0.26554045 0.75128734 563.39121254
1164 0.70895075 0.23999322 0.74758730 569.41728254
1165 0.70784659 0.25698174 0.76246641 567.10014605
1166 0.70981570 0.29331899 0.80317883 569.51141598
1167 0.70941094 0.29492754 0.79921248 569.17011681
1168 0.70484498 0.26748162 0.80255222 566.18819629
1169 0.70453368 0.28988431 0.77311556 563.47712836
1170 0.70045106 0.27129092 0.74471639 563.01074513
1171 0.70182155 0.24398157 0.72213279 563.53089298
1172 0.69976230 0.27427845 0.71678938 562.23545252
1173 0.69661375 0.25509985 0.69934226 564.66260701
1174 0.70638027 0.26349062 0.74522038 565.91395067
1175 0.70489292 0.29194880 0.74063586 566.29864916
1176 0.69901634 0.30236266 0.76100274 562.94379971
1177 0.69857473 0.28841791 0.76231711 564.44691905
1178 0.70229754 0.30374038 0.76099619 562.81295723
1179 0.70397653 0.29011968 0.77735121 563.07167720
1180 0.69727973 0.29437681 0.80766534 573.00969644
1181 0.70565688 0.34520714 0.83191583 565.12692275
1182 0.70361637 0.32863164 0.83166138 563.16758165
1183 0.70326660 0.32879781 0.85102220 564.23703986
1184 0.70565873 0.31364781 0.84207223 564.23270425
1185 0.70542601 0.30671183 0.82460084 563.87862986
1186 0.70390140 0.33829756 0.82595053 563.39335763
1187 0.70174241 0.34680929 0.83393786 563.31814224
1188 0.69981357 0.35260300 0.83139807 564.18231371
1189 0.70450396 0.32952954 0.79577101 564.81065537
1190 0.70809839 0.29208599 0.83404756 566.19958114
1191 0.70460279 0.29444747 0.83525283 565.82621499
1192 0.70827211 0.28784426 0.80764614 566.42658286
1193 0.71136058 0.31635509 0.80670953 576.31151148
1194 0.71057854 0.27999875 0.81578950 569.56404090
1195 0.70737219 0.30071560 0.81234669 565.38040407
1196 0.69980923 0.30764959 0.81721390 566.70216811
1197 0.70202794 0.31076812 0.79073317 562.56807279
1198 0.70049817 0.29944091 0.76546992 562.46805464
1199 0.69778145 0.33468597 0.73058967 565.24579793
1200 0.69705694 0.32157187 0.73154336 563.89151598
1201 0.70048724 0.28106216 0.76852952 563.82176218
1202 0.70588747 0.26504419 0.76198074 564.76844527
1203 0.70220366 0.26138270 0.74484615 563.18352593
1204 0.70425278 0.27098948 0.77188962 563.72054643
1205 0.70623776 0.27562177 0.77353446 564.85028896
1206 0.70353612 0.26976904 0.76689493 563.50965681
1207 0.70464193 0.26722194 0.77438968 564.15680932
1208 0.69995046 0.25676139 0.75798288 566.77869239
1209 0.70473165 0.25265340 0.75799236 564.63775097
1210 0.70080374 0.27008921 0.75813267 563.86970100
1211 0.69743573 0.28308604 0.74560314 564.88025166
1212 0.70307674 0.26105414 0.72033231 563.28101705
1213 0.70043074 0.28221884 0.69219321 563.99424133
1214 0.69900843 0.26459176 0.71388479 562.66437824
1215 0.70108010 0.29091554 0.71110942 563.91585491
1216 0.69543782 0.32237950 0.70920545 565.13693727
1217 0.69713759 0.33167459 0.69833829 567.61382193
1218 0.69493252 0.31076127 0.70797171 564.76693384
1219 0.69848140 0.30635093 0.73365199 562.79543357
1220 0.69995143 0.30275351 0.72662912 563.09286943
1221 0.69987415 0.29323314 0.71800003 562.81132252
1222 0.70052566 0.28357448 0.71822559 562.54235044
1223 0.69850792 0.28890044 0.72163572 562.47284009
1224 0.70218381 0.30145038 0.72409042 565.20983299
1225 0.69575107 0.31637121 0.70087717 564.89503071
1226 0.69520839 0.32468924 0.71932386 565.12906063
1227 0.69253062 0.32266828 0.72312328 568.30674696
1228 0.69317930 0.30813494 0.68573640 566.21900254
1229 0.69293189 0.29582192 0.68814803 566.45688438
1230 0.69607489 0.30819779 0.67460801 565.79254166
1231 0.69139479 0.28714674 0.66519819 568.01583518
1232 0.69896036 0.28292481 0.67132119 564.64809994
1233 0.69543351 0.28887364 0.66935992 564.14721478
1234 0.69817099 0.28462307 0.68214275 563.43244371
1235 0.69668889 0.27723845 0.68462056 562.96163500
1236 0.69650919 0.24857096 0.68497313 564.25593211
1237 0.69653163 0.25189170 0.66771214 563.08606245
1238 0.69707761 0.24610104 0.69634989 564.82958606
1239 0.70496942 0.23077142 0.72678744 565.40020642
1240 0.70121032 0.25945774 0.73330796 562.98141996
1241 0.70031987 0.26272848 0.72625642 562.72015615
1242 0.70322162 0.28870931 0.73387435 564.16050226
1243 0.70331247 0.27732712 0.76144921 562.94942128
1244 0.70497003 0.27157066 0.74495929 564.40425432
1245 0.70311281 0.29831927 0.75981455 563.13670950
1246 0.69876784 0.30464118 0.73488750 562.67907919
1247 0.69949293 0.30622327 0.72569513 563.21856986
1248 0.69577037 0.31334462 0.72966528 564.34265471
1249 0.70169895 0.27891232 0.75204686 562.52496165
1250 0.70003327 0.27219479 0.76001699 564.47923648
1251 0.70080954 0.26744801 0.74899023 563.42049047
1252 0.69940348 0.25807383 0.74788385 565.90041468
1253 0.70255709 0.30203471 0.75103176 563.38542168
1254 0.70172193 0.29160623 0.76589460 562.45381362
1255 0.69574956 0.31236736 0.75807348 565.90712074
1256 0.69740333 0.31540387 0.75145319 563.50769258
1257 0.69656843 0.32968205 0.77192678 564.89513954
1258 0.70391720 0.34045758 0.81169003 564.15617535
1259 0.69798996 0.36075893 0.78002986 565.27057089
1260 0.69930524 0.35296632 0.77528276 564.86551240
1261 0.69970373 0.34424662 0.75116830 565.92256694
1262 0.70256631 0.33252773 0.76367068 565.85237422
1263 0.69997520 0.34627577 0.73781537 568.20894842
1264 0.69719871 0.35725836 0.72638000 569.06004911
1265 0.69259256 0.36355713 0.73197771 569.91423588
1266 0.69347282 0.36183327 0.74519663 568.66144922
1267 0.70311517 0.35240059 0.77250079 569.22393291
1268 0.70264335 0.30435054 0.78281433 562.57753294
1269 0.69962562 0.27584599 0.77724001 566.55845770
1270 0.70285770 0.28630944 0.77110835 562.74977069
1271 0.70542719 0.30611161 0.79454774 564.09651052
1272 0.70594930 0.31139746 0.79718832 564.86660417
1273 0.70717359 0.29377509 0.81915734 565.15190653
1274 0.70344137 0.30894307 0.81446537 563.23054195
1275 0.70436974 0.29893017 0.81283992 563.66488456
1276 0.70736663 0.30902263 0.82538129 565.19034941
1277 0.70547671 0.31142479 0.82661303 563.79728047
1278 0.70775476 0.29453979 0.80739099 565.86883567
1279 0.70908546 0.28941335 0.82577815 567.12524035
1280 0.70762428 0.28868492 0.82840488 565.93055824
1281 0.70794482 0.30080708 0.81030257 566.20570596
1282 0.70455488 0.29580765 0.82079386 564.36574134
1283 0.70988883 0.31920308 0.81343555 571.58353809
1284 0.70695917 0.32846942 0.84641380 564.76951296
1285 0.70720848 0.32549745 0.88010577 565.70562326
1286 0.70494516 0.33120083 0.86656536 564.52213782
1287 0.70577251 0.35010151 0.85967435 564.31639197
1288 0.70571242 0.34387332 0.85734929 564.09031273
1289 0.70485778 0.33761859 0.86157355 563.92509009
1290 0.70574756 0.34497111 0.84509045 564.47335572
1291 0.70047516 0.33643660 0.83939268 564.94218239
1292 0.70170299 0.34102724 0.83351228 563.36781749
1293 0.69903595 0.35370428 0.85466804 566.92639173
1294 0.69798625 0.35429637 0.84360178 567.33367443
1295 0.70645190 0.33675867 0.84511499 564.65418337
1296 0.70026171 0.33434211 0.81716937 563.61856220
1297 0.70166546 0.33678558 0.86678590 566.53893481
1298 0.69882009 0.34387820 0.84548706 567.20828268
1299 0.70374372 0.34124603 0.82529069 563.47541757
1300 0.70449640 0.35538988 0.85375716 563.92087340
1301 0.70091524 0.37232899 0.85862137 564.45998791
1302 0.70514366 0.36913514 0.86651734 564.86207782
1303 0.70437701 0.35349321 0.85381001 563.77858131
1304 0.70455110 0.34835601 0.86451395 563.79140140
1305 0.70061792 0.35473599 0.84663250 564.29579768
1306 0.69990386 0.35415925 0.85492297 565.67899603
1307 0.70307033 0.33346170 0.85526231 564.31857685
1308 0.70532289 0.35545238 0.87395894 564.13286138
1309 0.70907855 0.34046808 0.89050542 566.44225263
1310 0.70992623 0.32963356 0.87966751 567.36724015
1311 0.70440353 0.36053403 0.88511390 564.29252796
1312 0.70064780 0.34702900 0.84591739 564.56076271
1313 0.69913639 0.37612059 0.86656382 566.40984391
1314 0.70015283 0.37480327 0.83285575 564.65726017
1315 0.69975352 0.34620698 0.82160209 563.89102464
1316 0.70487231 0.33137453 0.83508498 563.52781052
1317 0.70073450 0.32131717 0.78605410 562.62824091
1318 0.69611226 0.35759468 0.76123799 566.12529762
1319 0.69392718 0.34402984 0.73695963 567.09471200
1320 0.69448232 0.34850360 0.70801207 568.41948107
1321 0.69304492 0.36433086 0.69969435 571.85539680
1322 0.69835230 0.34933834 0.74195758 566.66637112
1323 0.69892494 0.35809024 0.76665983 566.03603410
1324 0.70009216 0.35504231 0.76890085 566.15908446
1325 0.69468727 0.34606914 0.73871918 566.54811267
1326 0.69958670 0.33683758 0.73300479 566.59889600
1327 0.69804268 0.32536907 0.75746797 563.37703036
1328 0.70375006 0.32651069 0.77842206 565.02674707
1329 0.70143762 0.33375057 0.80516765 562.85696949
1330 0.70090353 0.30840520 0.79448072 563.15424825
1331 0.70089943 0.29121910 0.79118932 564.42693119
1332 0.69865516 0.29812053 0.76111397 563.44759472
1333 0.69990004 0.29745854 0.76380920 562.72240189
1334 0.70257599 0.28898679 0.75864226 562.57506819
1335 0.69688847 0.29211974 0.77037104 567.60729038
1336 0.70621649 0.29686401 0.78199337 565.18295844
1337 0.70605593 0.33175321 0.84348958 564.16812450
1338 0.70508110 0.32269310 0.84576492 563.87563012
1339 0.70355125 0.33288128 0.86778032 565.16676418
1340 0.70534475 0.36403707 0.88970691 564.42907347
1341 0.70193949 0.36377277 0.89002865 565.98199487
1342 0.70700929 0.34999760 0.88217117 564.89908901
1343 0.70558882 0.39786262 0.91301612 565.87545179
1344 0.70276157 0.41016081 0.91483741 566.09968394
1345 0.70322558 0.39792329 0.90528663 565.36850762
1346 0.70233316 0.35370740 0.87513565 564.98549060
1347 0.70626518 0.36144198 0.85719838 565.78845085
1348 0.70069154 0.38832958 0.83695322 565.86279965
1349 0.69745265 0.36610225 0.81360849 565.55800418
1350 0.69452038 0.37756271 0.79989712 568.81775708
1351 0.69537791 0.38547419 0.82698929 568.89154576
1352 0.70199748 0.35891940 0.81572072 564.31277867
1353 0.70444416 0.31734490 0.77428123 565.22790717
1354 0.69771914 0.30504497 0.76756260 564.44819702
1355 0.70116468 0.25232204 0.75320169 565.49912850
1356 0.70432378 0.24319588 0.77351308 567.22954417
1357 0.70272077 0.22451067 0.76248119 571.25192021
1358 0.70606894 0.19118791 0.73862687 573.31028709
1359 0.70202872 0.21739726 0.73457538 568.98933492
1360 0.70386047 0.23255210 0.72785996 564.89395530
1361 0.69643740 0.28962104 0.73125842 564.40865142
1362 0.70153728 0.27322597 0.69853612 563.70692446
1363 0.69786673 0.27451350 0.69303855 562.52654017
1364 0.69706954 0.28461507 0.68876221 563.01257367
1365 0.69898493 0.27453672 0.68169138 563.03388791
1366 0.70124559 0.27178624 0.69995354 563.23210182
1367 0.70042913 0.24997689 0.71600998 563.09622323
1368 0.69974243 0.26916711 0.72789030 562.64562376
1369 0.70213011 0.25950740 0.70050050 563.26316752
1370 0.70066493 0.25616426 0.68892144 562.64550547
1371 0.69777182 0.25019328 0.67837992 562.73193210
1372 0.70414946 0.22190407 0.65485151 566.98159840
1373 0.70590513 0.23041231 0.66301605 570.46478662
1374 0.70487856 0.24749436 0.65610968 571.65481451
1375 0.69557218 0.25380431 0.64209737 563.32018649
1376 0.69468999 0.23610946 0.65441836 565.40984398
1377 0.69784609 0.25214419 0.66911090 562.51771185
1378 0.69535030 0.24339473 0.65909249 564.23954079
1379 0.69596557 0.23298937 0.65952227 564.46733584
1380 0.69522107 0.26367978 0.66118184 563.60869833
1381 0.70052691 0.27232934 0.66277892 565.99555854
1382 0.69605621 0.26364136 0.68557730 563.66103336
1383 0.70341842 0.23982568 0.66863652 565.87443152
1384 0.69224107 0.27325512 0.66253837 566.96911644
1385 0.69506835 0.24679787 0.67777753 565.80365072
1386 0.70080939 0.21602695 0.69179529 564.98611117
1387 0.70217786 0.23862801 0.69926614 563.23732243
1388 0.70052371 0.24562623 0.69273176 562.59187978
1389 0.69863580 0.27691592 0.71512135 562.43022301
1390 0.69533109 0.28081058 0.67826959 563.73118763
1391 0.69785000 0.26498052 0.69438639 562.60710167
1392 0.70151650 0.27224458 0.70487842 563.18712675
1393 0.69966671 0.29637768 0.69507727 564.66827998
1394 0.70196469 0.29251213 0.69430095 567.26121311
1395 0.70335372 0.29651911 0.70199324 569.51481388
1396 0.69371963 0.30331693 0.73417416 568.04786121
1397 0.69462678 0.30657445 0.73773366 566.43503630
1398 0.69924825 0.27577523 0.73448741 562.83713030
1399 0.69671609 0.28218796 0.71500597 563.54393900
1400 0.69746692 0.27348868 0.72727945 564.14715115
1401 0.70294968 0.28728580 0.72518623 564.41771848
1402 0.70416865 0.27404671 0.76260452 563.38099655
1403 0.69977136 0.28894208 0.75221301 562.66724250
1404 0.70529588 0.25683251 0.74862221 564.53306755
1405 0.70259801 0.25196979 0.74737443 564.11272835
1406 0.70393610 0.25943880 0.75124957 563.69593187
1407 0.70092449 0.28002349 0.77618199 564.26477868
1408 0.70178719 0.29664551 0.76534635 562.38471760
1409 0.70229521 0.30743896 0.76352294 562.91112756
1410 0.70216718 0.31213277 0.76772161 562.93557591
1411 0.69855490 0.31294787 0.76555177 563.13694695
1412 0.69902615 0.32009169 0.77910513 563.16439185
1413 0.69814425 0.31350360 0.78877165 565.05989540
1414 0.70753115 0.29810025 0.76806805 568.99239789
1415 0.69799209 0.30894146 0.77687272 564.57346211
1416 0.69749283 0.31555754 0.75326618 563.48716590
1417 0.70005963 0.33976473 0.74285581 566.43653016
1418 0.70144260 0.32411206 0.74215810 565.54443111
1419 0.70482148 0.31738058 0.74336932 570.02174961
1420 0.70048427 0.34133307 0.73928226 567.68838192
1421 0.69690672 0.36138703 0.71363717 571.47845569
1422 0.69339430 0.35910078 0.69894356 570.98175268
1423 0.69127461 0.35429517 0.71865977 570.85518938
1424 0.70028375 0.33358991 0.74140685 565.81292741
1425 0.69954837 0.33262274 0.74876330 564.41342730
1426 0.69314974 0.34268834 0.74625741 568.25632706
1427 0.70281980 0.33450590 0.77240724 565.52563242
1428 0.70024896 0.36916967 0.78717272 566.75400906
1429 0.69601373 0.36088333 0.76844814 566.25823499
1430 0.69648494 0.36886667 0.79505940 566.21763705
1431 0.69975853 0.36470713 0.81097021 564.42819524
1432 0.69976881 0.34782859 0.79384014 563.65011805
1433 0.69898335 0.32181564 0.79013531 563.65330140
1434 0.70079325 0.32449279 0.78077498 562.72072728
1435 0.70126420 0.29121790 0.77711768 563.03935774
1436 0.70211462 0.30080541 0.75970856 562.62805605
1437 0.70038504 0.30398090 0.77500263 562.68843343
1438 0.70089003 0.32200350 0.78777710 562.62786197
1439 0.70402037 0.31643487 0.76068630 565.89026282
1440 0.70507319 0.30918973 0.76982545 565.62062132
1441 0.70197563 0.29033496 0.78476675 563.23741425
1442 0.70010443 0.27691500 0.76501900 564.32020986
1443 0.69534499 0.25580273 0.72367699 570.10592536
1444 0.69607946 0.26150462 0.72383939 567.48748223
1445 0.69496024 0.27388580 0.72147582 567.47371247
1446 0.70205494 0.25856529 0.74107241 563.23897648
1447 0.70093952 0.30692813 0.74584897 562.90472203
1448 0.69890921 0.28212350 0.67939841 563.79667242
1449 0.70086666 0.26144198 0.67230616 564.09335873
1450 0.69938123 0.25292922 0.67151398 562.58257646
1451 0.69584126 0.25909251 0.65813223 563.20307761
1452 0.69892396 0.25018132 0.66379708 562.60724197
1453 0.70145316 0.25574346 0.67702210 563.85760953
1454 0.69901275 0.22538625 0.66178760 563.01813430
1455 0.70056334 0.22985184 0.64571339 563.57529075
1456 0.69640861 0.22240269 0.64670384 564.11346169
1457 0.69122976 0.24710496 0.63168350 568.34119793
1458 0.69412012 0.21925864 0.60638451 564.46184976
1459 0.70150302 0.18511373 0.59818849 565.82182627
1460 0.70245666 0.18684817 0.59963587 567.05496418
1461 0.69466700 0.19674669 0.60305982 565.56283070
1462 0.69420002 0.22960564 0.62196868 564.45624265
1463 0.69729571 0.23840902 0.62192799 563.35541986
1464 0.70054220 0.23521478 0.65527719 563.27573091
1465 0.70134787 0.22069782 0.61061924 566.94117147
1466 0.69567797 0.21889680 0.64094673 564.84155037
1467 0.69471610 0.25248181 0.62440997 563.89212750
1468 0.69288817 0.25172711 0.58757787 565.81745000
1469 0.68872032 0.26461635 0.61075885 570.84957592
1470 0.69343936 0.27258250 0.64455883 564.95503607
1471 0.69435782 0.26674288 0.64271228 564.18374121
1472 0.69553987 0.25528063 0.63244280 563.56992335
1473 0.69343856 0.26752047 0.61926625 565.28255659
1474 0.69140005 0.26751530 0.61049782 566.84474253
1475 0.68951758 0.27754873 0.61240397 569.43224497
1476 0.69525611 0.27121175 0.62940690 564.86492199
1477 0.69565614 0.26739179 0.61588929 565.72874356
1478 0.69185122 0.26348968 0.61416426 566.24549080
1479 0.69816096 0.25400283 0.60191294 567.99767291
1480 0.69226267 0.27003926 0.64849411 566.34431642
1481 0.69662556 0.25862991 0.61501348 565.33137066
1482 0.69538002 0.24580182 0.62532145 563.46660884
1483 0.69616062 0.23956920 0.61411425 563.53270434
1484 0.69965038 0.23173292 0.64481765 563.06982956
1485 0.69777856 0.21006789 0.62385814 563.22100567
1486 0.70350834 0.19562588 0.61024463 568.37919908
1487 0.70441713 0.18556593 0.62369666 568.26440239
1488 0.70330836 0.20281721 0.60926351 568.75461495
1489 0.70044834 0.20919417 0.60215305 565.41569352
1490 0.69829975 0.18761205 0.62686860 565.08444598
1491 0.69972587 0.24682060 0.63409082 564.94312551
1492 0.70156966 0.22117776 0.60561883 568.05678528
1493 0.69750578 0.20516674 0.64211354 564.64472792
1494 0.70136351 0.19676907 0.62723353 564.52378653
1495 0.70356185 0.20809425 0.61867691 568.63686723
1496 0.69846548 0.21293260 0.60152004 563.80450370
1497 0.69864492 0.20752716 0.59952998 563.82038616
1498 0.69930086 0.22254202 0.58860364 566.69805745
1499 0.69781514 0.20695131 0.58844139 563.89709644
1500 0.69770985 0.22615213 0.57462413 566.77959830
1501 0.69563390 0.21497672 0.57672332 564.04297655
1502 0.69917097 0.20491994 0.58884717 564.80509402
1503 0.69416420 0.19750316 0.60332513 566.16248687
1504 0.69415704 0.21658866 0.60901522 564.70451163
1505 0.69931408 0.22675320 0.64352353 562.89552015
1506 0.69939031 0.22269799 0.61247967 564.35454408
1507 0.69497026 0.21833592 0.60084497 563.72090625
1508 0.69684447 0.20124536 0.58255992 563.65308938
1509 0.69987308 0.18012061 0.60737943 564.60294843
1510 0.70108707 0.21070362 0.63107182 564.18436332
1511 0.69290843 0.21897638 0.60733947 566.00997752
1512 0.70214057 0.17148909 0.61404932 566.21420706
1513 0.69779752 0.17893728 0.57944986 564.16042148
1514 0.69634168 0.18164854 0.56242487 564.10851075
1515 0.69924499 0.19396761 0.55441205 567.42501537
1516 0.69909693 0.20813824 0.56008869 568.26584863
1517 0.69321328 0.19278957 0.56794139 565.41888491
1518 0.69659349 0.19140893 0.53128877 566.41543906
1519 0.69154009 0.17061532 0.54535861 568.45795288
1520 0.69785704 0.14132352 0.55528136 566.55685138
1521 0.69464873 0.15842073 0.52144626 565.20141424
1522 0.69826579 0.19043696 0.53399458 568.13087539
1523 0.68804504 0.18540627 0.51290918 570.76422017
1524 0.68937890 0.21538278 0.52336692 568.28402561
1525 0.69312172 0.20901778 0.54415244 565.26465188
1526 0.69606336 0.16608460 0.53576574 564.74917497
1527 0.69972102 0.17457458 0.55580423 566.31784678
1528 0.69496702 0.14613788 0.54233950 566.89792549
1529 0.69208050 0.16944406 0.51935772 566.23646017
1530 0.69375095 0.14850752 0.50644431 565.89422163
1531 0.69553795 0.17423836 0.48452194 568.82044329
1532 0.69313119 0.16792464 0.48538773 566.41059471
1533 0.69087597 0.17675810 0.47858103 567.33175547
1534 0.69349877 0.16395659 0.47698136 566.87908246
1535 0.69131906 0.16734780 0.48887569 566.64100157
1536 0.69581402 0.14836512 0.53212754 565.58553355
1537 0.69591023 0.14702489 0.50410942 565.72960535
1538 0.69618074 0.13369872 0.51925796 566.34005676
1539 0.69960226 0.17986990 0.54966106 567.10348527
1540 0.69244018 0.22138524 0.52944046 567.16653328
1541 0.70035517 0.19577677 0.57407375 566.99254777
1542 0.69947094 0.16786872 0.58353344 565.02563630
1543 0.69751651 0.17869367 0.55800418 564.47479901
1544 0.69677217 0.16747462 0.58045459 565.38806965
1545 0.69414017 0.20663512 0.58672623 564.42158031
1546 0.69215587 0.23360468 0.60094893 565.81309246
1547 0.69437306 0.25428041 0.60556457 564.82531279
1548 0.69880777 0.23321109 0.61433006 564.49562838
1549 0.69651946 0.21084147 0.61999060 563.58367064
1550 0.69945593 0.20238060 0.63535848 563.66196526
1551 0.69523509 0.21112211 0.64976446 567.55350093
1552 0.70632911 0.19480370 0.65260057 569.77239508
1553 0.70171014 0.19219485 0.62743754 564.87274614
1554 0.70255361 0.20876347 0.62716859 566.06495121
1555 0.69545774 0.18020934 0.60071868 566.58667984
1556 0.69785503 0.18507605 0.58669805 563.93004216
1557 0.69561786 0.17535384 0.60414964 567.56405110
1558 0.69619483 0.17568622 0.58600288 565.20681230
1559 0.69622068 0.17732630 0.58506939 564.95463013
1560 0.69854382 0.16510558 0.57708441 564.95975031
1561 0.69928003 0.16320720 0.59503103 565.69112807
1562 0.69971379 0.16588072 0.59860297 565.53131202
1563 0.69765557 0.17006110 0.60014790 565.83601526
1564 0.69993491 0.15302811 0.61754167 568.88332432
1565 0.70042332 0.16897837 0.60770383 565.60204821
1566 0.69284293 0.19225192 0.59409550 568.11005721
1567 0.70110188 0.19906111 0.59547383 566.16183021
1568 0.69849980 0.22150583 0.60495549 564.07073362
1569 0.69470973 0.23154004 0.61873425 563.82299265
1570 0.68975771 0.25379831 0.62077764 569.93124136
1571 0.69154534 0.29288326 0.60749348 569.12131891
1572 0.68890008 0.26556131 0.58546003 569.86029544
1573 0.69268344 0.24096919 0.59813072 565.13762823
1574 0.69161281 0.25664377 0.61090120 566.36371892
1575 0.69496686 0.24687628 0.60488960 564.32765780
1576 0.69292264 0.24251815 0.59221568 565.09048951
1577 0.69771931 0.22876271 0.60102257 564.31579968
1578 0.69393557 0.22151899 0.60523252 564.48559339
1579 0.70071046 0.21698318 0.62582224 564.33732978
1580 0.69621705 0.20852424 0.58998339 563.48793896
1581 0.69858507 0.23250808 0.61745558 563.98633444
1582 0.69887319 0.23070133 0.64644057 562.73886256
1583 0.69702466 0.23588745 0.62803653 562.97340934
1584 0.69841468 0.21610517 0.61649923 563.21695689
1585 0.69918352 0.19583492 0.55812938 567.08665213
1586 0.69355682 0.20889488 0.56396364 564.56651306
1587 0.70156474 0.19030567 0.58906014 566.83712750
1588 0.69435265 0.19421152 0.55743106 564.33604057
1589 0.69822066 0.20731381 0.55588919 567.35343128
1590 0.69494825 0.18631398 0.57821231 564.74629678
1591 0.69957899 0.19307759 0.58962002 564.58665944
1592 0.69773107 0.16481628 0.55820725 564.75540151
1593 0.70141645 0.15498988 0.57852850 566.82895050
1594 0.70074754 0.15808484 0.58089387 566.16273962
1595 0.69875599 0.15588541 0.56381571 565.43501336
1596 0.69588355 0.15094992 0.55508414 566.39021671
1597 0.69631795 0.19296177 0.55727418 564.32022182
1598 0.69478758 0.21471304 0.58731047 563.83235314
1599 0.69389236 0.24688213 0.60754113 564.41468851
1600 0.69740827 0.23001355 0.62116709 563.07926314
1601 0.69699958 0.22885323 0.63099099 562.90524443
1602 0.69964134 0.20575052 0.63905322 563.53228816
1603 0.69290859 0.22052937 0.58824509 565.03014128
1604 0.69501208 0.21341163 0.57738608 563.94025064
1605 0.69357888 0.20842265 0.56631409 564.53218742
1606 0.70029331 0.18411079 0.60278271 564.59872445
1607 0.70099361 0.19097405 0.60208900 565.16715005
1608 0.70077412 0.19515864 0.59414287 565.60165154
1609 0.69808492 0.22007322 0.57444224 566.47299426
1610 0.69480101 0.20356264 0.58189103 563.99914765
1611 0.69452671 0.19023937 0.56764928 564.44168318
1612 0.69228821 0.22469977 0.58504777 565.47808470
1613 0.69242191 0.20242698 0.55587603 565.37454851
1614 0.69413568 0.20125768 0.57499777 564.37902479
1615 0.70023249 0.19212953 0.56778097 567.16380602
1616 0.69415318 0.20573916 0.57924862 564.28568418
1617 0.69918918 0.18643930 0.60083235 564.08015299
1618 0.69529421 0.20430331 0.61532018 564.91646232
1619 0.69819120 0.23894403 0.60269897 565.65249635
1620 0.69826943 0.22834832 0.61569687 563.61445487
1621 0.69876265 0.23588064 0.62576387 563.75702479
1622 0.69843183 0.24108015 0.60688434 565.71999099
1623 0.69383145 0.24946180 0.59844759 564.90329871
1624 0.69379905 0.26235872 0.55564120 571.22109898
1625 0.69700013 0.23385417 0.56058814 569.03725857
1626 0.68993130 0.22907226 0.54808573 567.76362682
1627 0.69239834 0.19934884 0.54100147 565.39811037
1628 0.69053416 0.20811453 0.54384388 567.00178016
1629 0.69368363 0.23173283 0.53958378 567.96335263
1630 0.69134024 0.22903472 0.54105602 567.08443350
1631 0.69453808 0.21416510 0.53923447 566.31722957
1632 0.69499545 0.22009490 0.53880278 567.45292395
1633 0.69471610 0.20773261 0.53798180 565.88364704
1634 0.69517571 0.20039178 0.56215773 564.11939320
1635 0.69779381 0.21023778 0.59679994 563.59182857
1636 0.69801728 0.18315139 0.60566447 564.45770436
1637 0.69952669 0.21543928 0.63774464 563.13346422
1638 0.69688325 0.21341494 0.64900399 564.79259427
1639 0.69644949 0.20170929 0.64024089 566.10750963
1640 0.70236367 0.23345760 0.63242009 567.53144488
1641 0.69516217 0.21753887 0.63022327 564.78166962
1642 0.69924718 0.22700584 0.61947232 563.99075356
1643 0.70004750 0.21626671 0.65766615 563.31312340
1644 0.69553898 0.23723211 0.65197164 564.06738835
1645 0.69455462 0.24032470 0.64202085 564.39345899
1646 0.70096984 0.22787272 0.62608282 565.39395739
1647 0.70318863 0.23855355 0.64030094 568.77718136
1648 0.70078273 0.20034495 0.63416347 564.00439522
1649 0.69774952 0.24482958 0.62128888 564.08391070
1650 0.70078758 0.24612353 0.63512289 566.17586411
1651 0.69602087 0.23761832 0.65585869 563.77395377
1652 0.69738820 0.23679993 0.66750073 563.29512212
1653 0.69687030 0.24125304 0.64458069 562.81466756
1654 0.69933417 0.24225705 0.65178292 562.95652609
1655 0.69499952 0.24715832 0.66629587 564.85928473
1656 0.70003795 0.25022270 0.67418509 562.67870690
1657 0.70147972 0.26311404 0.69415453 563.23355005
1658 0.70265434 0.27000685 0.68343859 566.37679452
1659 0.69566438 0.28767203 0.63927295 566.13390554
1660 0.69321988 0.28443364 0.64016927 565.72837906
1661 0.69478298 0.28066280 0.63213094 565.57901393
1662 0.69466551 0.27487006 0.66810152 564.10220809
1663 0.69367565 0.27490349 0.64505604 564.84225853
1664 0.69648303 0.24824050 0.64555707 562.92230542
1665 0.69338091 0.24412680 0.59548303 564.85096935
1666 0.70228103 0.21670167 0.60590041 568.80024894
1667 0.69897567 0.21882840 0.63335791 563.00425272
1668 0.69829573 0.23101043 0.63613766 562.83538909
1669 0.69274249 0.20416490 0.63585184 572.18806806
1670 0.70016927 0.18800236 0.63959878 565.05796432
1671 0.70200613 0.19073121 0.63947853 565.06209872
1672 0.69677595 0.19552431 0.63450265 566.05408407
1673 0.69620162 0.21695664 0.59911110 563.36221714
1674 0.69046198 0.24424025 0.58337068 567.37682763
1675 0.69283161 0.21566245 0.57031819 564.96276371
1676 0.69694499 0.21422275 0.56338346 565.76012462
1677 0.69364311 0.18531054 0.58362860 566.70453814
1678 0.70210726 0.20925979 0.60815585 567.29361602
1679 0.69728166 0.19487542 0.64008732 566.15757190
1680 0.70241266 0.18627092 0.64090684 565.58668430
1681 0.69906620 0.22729024 0.62823353 563.33901259
1682 0.69824723 0.23230534 0.62819141 563.12947595
1683 0.69867603 0.21014869 0.59018015 564.57321512
1684 0.69604291 0.23746101 0.59532563 564.49327376
1685 0.69178297 0.21673583 0.55117944 565.86569577
1686 0.69186232 0.20858781 0.53813262 565.89862084
1687 0.69682374 0.19366430 0.53568371 566.41465920
1688 0.69390505 0.18525904 0.50543033 566.32684936
1689 0.69162780 0.18694121 0.51388578 566.14436562
1690 0.69535656 0.18050530 0.50788649 566.61946220
1691 0.69392850 0.19802578 0.51606980 566.52877040
1692 0.69575421 0.13713807 0.51982312 566.18076761
1693 0.69963449 0.15673872 0.54004750 566.69930576
1694 0.69857451 0.15963154 0.55092650 565.32352684
1695 0.69900314 0.16683155 0.54500614 565.99537031
1696 0.70100454 0.17629082 0.55024537 569.01839120
1697 0.69554750 0.18913595 0.54187275 564.71086813
1698 0.69166502 0.20163478 0.52701113 566.10314346
1699 0.69451731 0.20415855 0.54292510 565.13321475
1700 0.69149467 0.22525317 0.56976080 566.07887889
1701 0.69571376 0.24877177 0.59799201 565.22486866
1702 0.69481997 0.22468471 0.63803032 565.07345084
1703 0.69689677 0.24337140 0.63518596 562.96374476
1704 0.70173271 0.23680489 0.63497257 566.51824957
1705 0.69915303 0.22084440 0.62447101 563.34737469
1706 0.69537647 0.22149052 0.60144349 563.50897084
1707 0.69542645 0.22877707 0.59901478 563.65906391
1708 0.69490297 0.21311104 0.56582290 564.38709887
1709 0.69340066 0.21039799 0.59381910 565.21934116
1710 0.69845234 0.21218385 0.57679002 565.74639091
1711 0.69819531 0.19464879 0.56495978 565.10936809
1712 0.69227805 0.17834917 0.54835857 566.67522903
1713 0.69517804 0.19941922 0.55936264 564.19190268
1714 0.69669274 0.20013493 0.57260616 563.95504245
1715 0.69363813 0.18617255 0.55994711 565.11980586
1716 0.69452588 0.17837597 0.57913387 566.03888678
1717 0.69979608 0.17292334 0.59173148 564.88427894
1718 0.70312138 0.18555593 0.60123174 567.91889362
1719 0.69579757 0.17415345 0.57246214 564.90100334
1720 0.69595625 0.20027113 0.61145067 564.41765563
1721 0.69843783 0.20921974 0.62919796 563.23602028
1722 0.70080904 0.20333635 0.61134896 564.79067676
1723 0.69888570 0.20486416 0.60513067 563.65139585
1724 0.70035170 0.22072857 0.60027686 566.60408753
1725 0.69878227 0.21726671 0.58783926 565.49300474
1726 0.69492344 0.24772710 0.61437905 563.94383351
1727 0.69512541 0.25409101 0.62690269 563.77078485
1728 0.69499337 0.25063447 0.68968195 566.73868872
1729 0.70534113 0.22933680 0.70066345 565.94922231
1730 0.70523599 0.22910385 0.69790547 565.92691014
1731 0.69963901 0.23672271 0.74306692 569.12991845
1732 0.70321564 0.23798583 0.74799783 565.80557128
1733 0.70485443 0.22717948 0.72992221 565.79810496
1734 0.70132422 0.23851745 0.74716064 567.05199996
1735 0.70506552 0.25162893 0.75403800 564.69473202
1736 0.70610630 0.26458463 0.75380988 565.18498381
1737 0.70237886 0.28298258 0.74546201 562.60132792
1738 0.70079104 0.27522630 0.73307425 562.30675430
1739 0.69986089 0.27489700 0.72193133 562.25476811
1740 0.70405556 0.27205901 0.76504000 563.42757669
1741 0.70017916 0.27269627 0.76345276 564.62068765
1742 0.70103103 0.27846633 0.75753969 562.92916372
1743 0.70628521 0.25408530 0.78830131 566.63047739
1744 0.69937151 0.27207679 0.76773206 566.24848326
1745 0.69847614 0.26432126 0.75767128 567.61582889
1746 0.69822456 0.26889602 0.74389018 565.35906461
1747 0.70058109 0.30687600 0.75799720 562.42583478
1748 0.70168496 0.32493358 0.77839896 563.05884209
1749 0.70215880 0.29954528 0.77390517 562.46416937
1750 0.70348637 0.33122058 0.78881302 564.38217970
1751 0.70034269 0.33037347 0.79357429 562.88101156
1752 0.70250422 0.31618158 0.79208775 562.64486493
1753 0.70125977 0.32569765 0.80303917 562.78642914
1754 0.69796012 0.34890843 0.80669641 564.73142490
1755 0.70093749 0.30630927 0.79394711 563.23090572
1756 0.70681034 0.28243125 0.80721867 565.17337777
1757 0.70176291 0.28636364 0.75397942 562.38397406
1758 0.70547130 0.27728366 0.77435548 564.13658557
1759 0.70424014 0.26264499 0.76863044 564.19712354
1760 0.70669584 0.28082052 0.78156032 565.18025290
1761 0.70175360 0.28199237 0.76766765 562.94998781
1762 0.70485403 0.29163724 0.77500222 563.73428135
1763 0.69697038 0.29379385 0.77157117 567.36089600
1764 0.69569802 0.28056991 0.76315310 571.21811335
1765 0.70522587 0.28928499 0.77462245 564.02753099
1766 0.69934960 0.27506520 0.75471378 564.31658737
1767 0.69615680 0.31098675 0.73124043 564.02554709
1768 0.69893205 0.31996331 0.73311753 563.81216220
1769 0.70246415 0.29890915 0.71820042 565.92972171
1770 0.69975025 0.28295797 0.72108878 562.26895422
1771 0.70364977 0.29910893 0.75828528 563.75610686
1772 0.70016460 0.32826636 0.75354728 563.92242943
1773 0.70078806 0.33352310 0.74147308 566.35783079
1774 0.69147956 0.36744628 0.73608645 571.47294612
1775 0.69882485 0.36011829 0.75743769 567.19964112
1776 0.70105430 0.34686831 0.77855868 564.85224136
1777 0.69844677 0.33808706 0.76398030 563.85991085
1778 0.69411247 0.34112311 0.77254258 568.24383357
1779 0.69559615 0.34900502 0.76997039 565.92709821
1780 0.70099826 0.37942623 0.79697798 568.25516424
1781 0.69665607 0.37977028 0.78510611 567.34056378
1782 0.69517389 0.37564983 0.78154636 567.78383908
1783 0.70274159 0.36106944 0.78298269 568.83195506
1784 0.69377170 0.34705215 0.77577743 568.88868781
1785 0.69672385 0.37560941 0.78182491 566.98860353
1786 0.69783692 0.36003809 0.76765687 565.85485606
1787 0.70310432 0.35375390 0.79570849 566.34520960
1788 0.69761746 0.34066444 0.78646795 564.31739087
1789 0.69819177 0.35852829 0.79541286 564.62209671
1790 0.70033910 0.33233314 0.78844066 562.92639744
1791 0.69868112 0.34295179 0.80866749 564.23281325
1792 0.70109842 0.33364604 0.78736734 563.08444958
1793 0.69987254 0.33330024 0.78598836 563.03116987
1794 0.70103857 0.33081897 0.80212732 562.82850309
1795 0.70282606 0.32960667 0.81482000 562.88068608
1796 0.70148639 0.32988235 0.80683910 562.80906934
1797 0.70381184 0.30425451 0.80390878 563.06167397
1798 0.70398756 0.31670691 0.79623406 563.28491202
1799 0.70679479 0.31305558 0.81256669 565.16442811
1800 0.70024442 0.30385006 0.79864377 564.40692352
1801 0.70463052 0.28046385 0.80306927 564.60873206
1802 0.69810454 0.33042071 0.79766781 564.63225541
1803 0.70630398 0.34216496 0.81602042 567.13978215
1804 0.70166934 0.35644321 0.79229823 565.50123114
1805 0.69723785 0.37066695 0.77243449 566.86556699
1806 0.70274076 0.35046259 0.77843047 567.35855786
1807 0.69412715 0.34537388 0.73675120 566.97963253
1808 0.69943553 0.39205262 0.79989266 568.88561680
1809 0.69877797 0.41492429 0.82181886 570.55955041
1810 0.69379889 0.39435379 0.79192278 570.53866595
1811 0.69813200 0.37888685 0.81000383 565.91093223
1812 0.70030723 0.37345981 0.80507949 565.85503584
1813 0.70149891 0.36847133 0.80063989 566.39218603
1814 0.69543274 0.37165443 0.81973869 568.46993613
1815 0.69732657 0.38916899 0.79738839 567.80436094
1816 0.69298731 0.38177718 0.77594602 570.57233080
1817 0.69324658 0.37145635 0.76194227 569.49677670
1818 0.69083585 0.38613500 0.76200528 573.95211749
1819 0.69676703 0.37184860 0.74930218 568.92764207
1820 0.70160840 0.36373281 0.76239726 570.77860244
1821 0.69106406 0.36371668 0.75764196 572.70535026
1822 0.69213694 0.34908298 0.76503846 571.27239216
1823 0.69679939 0.36317796 0.78564625 565.69877528
1824 0.69809482 0.37409549 0.78300481 566.73595890
1825 0.69726567 0.33826297 0.76289432 564.22171352
1826 0.70270683 0.36086505 0.82970525 564.17592380
1827 0.69656430 0.37614075 0.82671424 567.16103353
1828 0.70657302 0.35622373 0.83691893 567.38667588
1829 0.70041505 0.34785672 0.79180313 563.79378399
1830 0.69921279 0.34297960 0.79922533 563.56785529
1831 0.69790175 0.36984486 0.80498942 565.36284728
1832 0.70275072 0.36525448 0.84130356 564.09668953
1833 0.70382611 0.34406011 0.84891411 563.42756559
1834 0.69793930 0.33631665 0.81284619 565.71934013
1835 0.70140401 0.37941862 0.81592588 566.58841715
1836 0.69799759 0.38059363 0.82097799 565.89688369
1837 0.69557406 0.37740691 0.85693254 571.72931758
1838 0.69474899 0.36562742 0.82725871 570.87107213
1839 0.70602371 0.33289870 0.81051726 566.00655074
1840 0.69674564 0.32126770 0.79729443 567.49000132
1841 0.70467490 0.34474325 0.80130063 566.52324085
1842 0.69845232 0.36353418 0.85768892 567.33058287
1843 0.70515015 0.33435352 0.89418322 566.72507211
1844 0.71266001 0.31869447 0.89104061 571.04526993
1845 0.71013653 0.33683699 0.89217466 567.53182457
1846 0.70704293 0.35557083 0.94332151 568.68305516
1847 0.70965606 0.38768622 0.96956835 568.00553962
1848 0.70460266 0.41495504 0.96743393 567.65168611
1849 0.69935401 0.42680317 0.97402265 575.61240166
1850 0.70635371 0.42111521 0.97441044 567.44474050
1851 0.70498815 0.40374480 0.96518857 567.70167580
1852 0.70652892 0.40235434 0.96444461 567.00140058
1853 0.70750858 0.41126116 1.02482869 572.27919761
1854 0.70779950 0.40081687 1.02854587 574.36275555
1855 0.70546007 0.41003226 0.98943030 569.46373961
1856 0.70538724 0.42401990 1.00675540 570.45108175
1857 0.70649891 0.45351199 0.98552845 569.74514963
1858 0.70432095 0.46586329 1.00981322 570.65773686
1859 0.70715035 0.47953255 1.00882412 572.88092470
1860 0.70334447 0.46263481 1.02583290 572.69759933
1861 0.70685444 0.42794936 1.02781141 571.37286579
1862 0.71150472 0.39962379 0.99851877 569.99241980
1863 0.70731625 0.42210650 0.99928304 568.59575420
1864 0.70848173 0.42408004 0.99631061 568.52073328
1865 0.70523500 0.44410491 0.95295406 569.11035875
1866 0.70446193 0.44890691 0.98218638 568.90610592
1867 0.70308249 0.43262796 0.97156809 568.72686643
1868 0.70636427 0.44462570 1.00698661 569.19826960
1869 0.71025736 0.39673523 1.00106451 569.67816700
1870 0.70829604 0.38016057 0.99068869 570.86241975
1871 0.70954126 0.38698905 0.97628953 568.33137152
1872 0.70648350 0.41021894 0.97276578 567.33960015
1873 0.70996346 0.40646603 0.96263222 568.90705066
1874 0.70545209 0.37247637 0.92913684 566.21183539
1875 0.70527771 0.36693106 0.93622273 567.62079717
1876 0.71089478 0.36620275 0.93676756 568.44471167
1877 0.70407602 0.32531834 0.91829715 574.46542510
1878 0.71370904 0.32999259 0.92982847 572.37833830
1879 0.70958923 0.36031960 0.91868978 567.05858556
1880 0.70622966 0.37311186 0.93294089 566.17286689
1881 0.70699485 0.37347996 0.92443900 565.65638635
1882 0.70540410 0.34619446 0.91241022 567.18133123
1883 0.70362664 0.35640782 0.87869262 564.30176233
1884 0.70680279 0.38240546 0.89075763 566.47617736
1885 0.70023756 0.37903184 0.88717564 566.63247922
1886 0.69888896 0.39262041 0.89655658 568.70602951
1887 0.70901301 0.36060058 0.92784508 566.77298965
1888 0.70346233 0.36355969 0.92316620 568.28685143
1889 0.69900196 0.40676920 0.91185713 569.31661107
1890 0.70173247 0.39465220 0.93571684 568.71572552
1891 0.70610886 0.36760784 0.95180911 568.86992562
1892 0.70443525 0.36941384 0.95581120 571.35213876
1893 0.70903280 0.35914892 0.92803567 566.83241072
1894 0.70789139 0.36920598 0.91711049 565.85977597
1895 0.70345789 0.38866498 0.91060696 565.28105898
1896 0.70967565 0.36804207 0.87761618 570.49533771
1897 0.71142962 0.33881971 0.90035812 569.14658098
1898 0.70627566 0.32929735 0.93346367 573.08371987
1899 0.70757186 0.35874660 0.92818878 566.54095601
1900 0.70851398 0.36351719 0.92745166 566.44452212
1901 0.70378376 0.40262541 0.89622262 565.89894651
1902 0.69989787 0.39670276 0.89997321 567.36470165
1903 0.69610881 0.39147338 0.88351218 572.80613623
1904 0.69662226 0.39928457 0.88384302 571.05395924
1905 0.70100973 0.42074336 0.88914607 567.40597860
1906 0.70014522 0.40847823 0.89299125 566.76925482
1907 0.70325551 0.40671907 0.88785682 566.45459890
1908 0.70115220 0.40268964 0.89981569 566.14714282
1909 0.70585690 0.40690984 0.91212694 567.03648830
1910 0.69925643 0.41384637 0.90787356 568.42093153
1911 0.69890587 0.43054478 0.92713474 570.18171225
1912 0.70240425 0.43561763 0.92692360 568.02734460
1913 0.70495399 0.41970099 0.94684140 566.77511746
1914 0.70680552 0.40327862 0.93518106 566.51403432
1915 0.70143830 0.40304400 0.93407008 568.26441422
1916 0.70283640 0.42584007 0.92692251 567.13038201
1917 0.70693058 0.41587238 0.95823087 567.13125715
1918 0.70196877 0.41367004 0.94243283 567.91661263
1919 0.70453652 0.39621573 0.95211944 567.27193897
1920 0.70144413 0.41930203 0.95830821 569.89612558
1921 0.69771512 0.41984379 0.93515074 573.83389369
1922 0.70019378 0.42614314 0.93892685 569.40577384
1923 0.70584107 0.43682347 0.92060615 571.25493106
1924 0.70022850 0.43474259 0.92953574 568.88911288
1925 0.70401350 0.43523313 0.94024561 567.92781571
1926 0.70197083 0.42162438 0.94321318 567.83183800
1927 0.70284880 0.43761420 0.94725813 568.02329547
1928 0.70454763 0.42709135 0.95576270 567.25178806
1929 0.70926692 0.43550327 0.99757861 569.62995815
1930 0.70480679 0.42111627 0.96707593 567.43214182
1931 0.70346984 0.44599283 0.97527376 568.88000133
1932 0.70582966 0.43867616 0.96611814 568.31832997
1933 0.70487385 0.42448642 0.96269146 567.27597743
1934 0.70706083 0.41254182 0.95340228 567.02397806
1935 0.70596745 0.42698896 0.93798299 568.18525112
1936 0.70359164 0.39428846 0.94118800 567.14518757
1937 0.70651794 0.41037680 0.98656966 568.34403735
1938 0.71313700 0.38443945 0.99500480 571.52056279
1939 0.71384727 0.39289667 0.99650563 572.45493926
1940 0.71067714 0.37694606 1.00806513 572.61025898
1941 0.71009599 0.38509749 0.97575660 568.55570746
1942 0.70772807 0.34372813 0.92533611 567.73600208
1943 0.70601158 0.32288394 0.90459355 569.39472225
1944 0.70775228 0.34725113 0.91595962 566.50200819
1945 0.71012877 0.35372737 0.91055514 567.57121186
1946 0.70137720 0.37767753 0.92292881 569.45438691
1947 0.70576543 0.39246783 0.92138541 565.53057518
1948 0.70330187 0.37671741 0.91696085 566.28284754
1949 0.70879645 0.37845272 0.92094989 566.92578354
1950 0.70890993 0.37886080 0.96073859 567.62300046
1951 0.70799099 0.36729536 0.95801190 568.45032001
1952 0.71452930 0.37499495 0.97809675 573.25597799
1953 0.71263198 0.38016033 0.95158200 571.21908578
1954 0.69967871 0.43281745 0.95033695 571.03159791
1955 0.70295157 0.45685455 0.94769927 570.03870167
1956 0.70094593 0.42287915 0.94056355 568.66785467
1957 0.70980721 0.40653200 0.94707984 569.56525175
1958 0.70670278 0.41129195 0.95987401 566.85970286
1959 0.70756858 0.38969839 0.93730095 566.25986767
1960 0.70488385 0.37110359 0.92746586 566.50660479
1961 0.70313302 0.34711266 0.89531479 567.08508626
1962 0.70506144 0.37712142 0.90424725 564.79264933
1963 0.70451058 0.37488632 0.88145750 564.47514790
1964 0.70214052 0.40014623 0.89184621 565.53257200
1965 0.70212999 0.39523943 0.88838447 565.25985829
1966 0.70447130 0.43639477 0.89651551 572.17578614
1967 0.69614234 0.46484935 0.88638630 574.85512144
1968 0.69839850 0.48291976 0.89589888 577.43481366
1969 0.69784043 0.46456478 0.90365878 573.27969087
1970 0.69989359 0.45813319 0.91495153 571.34793967
1971 0.69814156 0.43201312 0.91743764 570.58515124
1972 0.70107934 0.43937633 0.89615424 569.62971953
1973 0.70164839 0.40522949 0.93567544 568.03153283
1974 0.70111045 0.40260509 0.90292753 566.29414318
1975 0.70014667 0.39524619 0.88348234 566.11745366
1976 0.70478611 0.37962561 0.90380435 564.79553964
1977 0.70518255 0.35302767 0.91721251 567.06395789
1978 0.70862150 0.39275419 0.95435528 567.07284650
1979 0.70599115 0.39708855 0.95834921 566.91685848
1980 0.70602137 0.38850089 0.94760417 566.50303614
1981 0.71010016 0.37317109 0.92842129 567.90397055
1982 0.70980989 0.35414187 0.93975838 568.01549255
1983 0.71289716 0.33122520 0.97083356 575.00158539
1984 0.71346658 0.31742456 0.96558916 577.20238562
1985 0.71155084 0.34755266 0.94971763 569.99842483
1986 0.70729069 0.38003988 0.95313557 567.04468991
1987 0.70536568 0.34829112 0.91224218 566.91572139
1988 0.70679254 0.34746969 0.92938871 568.17779669
1989 0.70792591 0.31197643 0.90645406 570.35668786
1990 0.70881939 0.32313986 0.90721006 568.28454352
1991 0.71245801 0.31407691 0.90308475 570.98708657
1992 0.71275413 0.31519498 0.88875749 571.25398115
1993 0.70876842 0.33005567 0.88982174 566.43943990
1994 0.70984014 0.32890124 0.88789259 567.25763649
1995 0.70749331 0.33789816 0.85420999 565.47168058
1996 0.70572301 0.33837253 0.86049783 564.04535002
1997 0.70019973 0.35403053 0.84176693 564.37729532
1998 0.70026369 0.34062091 0.79696697 563.18559268
1999 0.70031027 0.32553897 0.81062546 563.59204844
2000 0.70288749 0.35651369 0.81782678 564.52957297
2001 0.70038376 0.33324272 0.82840146 564.32499096
2002 0.70254228 0.36876955 0.81071587 566.49697409
2003 0.70472279 0.35596246 0.82665371 565.64855783
2004 0.69770463 0.33318954 0.81631180 566.73144656
2005 0.70398210 0.32929927 0.84909472 563.79465141
2006 0.70115782 0.35386466 0.81834452 563.54521427
2007 0.69956487 0.36633745 0.81299312 564.51252895
2008 0.70015026 0.36934399 0.79668671 565.84367611
2009 0.70249820 0.35069222 0.80046575 564.77733591
2010 0.70328020 0.31099089 0.81125878 563.03052250
2011 0.70797812 0.32362544 0.82625861 566.76903578
2012 0.69838708 0.34038643 0.82332894 565.75349917
2013 0.70428680 0.33591866 0.83962822 563.36583783
2014 0.70082416 0.32893973 0.83992607 565.32128991
2015 0.70569597 0.33508651 0.84528678 563.98140610
2016 0.70570797 0.32448105 0.85298055 564.16444101
2017 0.70543883 0.34126775 0.85388083 563.90515689
2018 0.70833004 0.32501243 0.84204230 566.37661876
2019 0.70512304 0.33517177 0.81594000 564.62483953
2020 0.70389211 0.31981934 0.82286466 563.13514238
2021 0.69917646 0.36319441 0.80955641 564.42231806
2022 0.70104141 0.34439007 0.80229926 563.31587844
2023 0.69920189 0.35317503 0.79118942 564.11830334
2024 0.69596528 0.32504888 0.74876998 564.68389253
2025 0.69618009 0.29847546 0.75858087 566.53660979
2026 0.69601707 0.29127831 0.73817998 565.43548199
2027 0.70006718 0.27185548 0.74032175 562.92446767
2028 0.70092421 0.27005448 0.69809169 562.98426253
2029 0.70137529 0.27941091 0.71456490 562.97571348
2030 0.69800981 0.26511713 0.70405252 562.81689954
2031 0.70076010 0.26539444 0.68201064 563.55561018
2032 0.69681408 0.27478831 0.68781938 562.88849151
2033 0.70225953 0.26417514 0.70906070 563.15753828
2034 0.69813238 0.25198449 0.71632374 564.75755147
2035 0.70345252 0.24026345 0.71502629 563.83275479
2036 0.70492542 0.24918950 0.72745278 564.62075077
2037 0.70382207 0.24918579 0.71677894 563.87451448
2038 0.70369866 0.25887066 0.72195386 563.70561462
2039 0.70568622 0.25506218 0.73045853 565.46395403
2040 0.70204546 0.23569276 0.72042607 564.21051254
2041 0.70377002 0.23293456 0.72416640 564.66495598
2042 0.70316745 0.25550570 0.70371657 563.90478935
2043 0.70138501 0.24763490 0.71441963 562.97631617
2044 0.70458787 0.27315059 0.73045002 564.91296991
2045 0.70251895 0.26090863 0.73053556 562.85853248
2046 0.69788988 0.28578123 0.73467156 563.29582124
2047 0.70022535 0.30310152 0.73284764 562.92184200
2048 0.69724432 0.31103472 0.71152368 563.83387324
2049 0.69539729 0.30625078 0.70700931 564.28298788
2050 0.69807806 0.30510144 0.74705456 563.00490402
2051 0.69905692 0.31207442 0.72276996 563.74254065
2052 0.70087410 0.34415092 0.72705544 570.85510248
2053 0.69838018 0.34755104 0.72167890 568.82362783
2054 0.69721229 0.35573532 0.72317244 569.17547495
2055 0.69298404 0.33802277 0.70977374 567.85767334
2056 0.69857810 0.31172764 0.67658814 568.27664489
2057 0.69722421 0.30877543 0.67926717 566.03080460
2058 0.69231757 0.31951557 0.69259353 567.62075684
2059 0.69587273 0.32605252 0.71764308 564.98894748
2060 0.69724710 0.30773776 0.69784995 564.29963189
2061 0.69426053 0.31008731 0.70028958 565.29203895
2062 0.69580403 0.30253272 0.67720323 564.86975821
2063 0.69123823 0.28592980 0.64743871 567.62995054
2064 0.69853065 0.28095431 0.64618442 566.84123417
2065 0.69923763 0.26577103 0.64556593 565.45741901
2066 0.69890110 0.25343836 0.64472190 563.82375368
2067 0.69658427 0.26649191 0.64084188 563.97098283
2068 0.69699983 0.21123448 0.63825075 564.12191126
2069 0.70479484 0.23037186 0.66155739 568.21098351
2070 0.69501149 0.25684741 0.64967564 563.65825774
2071 0.69560165 0.25977513 0.61138366 565.20148580
2072 0.69936413 0.23087821 0.61220037 565.06061935
2073 0.69219692 0.24006634 0.59143387 565.54737697
2074 0.69750347 0.23437196 0.59422773 565.31106691
2075 0.69939941 0.20930211 0.59525220 564.81211352
2076 0.69961287 0.18857409 0.60262754 564.14663378
2077 0.69640328 0.21045152 0.61397634 563.48554571
2078 0.69538642 0.19623693 0.58359598 563.99847984
2079 0.69455786 0.20997137 0.58262085 563.98612889
2080 0.69385161 0.17310834 0.56010103 566.03713225
2081 0.70029913 0.16215986 0.55817083 566.40868711
2082 0.69824563 0.18279684 0.53932360 566.62553948
2083 0.69126166 0.19950367 0.56702970 567.46764665
2084 0.69484039 0.18913944 0.56365968 564.25731657
2085 0.69579719 0.19769226 0.56096559 564.15511677
2086 0.69665557 0.17491844 0.54245828 564.68955641
2087 0.69404084 0.18567863 0.55749104 564.75683026
2088 0.69162932 0.19497044 0.53358853 565.99843157
2089 0.69276557 0.15262299 0.50859355 566.35971485
2090 0.69525221 0.20339287 0.53312879 566.26186163
2091 0.69518884 0.18832171 0.58206510 564.57006482
2092 0.69617554 0.21083097 0.59999611 563.38507882
2093 0.69602666 0.23433853 0.57637988 565.88675791
2094 0.69472114 0.20632936 0.59341433 564.17642871
2095 0.69810785 0.20617335 0.59312089 563.78824680
2096 0.70268785 0.19369756 0.60904542 566.96148701
2097 0.69928734 0.17339009 0.61982961 565.93428321
2098 0.70063650 0.16495591 0.61935450 566.67460538
2099 0.69626762 0.16354596 0.60265670 568.73067118
2100 0.69481846 0.18194077 0.61132652 568.52481515
2101 0.69119847 0.19081536 0.58459267 570.55232717
2102 0.69238415 0.19808900 0.61774331 571.30897780
2103 0.69956550 0.20158005 0.65638285 564.74216028
2104 0.69910264 0.24240306 0.66809412 562.49718507
2105 0.69871889 0.23864126 0.67977941 562.94245288
2106 0.69932462 0.22867231 0.64408140 562.89698696
2107 0.69710909 0.21327149 0.62900210 563.42369739
2108 0.69888710 0.20562833 0.63046334 563.39641039
2109 0.69620501 0.21132345 0.61257658 563.50774299
2110 0.69676824 0.18637581 0.61267285 565.34451896
2111 0.69521854 0.21152836 0.61789977 564.47183937
2112 0.69571879 0.18550645 0.59673628 565.22720888
2113 0.69791874 0.17131449 0.56196920 564.56353946
2114 0.69718347 0.19747576 0.54634177 566.05161050
2115 0.69231177 0.21150323 0.54650620 565.53587423
2116 0.69301726 0.21565057 0.57586413 564.84639097
2117 0.69915800 0.20371584 0.58776498 564.80148517
2118 0.69718506 0.20961762 0.56329963 565.52634357
2119 0.69613968 0.16956495 0.55804714 564.61179907
2120 0.69634975 0.14851019 0.58592076 569.52475477
2121 0.69979384 0.14282026 0.56939321 566.86856142
2122 0.69746847 0.17946925 0.53747162 565.70483820
2123 0.69427200 0.19373984 0.54932877 564.47189632
2124 0.69583233 0.20567069 0.55374023 565.00969033
2125 0.69843600 0.17638681 0.57695676 564.37476192
2126 0.69668291 0.19633950 0.59824697 563.72767835
2127 0.69559859 0.20159886 0.60069521 564.06797990
2128 0.70162412 0.19143814 0.59283612 566.64933857
2129 0.69950288 0.16075359 0.59220106 565.81089763
2130 0.70232542 0.17649724 0.59245904 567.03421549
2131 0.69464217 0.18025105 0.58677573 566.29672342
2132 0.69882996 0.15746734 0.59580496 566.62593477
2133 0.70027132 0.16181508 0.58094190 565.69057458
2134 0.69889410 0.16424535 0.61643788 567.34842129
2135 0.69946881 0.19981757 0.62310193 563.62416020
2136 0.69766753 0.22328266 0.60022031 563.93943028
2137 0.68921359 0.23698795 0.60631630 571.35388778
2138 0.69231537 0.22396152 0.58163370 565.40411041
2139 0.69558100 0.20895275 0.57975820 563.74712184
2140 0.69215486 0.19782730 0.55396959 565.74136012
2141 0.69580390 0.18189942 0.56231758 564.17009560
2142 0.69663229 0.17849610 0.54469780 564.64584235
2143 0.69930178 0.17699674 0.58961158 564.52759853
2144 0.69942971 0.17697501 0.54388146 567.22695343
2145 0.70018408 0.17373086 0.53085561 569.79910970
2146 0.70091255 0.16958804 0.53608022 569.99975800
2147 0.69480513 0.17077294 0.55146473 564.98090162
2148 0.69616687 0.19005506 0.57799708 563.87595773
2149 0.69634567 0.22589613 0.57081947 565.73693680
2150 0.69605406 0.22903894 0.59025664 564.19576631
2151 0.69519185 0.20575910 0.57474769 563.86793592
2152 0.70009694 0.20407828 0.61449695 564.01651184
2153 0.69798444 0.20726696 0.63394938 563.62416622
2154 0.69781814 0.18214696 0.59231316 564.14361069
2155 0.69141957 0.20007901 0.57499784 567.76030447
2156 0.69822239 0.17289534 0.54464091 565.50660896
2157 0.70141401 0.19042121 0.55997391 570.19116300
2158 0.69014998 0.20759309 0.54426827 567.51017675
2159 0.69152717 0.17695960 0.52667541 566.62218801
2160 0.69515229 0.16709835 0.52106874 565.01573272
2161 0.68989732 0.21003023 0.52583268 567.62371735
2162 0.69533470 0.21823166 0.53852798 567.55297285
2163 0.68907345 0.20444998 0.55584546 570.22639363
2164 0.70015322 0.19496295 0.56621354 567.51709509
2165 0.69218945 0.20828745 0.56729513 565.65188587
2166 0.69278783 0.20681160 0.55609096 565.05004247
2167 0.69914935 0.15350879 0.53509132 566.43639766
2168 0.69807202 0.16615709 0.52348813 566.68058756
2169 0.69274747 0.17027341 0.52057258 565.66825822
2170 0.69342064 0.18914180 0.54211145 564.87655420
2171 0.69923857 0.17136232 0.54319091 566.62480547
2172 0.69117878 0.14670633 0.53924743 572.63983437
2173 0.70073535 0.11881086 0.55432190 569.39406342
2174 0.69997730 0.12571246 0.53243404 567.88490138
2175 0.70145305 0.13979076 0.57430341 567.89914628
2176 0.70286934 0.14531032 0.56075215 569.49143433
2177 0.70073641 0.12788394 0.57512581 569.25989603
2178 0.70438518 0.10528281 0.58499687 575.09323260
2179 0.70204159 0.11397891 0.59620817 574.12126187
2180 0.70114002 0.13672232 0.60308712 570.01772612
2181 0.69776324 0.15585596 0.61269386 569.79131124
2182 0.70372799 0.16312036 0.59553307 568.72377553
2183 0.69975089 0.18162050 0.56500632 565.97443510
2184 0.69523029 0.19036695 0.58674318 564.58624431
2185 0.69804139 0.17950556 0.56300128 564.54510369
2186 0.69992656 0.19803024 0.57058291 566.96245692
2187 0.69733410 0.22702356 0.56681378 567.45267652
2188 0.69331846 0.25560866 0.58535658 566.29381008
2189 0.69700242 0.25416742 0.60163371 566.57570207
2190 0.69126134 0.24093974 0.58742584 566.46177310
2191 0.69161049 0.22962874 0.59029988 566.28088186
2192 0.69712477 0.20925893 0.60470087 563.25028367
2193 0.69917918 0.18209225 0.61534785 564.66190459
2194 0.70026864 0.19601761 0.61593503 564.08651582
2195 0.69742894 0.19452451 0.60856800 563.85126129
2196 0.69081430 0.20389518 0.59856726 571.12645966
2197 0.69985252 0.18735443 0.59506171 564.47848616
2198 0.69339644 0.20064189 0.61487614 568.22310471
2199 0.70378199 0.16377895 0.62054188 568.06992878
2200 0.70202320 0.16978044 0.62625169 566.53556662
2201 0.69327871 0.22134658 0.60125360 565.02914613
2202 0.69275890 0.20799214 0.60428965 567.15010608
2203 0.70039707 0.19234327 0.60509968 564.51157331
2204 0.70213234 0.21087971 0.63228435 565.21698218
2205 0.70085878 0.21565300 0.64835144 563.50308169
2206 0.69941961 0.22775179 0.68215131 563.61364878
2207 0.70355436 0.22380547 0.67609354 564.80939799
2208 0.70289745 0.21904434 0.70107342 564.79362457
2209 0.70081295 0.26158534 0.71903048 562.45529831
2210 0.69954268 0.29228467 0.72223014 562.49865765
2211 0.69442219 0.30884096 0.70382581 565.12763130
2212 0.69117684 0.31397180 0.71787614 571.09582182
2213 0.69422179 0.28674164 0.71866107 567.04637183
2214 0.69949392 0.29212610 0.72466295 562.42518218
2215 0.70139688 0.28404843 0.71111668 563.55705089
2216 0.69424664 0.27590866 0.67934068 564.84167529
2217 0.70118654 0.27301176 0.68982920 564.02927380
2218 0.69971115 0.26721787 0.68733134 562.65876114
2219 0.69747692 0.24469950 0.67753406 563.17861502
2220 0.69951705 0.26555262 0.67925335 562.85577906
2221 0.69727695 0.28482007 0.69486167 562.86270333
2222 0.70288676 0.27248162 0.74746111 562.80930775
2223 0.70447873 0.27392650 0.73428128 564.54544691
2224 0.70319995 0.28893236 0.71224300 566.37359804
2225 0.70006828 0.29488310 0.68772741 565.70411615
2226 0.69257519 0.31450842 0.64823408 568.56062441
2227 0.69621499 0.29986973 0.63725234 568.88160976
2228 0.69739649 0.27499438 0.61658711 568.55127161
2229 0.69345141 0.27720028 0.60683985 567.06041258
2230 0.69402593 0.28304118 0.61630268 567.09403818
2231 0.69499398 0.27452542 0.65696502 563.90326701
2232 0.70434477 0.25798510 0.67428816 569.16412284
2233 0.69160723 0.25985836 0.65178796 568.23486944
2234 0.69598600 0.26448235 0.62316750 564.88184556
2235 0.69204572 0.27107616 0.62089988 566.26917217
2236 0.69365526 0.26805796 0.60916208 565.84083525
2237 0.69167382 0.24978849 0.59864002 566.16025430
2238 0.69300405 0.27089109 0.60684800 566.33882566
2239 0.69463769 0.25920860 0.59212573 566.50608632
2240 0.69298786 0.20093188 0.58247512 565.82873931
2241 0.69077942 0.21460647 0.57991648 567.88877814
2242 0.70050283 0.23717380 0.58230592 572.66461282
2243 0.68671523 0.24221309 0.59454267 576.19355718
2244 0.68932889 0.25473293 0.61321812 570.20737677
2245 0.69659360 0.28474572 0.60686401 571.06178738
2246 0.69262162 0.29201524 0.63928921 566.64896624
2247 0.69981641 0.29374400 0.67409106 566.95305076
2248 0.69349746 0.26088811 0.64135186 564.79278073
2249 0.69921700 0.25269946 0.63854742 564.58100834
2250 0.69140368 0.25179087 0.64975246 569.27392226
2251 0.69228731 0.27861576 0.67476323 567.41523033
2252 0.69920864 0.27031771 0.68388695 562.75607734
2253 0.69633263 0.27973074 0.68449220 563.15470554
2254 0.70012929 0.30982822 0.68382075 569.10531872
2255 0.69877530 0.31747371 0.67896073 569.39216586
2256 0.69174404 0.34192980 0.70413374 569.49787155
2257 0.69351438 0.31621778 0.72337247 566.84110900
2258 0.69908073 0.33101558 0.72837612 565.69214858
2259 0.69620510 0.31961630 0.69774927 565.41986558
2260 0.69722801 0.31173133 0.69088379 565.31486447
2261 0.69354915 0.31449639 0.70203826 566.12915230
2262 0.70232738 0.28812624 0.75785658 562.49511968
2263 0.69986432 0.26577304 0.76594027 566.38472665
2264 0.70559990 0.31090867 0.80500196 564.07001844
2265 0.70499604 0.30766858 0.80349160 563.52659735
2266 0.70263656 0.30836310 0.77845173 562.67391707
2267 0.69960229 0.30775261 0.76241581 562.57333072
2268 0.69861277 0.26919961 0.75902253 566.68983739
2269 0.69850314 0.26248836 0.73130009 564.48704431
2270 0.69907179 0.29460953 0.76260484 563.40156996
2271 0.70443331 0.29336702 0.77651835 563.38805563
2272 0.70152491 0.33078436 0.77103148 563.87631842
2273 0.70191562 0.31972893 0.78492150 562.67731690
2274 0.70022050 0.32275103 0.75496482 563.33262934
2275 0.69416293 0.32985856 0.76148365 567.80738760
2276 0.69616448 0.33702532 0.74881373 564.87043004
2277 0.69703031 0.34032544 0.77071723 564.45415259
2278 0.70001272 0.29640421 0.77222088 563.14807187
2279 0.70239800 0.32528129 0.78851292 563.04088036
2280 0.70047254 0.29309819 0.74040099 562.29865822
2281 0.70325798 0.27347032 0.74453689 562.98484260
2282 0.70170391 0.28290378 0.77327712 563.22259666
2283 0.70347923 0.29026413 0.75115840 563.42293155
2284 0.69685732 0.32757633 0.75686889 564.10998026
2285 0.70109184 0.34369579 0.77680167 564.61541546
2286 0.70794009 0.31670866 0.78274334 570.84676542
2287 0.69591136 0.34390614 0.77565693 565.67112244
2288 0.70005339 0.32356374 0.77120643 562.79446464
2289 0.69954831 0.32299708 0.76484349 562.88289367
2290 0.70265779 0.29749815 0.75430112 562.99586975
2291 0.69619963 0.28956175 0.72803953 564.48816480
2292 0.69306052 0.28816680 0.69137083 566.69562484
2293 0.69983552 0.27280389 0.68622559 563.11807182
2294 0.70280192 0.26330526 0.70997113 563.55321684
2295 0.70177921 0.23101024 0.74076355 567.19118951
2296 0.70445274 0.22716668 0.74353926 566.72437371
2297 0.69529091 0.25187496 0.71044363 568.80499198
2298 0.70405690 0.26550610 0.68461365 568.19261991
2299 0.70231717 0.28341222 0.68570893 567.56288425
2300 0.69704685 0.28467907 0.69818763 562.89901594
2301 0.69965157 0.26043008 0.66652837 563.35708682
2302 0.70348470 0.26467862 0.68601886 566.77648791
2303 0.70032316 0.26693135 0.70444448 562.34837628
2304 0.69960359 0.27535171 0.70897163 562.28188852
2305 0.69733079 0.27928467 0.71375606 563.07470434
2306 0.70126746 0.25848679 0.68296974 563.45214395
2307 0.69847313 0.25234980 0.66272162 562.59413146
2308 0.69277551 0.25313147 0.64162141 565.94490668
2309 0.69212591 0.24723090 0.62523020 566.32701711
2310 0.69954490 0.26067698 0.65870658 563.88132677
2311 0.69671063 0.26142832 0.66670178 562.83453679
2312 0.70130306 0.28218066 0.68926855 565.29184266
2313 0.69910423 0.27462816 0.69276157 562.57199999
2314 0.69790736 0.26859919 0.70056596 562.62826270
2315 0.69716920 0.29572338 0.70764861 563.06638938
2316 0.69625226 0.29111671 0.70177112 563.39303513
2317 0.69781331 0.29563824 0.68886771 563.86212439
2318 0.69686522 0.28022920 0.66649237 563.61528483
2319 0.69640555 0.29191511 0.67308444 564.15518290
2320 0.70476696 0.29007849 0.71986521 568.48718116
2321 0.70319222 0.28978034 0.72854490 564.68644366
2322 0.70580309 0.25842227 0.73389393 565.54951465
2323 0.70796726 0.27179435 0.77585705 566.91904801
2324 0.70793383 0.24218270 0.75381110 567.67245217
2325 0.70641594 0.24627826 0.73961315 565.96369156
2326 0.70665613 0.24028308 0.73657547 566.41717742
2327 0.70516555 0.25733063 0.76968596 564.88088717
2328 0.69994884 0.28417248 0.74887220 562.66131024
2329 0.69962338 0.30146997 0.75612235 562.49827919
2330 0.69952657 0.31518205 0.75881270 562.66778826
2331 0.70086737 0.30212227 0.77230091 562.48505124
2332 0.69740431 0.34263061 0.78085921 564.37919955
2333 0.69965243 0.33677855 0.77844970 563.32605382
2334 0.70232649 0.33491287 0.79636363 563.33502149
2335 0.70425895 0.35128183 0.80858009 566.12204503
2336 0.70375256 0.31975993 0.81196118 562.98524580
2337 0.70642812 0.28749362 0.81980801 565.12707423
2338 0.70906669 0.28881506 0.84747636 567.62913803
2339 0.70955808 0.28492409 0.83754291 567.93644046
2340 0.70544547 0.27055022 0.81985906 567.42022768
2341 0.70786915 0.25533090 0.82105279 569.73162917
2342 0.70972091 0.28452000 0.84147930 568.23188088
2343 0.70410529 0.27736655 0.82425064 567.69111681
2344 0.70722690 0.28340337 0.82047105 565.78964676
2345 0.70652076 0.26876975 0.79390354 565.48720387
2346 0.70691413 0.28965530 0.77488079 566.21745284
2347 0.69925694 0.31852418 0.75967435 562.80317231
2348 0.69883716 0.31998960 0.74636588 563.17050113
2349 0.70328346 0.27270893 0.74819457 562.96796921
2350 0.70066151 0.27165970 0.73634799 562.51949806
2351 0.70210545 0.28783085 0.69520443 566.59208729
2352 0.70047485 0.28293560 0.72034388 562.42670181
2353 0.69856111 0.27463065 0.72581356 562.92479675
2354 0.69967032 0.24597502 0.71252585 563.66394181
2355 0.70020754 0.26231521 0.69763833 562.37598101
2356 0.69683143 0.25660554 0.68918733 563.53005653
2357 0.70013956 0.24336868 0.68469299 562.56169722
2358 0.69756623 0.27056402 0.67618793 562.73074815
2359 0.70116559 0.25772223 0.70106492 562.58737788
2360 0.69832297 0.27966459 0.65972463 564.82860405
2361 0.70474315 0.23922192 0.67757834 567.17622475
2362 0.70038599 0.23962469 0.65490480 563.35628578
2363 0.69864984 0.24805654 0.64136906 563.46390296
2364 0.69743821 0.24636417 0.65537830 562.63984304
2365 0.70257680 0.24750190 0.68709982 563.86865559
2366 0.70004942 0.25799943 0.68662419 562.49816717
2367 0.70100357 0.26653855 0.69638421 562.93540352
2368 0.69543573 0.27228785 0.67752735 563.65053491
2369 0.69791694 0.26983278 0.66820415 563.03280046
2370 0.70067638 0.25866325 0.68850624 562.74094390
2371 0.70018627 0.24153612 0.67043858 562.69630064
2372 0.69839357 0.24448167 0.65886482 562.53957030
2373 0.69640007 0.24739314 0.68296368 564.34258939
2374 0.70235430 0.22731395 0.68138468 563.68060654
2375 0.69979151 0.23147103 0.70267863 564.50289548
2376 0.69800965 0.24501994 0.69708598 563.96204937
2377 0.70482661 0.22130126 0.69376881 565.64088777
2378 0.70026595 0.21261681 0.70277406 567.23542940
2379 0.70421198 0.20170215 0.71110689 567.92604703
2380 0.70437603 0.20928494 0.72918984 568.40443510
2381 0.70378365 0.20191614 0.72396578 569.54396926
2382 0.70791511 0.20695533 0.72729537 569.89689663
2383 0.69806771 0.21161241 0.70397372 571.03594384
2384 0.70067244 0.21535662 0.74335439 573.20445029
2385 0.70963826 0.20300774 0.76980356 574.91517201
2386 0.70391074 0.25301919 0.78736830 567.40104142
2387 0.70829934 0.29430626 0.81630567 566.28783931
2388 0.70799822 0.31889499 0.81847679 566.99181516
2389 0.69474180 0.34149091 0.78326804 567.96583834
2390 0.70415172 0.35604868 0.78644620 569.76582181
2391 0.69347584 0.35350113 0.75211468 568.18727497
2392 0.69667103 0.34043503 0.72641160 566.01108907
2393 0.69977469 0.31249316 0.73873760 563.14668317
2394 0.69667705 0.31668238 0.72647799 563.84486180
2395 0.70291745 0.33512891 0.76882494 566.15124601
2396 0.69500262 0.36305062 0.78051518 567.21631158
2397 0.69725600 0.37952281 0.78511097 567.24565553
2398 0.69602703 0.37742376 0.78472345 567.32152108
2399 0.69856932 0.37075908 0.78856414 566.00487757
2400 0.70255278 0.35536164 0.79275927 566.23491846
2401 0.70321580 0.34273175 0.77648207 566.93153515
2402 0.70568933 0.32099742 0.81857982 564.10575078
2403 0.70432159 0.31299804 0.83602857 563.98783939
2404 0.70074998 0.31381086 0.83377929 566.64992651
2405 0.70535938 0.31352569 0.86497266 566.03306505
2406 0.70833593 0.34291307 0.86365302 566.40407661
2407 0.70157273 0.36852562 0.83225065 564.28296838
2408 0.70111614 0.35283995 0.83121328 563.49397232
2409 0.70192449 0.33818450 0.83399227 563.36295122
2410 0.70208407 0.33372053 0.81982063 562.94738424
2411 0.70156825 0.32784564 0.83756295 564.41794841
2412 0.70536651 0.33955698 0.87334444 564.36746955
2413 0.70188238 0.34085364 0.86594184 565.67713287
2414 0.70331827 0.33858015 0.87677776 565.68409123
2415 0.70625091 0.33132982 0.86309921 564.39870570
2416 0.70500935 0.33016097 0.84910241 563.73094012
2417 0.70644438 0.29878315 0.84698953 565.82691789
2418 0.70787719 0.29661511 0.82836949 565.71891279
2419 0.71025214 0.28792532 0.79792127 570.49131097
2420 0.70212729 0.29335075 0.77558979 562.61385833
2421 0.70151734 0.27907031 0.75750584 562.72452156
2422 0.69656365 0.31693364 0.75036888 564.18456424
2423 0.69670547 0.32428460 0.73407376 564.10784943
2424 0.69810540 0.32986017 0.70803238 566.93510561
2425 0.69488406 0.32076530 0.71677282 565.17085458
2426 0.69912219 0.31769541 0.73453343 563.57959033
2427 0.70224313 0.31032913 0.73528155 565.29468705
2428 0.69968140 0.30731830 0.76022317 562.51600240
2429 0.69607536 0.31115114 0.76708859 566.31821607
2430 0.69968793 0.30606135 0.76472561 562.60860585
2431 0.70320583 0.28792747 0.76956341 562.77222641
2432 0.70340209 0.27207989 0.78749932 564.66592717
2433 0.70324979 0.29410942 0.77448370 562.75405454
2434 0.70085540 0.28338707 0.74982911 562.41505984
2435 0.70549013 0.28065381 0.78146055 564.07033644
2436 0.70654949 0.30644968 0.80662217 564.82060132
2437 0.69917431 0.32733003 0.81944532 565.41237076
2438 0.70301791 0.32498496 0.83608260 563.59078460
2439 0.70435644 0.34139747 0.83527781 563.56930958
2440 0.69969601 0.34647170 0.82764880 564.23623992
2441 0.70631164 0.34837252 0.83471902 566.12339333
2442 0.70505266 0.35118139 0.83049524 565.15134931
2443 0.70477091 0.29154045 0.80703872 563.89329338
2444 0.69820232 0.32098228 0.79024792 564.52184593
2445 0.70095198 0.35268539 0.79725610 564.17176762
2446 0.69710332 0.32650492 0.80452419 567.11241349
2447 0.70335241 0.33620216 0.82038603 563.16494567
2448 0.69877636 0.35345063 0.80847592 564.16583969
2449 0.70196506 0.35782820 0.80129714 565.16833856
2450 0.69480313 0.34930325 0.75556288 566.54458811
2451 0.70313422 0.32564420 0.76104469 565.87932177
2452 0.70082807 0.33027577 0.75660325 564.37747591
2453 0.69652527 0.33280494 0.75166984 564.44032175
2454 0.69867497 0.34096501 0.75592808 564.51981873
2455 0.70223487 0.33294113 0.77347944 564.54769977
2456 0.70072667 0.30632909 0.77794660 562.58575640
2457 0.70482121 0.29077026 0.76916781 563.89250220
2458 0.70039837 0.30245083 0.79449982 564.00898093
2459 0.70043130 0.32389041 0.79729954 562.93958162
2460 0.70323845 0.32823951 0.82111360 562.96164334
2461 0.70249087 0.31438165 0.81326733 563.11286539
2462 0.70455484 0.29028399 0.80539389 563.88699987
2463 0.70412761 0.26047731 0.76911213 564.42338729
2464 0.70164915 0.25880655 0.74228332 563.38875595
2465 0.69767825 0.26581320 0.72735085 564.70941132
2466 0.70067663 0.25146886 0.75188057 565.98502887
2467 0.69857921 0.26670484 0.73759993 564.50612363
2468 0.69526927 0.29655870 0.68921550 564.13415264
2469 0.69606242 0.30154576 0.70564554 563.73511882
2470 0.69616148 0.28674854 0.71176859 563.75836526
2471 0.69849720 0.30247335 0.70602576 563.65598159
2472 0.69713810 0.29412370 0.73904737 563.82449091
2473 0.70228711 0.29922566 0.73336278 564.16024851
2474 0.69804851 0.26707129 0.73360041 564.71005851
2475 0.70190961 0.25395344 0.72062666 562.83262297
2476 0.70441783 0.26204963 0.74368930 563.80184832
2477 0.70212917 0.25753407 0.70707670 562.94998499
2478 0.69968437 0.25941915 0.69777236 562.30681599
2479 0.70267855 0.24417960 0.69656447 563.47249173
2480 0.70180073 0.21553851 0.70675931 565.92756621
2481 0.70022153 0.26789483 0.69708550 562.53119699
2482 0.69649141 0.27340782 0.68547721 563.03909571
2483 0.69870151 0.26307641 0.71812764 563.17726181
2484 0.69818378 0.29760018 0.73830816 562.81325243
2485 0.69739052 0.28179166 0.73660261 564.24964842
2486 0.69980702 0.29202143 0.73389867 562.30220738
2487 0.70118727 0.30401609 0.73774385 563.28368118
2488 0.69921706 0.31594847 0.72858508 563.82344933
2489 0.70040523 0.30477857 0.71354524 564.65936678
2490 0.70039505 0.30911394 0.73770218 563.21589530
2491 0.70318676 0.29886340 0.75551619 563.45233288
2492 0.70057331 0.30131870 0.76989224 562.52259378
2493 0.70605246 0.30424241 0.77937227 565.73145951
2494 0.70718109 0.28041778 0.78059210 565.80846201
2495 0.70942121 0.29398537 0.79870764 569.15584616
2496 0.70434098 0.29318512 0.79343500 563.29109042
2497 0.70060365 0.28030318 0.75761071 563.01228990
2498 0.71103581 0.26939798 0.78009577 572.57518151
2499 0.70770002 0.30188862 0.76768226 569.99857441
2500 0.70341134 0.30514463 0.72859030 567.13748248
2501 0.70130538 0.31290429 0.71299943 567.15624689
2502 0.70240012 0.31160558 0.70527353 570.12871415
2503 0.69899926 0.30675876 0.69966892 565.00298647
2504 0.69667512 0.30515160 0.71818338 563.47035506
2505 0.69942232 0.29296010 0.73876158 562.35721747
2506 0.70440378 0.28432006 0.74762811 564.24356686
2507 0.69933897 0.32460442 0.74347486 563.79400245
2508 0.70068951 0.28551279 0.77889679 564.09137506
2509 0.70563182 0.30345164 0.78131910 564.90634156
2510 0.70190671 0.28853419 0.78972151 563.78928555
2511 0.70118178 0.29651937 0.78327738 563.08364481
2512 0.70186608 0.33310013 0.78703383 563.37093324
2513 0.70220358 0.33509631 0.77363357 564.77680676
2514 0.69991784 0.32874815 0.79449821 563.03885636
2515 0.69977232 0.35766919 0.78192794 565.18621573
2516 0.69539149 0.33398966 0.75440112 565.49914406
2517 0.69783242 0.32741072 0.77981297 563.99467133
2518 0.69788544 0.32736987 0.77371046 563.71838681
2519 0.70050744 0.33813984 0.76396515 564.51481878
2520 0.69898032 0.34309568 0.78672907 563.61850210
2521 0.69972519 0.33972466 0.79158062 563.26609166
2522 0.70071358 0.34171584 0.79124987 563.40357145
2523 0.70039470 0.32993159 0.76709292 563.39550690
2524 0.69807765 0.32923872 0.76663562 563.48871762
2525 0.70002850 0.33334375 0.74616091 565.05698734
2526 0.70080987 0.36092215 0.77457075 567.25099255
2527 0.69898371 0.35919255 0.80614635 564.27703459
2528 0.70072075 0.36275912 0.81461157 564.23506624
2529 0.70168667 0.34295432 0.82380034 563.12223099
2530 0.70478518 0.32383817 0.84768822 563.89956194
2531 0.70657007 0.30396154 0.85039554 565.54024123
2532 0.70840195 0.32469697 0.87390511 565.95205179
2533 0.70365978 0.37101099 0.87030839 564.14673931
2534 0.69948957 0.37704259 0.84066848 564.96193439
2535 0.69891226 0.37407490 0.82856399 565.03485945
2536 0.70084510 0.39204262 0.82494315 567.37857969
2537 0.69474465 0.41142552 0.80900207 571.12706528
2538 0.69288956 0.41716599 0.81180633 573.61784878
2539 0.69675500 0.37102241 0.86409348 570.69596672
2540 0.70105005 0.35804498 0.85904327 564.59289841
2541 0.70264818 0.35884762 0.85445690 563.65477492
2542 0.70370907 0.37031417 0.87721475 564.14675220
2543 0.70321574 0.37615465 0.86470374 564.40103877
2544 0.69997473 0.38911199 0.87671996 565.91543194
2545 0.70142016 0.38325171 0.87082816 564.76449496
2546 0.70417505 0.37799447 0.87811679 564.57698763
2547 0.70051278 0.39685217 0.89563947 566.40053474
2548 0.70719419 0.36361560 0.86501903 566.68488929
2549 0.70277688 0.37729990 0.84963806 564.84553371
2550 0.69837520 0.34580323 0.83909213 566.96731887
2551 0.69765687 0.37887839 0.82664029 566.05814408
2552 0.69834703 0.37124388 0.83694714 565.58680186
2553 0.70036005 0.37372417 0.86684888 565.19086633
2554 0.70715962 0.35006047 0.88626446 565.00860409
2555 0.70650931 0.37807105 0.89735111 565.48362173
2556 0.70427152 0.34561406 0.91036625 568.10372954
2557 0.70442151 0.33945353 0.91110971 569.10715039
2558 0.70054593 0.33660243 0.87799679 570.22401468
2559 0.70977788 0.32786369 0.86963717 567.36573633
2560 0.70689392 0.31758053 0.89528883 568.28167831
2561 0.70709686 0.33394919 0.91616019 568.28962568
2562 0.70366048 0.36614886 0.91013300 566.14585459
2563 0.70555860 0.34871344 0.90215252 565.70259066
2564 0.70361638 0.34394799 0.88628608 565.86567222
2565 0.70335344 0.35599588 0.89980212 566.31028368
2566 0.69630837 0.38213083 0.85689868 569.76228680
2567 0.70378840 0.38952386 0.84204186 568.22252786
2568 0.69626721 0.37890010 0.80964735 567.03459604
2569 0.69406291 0.32984661 0.80455120 573.80054864
2570 0.69864478 0.35961784 0.82008237 564.63243439
2571 0.69967211 0.36996636 0.84902649 564.91958606
2572 0.70583305 0.34020733 0.83929313 564.48657825
2573 0.70260238 0.34481207 0.85392476 563.81613470
2574 0.70669625 0.35443964 0.85257504 565.91877165
2575 0.70113985 0.35936301 0.87145966 565.40013289
2576 0.70606940 0.36373020 0.89916549 564.78537294
2577 0.70476862 0.34417433 0.87100793 564.10164658
2578 0.70439250 0.36794356 0.87676535 564.17494339
2579 0.70084933 0.37369345 0.86643778 564.79010756
2580 0.69762672 0.39499863 0.85237688 567.28106478
2581 0.70667754 0.36589323 0.87271263 565.73202805
2582 0.69955431 0.37822941 0.86711043 565.89513966
2583 0.70080686 0.38615843 0.84102150 565.44284376
2584 0.69781185 0.37983797 0.84339006 566.46793971
2585 0.70015438 0.39522292 0.83138407 566.94861599
2586 0.69857015 0.39069641 0.81674942 566.89101014
2587 0.69972553 0.36704320 0.78747514 566.02331924
2588 0.70112535 0.33730137 0.79467497 563.10361651
2589 0.70435605 0.32559034 0.81209364 563.45065029
2590 0.70396872 0.32186012 0.82274845 563.11828264
2591 0.70451520 0.34597194 0.82091055 564.68574722
2592 0.69905170 0.37409883 0.79626729 566.05479082
2593 0.70433555 0.36580212 0.82203642 567.07517966
2594 0.70537475 0.37472173 0.83530132 568.71447238
2595 0.69427152 0.37838629 0.85343545 574.43331164
2596 0.69710764 0.40339961 0.82834691 568.21146769
2597 0.69724333 0.38284859 0.84592921 567.29504745
2598 0.70552723 0.39194391 0.86841041 568.11330449
2599 0.70157674 0.40407506 0.90671514 566.16205546
2600 0.70566666 0.40126701 0.93384067 565.92697187
2601 0.70400884 0.39615405 0.93998920 566.60607437
2602 0.70333761 0.43126631 0.93246221 567.55791031
2603 0.70072553 0.45420978 0.95319781 570.24316163
2604 0.70604633 0.42092625 0.97395262 567.44127807
2605 0.70688334 0.43336306 0.96233036 568.53073378
2606 0.70306056 0.44728411 0.95546853 568.76822408
2607 0.70804568 0.43939589 0.97422322 569.78935703
2608 0.69978834 0.39848729 0.93146136 571.07784008
2609 0.70371411 0.36698881 0.91107413 566.12199740
2610 0.70651702 0.35924600 0.88819589 564.77612383
2611 0.70859240 0.37710575 0.87035513 570.71603607
2612 0.70420071 0.38440357 0.88871117 564.80676561
2613 0.70211797 0.40862748 0.87610440 566.77375898
2614 0.70427400 0.38221823 0.88290598 564.79568619
2615 0.70672606 0.37704037 0.91055527 565.36089362
2616 0.70341993 0.37135476 0.87312354 564.12785160
2617 0.70489847 0.35126219 0.88158386 564.32724379
2618 0.70540964 0.36825364 0.87285837 564.74784143
2619 0.70406522 0.37332672 0.86881591 564.43182373
2620 0.70509451 0.35475606 0.87004910 564.02258639
2621 0.69900264 0.34662513 0.86871221 569.93292439
2622 0.70760667 0.34178676 0.84172801 566.73332582
2623 0.70629235 0.34112668 0.83114433 565.57585238
2624 0.70045597 0.35218113 0.84675029 564.53492852
2625 0.70048504 0.32552134 0.83052360 565.08207028
2626 0.70269353 0.35526996 0.83008515 563.70596644
2627 0.70209855 0.36129643 0.83815173 563.73308501
2628 0.70512368 0.36185336 0.85795411 564.62137628
2629 0.70491358 0.37527983 0.83067523 568.64479521
2630 0.70540559 0.36393706 0.81895797 568.90578929
2631 0.70187059 0.36431146 0.82109864 564.50572724
2632 0.70419322 0.35131922 0.82835202 564.42790020
2633 0.70506824 0.35783833 0.83749556 565.40306003
2634 0.69532615 0.36191908 0.79406678 567.22408100
2635 0.70005871 0.33500012 0.77532880 563.34434578
2636 0.70080211 0.34123607 0.81342823 563.14477799
2637 0.70413422 0.30559907 0.82259338 563.74754943
2638 0.70110269 0.32493127 0.82978033 564.40607807
2639 0.69926808 0.33881427 0.82567826 564.92651253
2640 0.69446473 0.37370986 0.79843565 568.76436788
2641 0.70077330 0.37933899 0.80730889 566.87768473
2642 0.69730537 0.37952260 0.78378533 567.33291045
2643 0.70317743 0.33460449 0.77780603 565.43498579
2644 0.69438812 0.35603000 0.75941744 567.31073731
2645 0.69021417 0.36639958 0.75030638 574.10382809
2646 0.69200364 0.34361372 0.75792262 571.19082985
2647 0.69238350 0.33702539 0.77281701 572.42537568
2648 0.69373136 0.30780376 0.77994695 574.24689438
2649 0.70634756 0.32375680 0.79336019 567.13370065
2650 0.70032750 0.33999786 0.78669659 563.35856280
2651 0.70009848 0.36093441 0.78026742 565.98541931
2652 0.69469460 0.35033883 0.76033131 566.75376544
2653 0.69493945 0.34138417 0.76675031 566.53585455
2654 0.69877016 0.32032695 0.75486901 563.00254694
2655 0.70253311 0.28373526 0.74638182 562.67202474
2656 0.69992944 0.27661192 0.74151827 562.74726415
2657 0.69897744 0.30028461 0.74900030 562.62160065
2658 0.70208467 0.29701581 0.74348514 563.07310597
2659 0.70209700 0.29173283 0.74965320 562.57861489
2660 0.69740443 0.30355630 0.74943414 563.68136704
2661 0.69895192 0.32890039 0.74614822 563.92344679
2662 0.69601280 0.35403660 0.73283791 567.30588326
2663 0.69992036 0.33531738 0.72648984 567.53799380
2664 0.70318018 0.31086487 0.73223717 567.20085690
2665 0.70274885 0.32414118 0.74088279 567.62555269
2666 0.69570303 0.29415376 0.73687338 565.55247655
2667 0.69451459 0.30415221 0.71823545 565.43827346
2668 0.69532853 0.29735651 0.73389670 565.62843697
2669 0.69723978 0.31621400 0.68892974 566.16006176
2670 0.69410326 0.29789714 0.69600065 565.19757850
2671 0.69394416 0.29033310 0.67650706 564.96433923
2672 0.69375379 0.30428223 0.67187441 565.77756896
2673 0.69003415 0.27281911 0.66750979 572.24072099
2674 0.69971136 0.29014705 0.68904203 564.51108444
2675 0.69606530 0.31741996 0.72897676 564.18246992
2676 0.69679682 0.34070441 0.74589992 564.93685946
2677 0.69903623 0.32497228 0.79030306 563.50345459
2678 0.69983366 0.34724219 0.82590362 564.00873656
2679 0.70290064 0.36252454 0.82805686 564.54977193
2680 0.70033153 0.36564886 0.79459308 565.59593279
2681 0.70012365 0.37287822 0.80364315 565.78748312
2682 0.70309671 0.36991260 0.82877846 565.55766416
2683 0.70145785 0.34833906 0.85207214 564.24303859
2684 0.70442937 0.36455739 0.89765085 564.78779517
2685 0.70373800 0.36842300 0.85791190 564.23780683
2686 0.70388283 0.36859156 0.84026482 565.24203869
2687 0.69927768 0.37613539 0.84426409 565.12018171
2688 0.69969357 0.35258453 0.82269729 563.93258094
2689 0.70039411 0.35650209 0.83867170 564.04012813
2690 0.69425793 0.36991478 0.84927044 574.87691703
2691 0.70216463 0.35691648 0.87130118 564.61923620
2692 0.69838547 0.35302980 0.85554231 568.23528339
2693 0.70204853 0.33999855 0.86941544 565.98577920
2694 0.70585517 0.31982971 0.87758732 566.32498851
2695 0.70502982 0.33655695 0.86893086 564.31343714
2696 0.70727041 0.36288693 0.85641377 567.48648397
2697 0.70298623 0.38232141 0.86703768 564.72594332
2698 0.69612903 0.38504712 0.84424424 568.81210873
2699 0.69448815 0.38814586 0.81905594 569.90165143
2700 0.69879540 0.39064575 0.80571090 567.69201898
2701 0.70179547 0.37764335 0.81636461 566.60812592
2702 0.70409234 0.38490293 0.84093481 567.91221737
2703 0.70502994 0.35614470 0.87224140 564.03948818
2704 0.70240816 0.34497073 0.87373279 565.53555982
2705 0.70473772 0.36008646 0.89390080 564.66119972
2706 0.70214865 0.36772184 0.87029558 564.25990841
2707 0.69946121 0.36993428 0.87310572 566.91352942
2708 0.70246798 0.36259810 0.90171242 566.79060006
2709 0.70235543 0.35384510 0.89841631 567.58883298
2710 0.70873938 0.35975358 0.92582484 566.59082036
2711 0.70700406 0.34040243 0.92212108 568.13849387
2712 0.70867806 0.32593299 0.91136569 568.35221670
2713 0.70790801 0.32635497 0.90638550 567.88099388
2714 0.70415285 0.33199528 0.88827258 567.19241057
2715 0.70675612 0.33255655 0.85721379 564.56046501
2716 0.70478093 0.30741651 0.86029329 566.74193043
2717 0.70686280 0.30870507 0.82699793 564.68577179
2718 0.70194802 0.33215044 0.82953829 563.34296132
2719 0.70763744 0.31786992 0.81799412 566.35001365
2720 0.70579661 0.34123027 0.83306334 564.84557214
2721 0.69883682 0.36033192 0.82641772 564.69681404
2722 0.70097705 0.34290996 0.82843570 563.46957571
2723 0.70590228 0.33011156 0.81754635 564.98730289
2724 0.70132912 0.35223395 0.83297075 563.45452254
2725 0.70616845 0.36948062 0.84454940 567.96635861
2726 0.70608303 0.36828244 0.86270638 565.93931320
2727 0.69941827 0.39020419 0.84510821 565.76213603
2728 0.69684516 0.38370414 0.82876381 567.03704670
2729 0.70111031 0.39251410 0.87372145 565.28418057
2730 0.69914229 0.38886920 0.86685181 566.21826070
2731 0.70623360 0.36137773 0.87100365 564.99421954
2732 0.70260860 0.37716700 0.87485510 564.35268374
2733 0.69876264 0.36729118 0.84965829 565.93370812
2734 0.70900734 0.34660852 0.86235538 567.86097158
2735 0.70384731 0.36753531 0.86335161 564.10384604
2736 0.70408360 0.33009352 0.85067169 563.81597632
2737 0.70447514 0.30704410 0.81810020 563.45976277
2738 0.70544198 0.32543769 0.81535323 564.23952685
2739 0.70521228 0.30241241 0.80203248 563.63565011
2740 0.69652589 0.30029164 0.80034804 572.06536927
2741 0.71233252 0.29264996 0.85491544 571.39480469
2742 0.70308721 0.29763582 0.80302374 563.40412958
2743 0.70233576 0.30482123 0.81907462 564.35669134
2744 0.69917365 0.30481885 0.76323639 562.85248837
2745 0.70281700 0.33056817 0.79235789 563.49930728
2746 0.70150068 0.32147417 0.82187016 563.71040406
2747 0.69871670 0.36386465 0.79489521 564.92614950
2748 0.69923144 0.34368851 0.80877443 563.79121364
2749 0.70060983 0.34644473 0.79739926 563.51835375
2750 0.70405485 0.33080293 0.81703669 563.35584978
2751 0.70202533 0.32245033 0.81488074 563.00242286
2752 0.70527218 0.31695492 0.78797046 565.12324798
2753 0.70173130 0.31529069 0.77588739 562.63503984
2754 0.70055561 0.33161198 0.77957778 563.07061216
2755 0.70611560 0.31571804 0.78859653 566.20628871
2756 0.70693933 0.30951211 0.77660572 568.26805905
2757 0.70124192 0.28861260 0.78913174 564.21968412
2758 0.70435211 0.29939856 0.80786546 563.43474970
2759 0.70082733 0.33533337 0.82061258 563.38934488
2760 0.70501656 0.33201455 0.78817354 566.62329355
2761 0.70122166 0.30335920 0.82020684 565.77143068
2762 0.71083224 0.28343156 0.82958565 569.57024486
2763 0.70758594 0.27601797 0.80891248 566.10632091
2764 0.70196946 0.30703517 0.77438130 562.48205065
2765 0.70225832 0.29047095 0.75789316 562.48233176
2766 0.69964779 0.32698141 0.75954718 563.27721981
2767 0.70290620 0.31286492 0.76154453 563.95177243
2768 0.70142474 0.31174074 0.76957426 562.54445921
2769 0.70293926 0.31461301 0.77144575 563.47699988
2770 0.70647359 0.30322989 0.79965843 564.89535947
2771 0.70501362 0.30901481 0.84869963 565.12479319
2772 0.70542509 0.33023135 0.82107005 564.26150984
2773 0.70426342 0.34614295 0.85244828 563.55326855
2774 0.70466318 0.32829632 0.88716963 567.11322143
2775 0.70332369 0.32538362 0.87691003 567.56992160
2776 0.70926971 0.30499450 0.90086908 570.36349678
2777 0.70357910 0.33614972 0.90961357 570.75787966
2778 0.70332094 0.35803609 0.90060455 566.21760486
2779 0.70694908 0.34134163 0.90196944 565.96110946
2780 0.71108581 0.33667241 0.92600147 569.12848021
2781 0.71093474 0.33704032 0.91113779 568.46689185
2782 0.70812854 0.30224905 0.89940241 571.16389394
2783 0.70874325 0.29161481 0.88642466 571.10370826
2784 0.71255100 0.29105651 0.87180125 571.79704694
2785 0.70840084 0.27905810 0.86443221 570.61380135
2786 0.70663422 0.29489563 0.86525750 568.34601236
2787 0.70044270 0.30267047 0.84393721 571.18627020
2788 0.70552663 0.28970037 0.80129165 564.01954974
2789 0.70487697 0.29862496 0.78821036 563.56293615
2790 0.70556734 0.30144185 0.78184996 564.64458037
2791 0.70330227 0.33567119 0.79396543 564.28725817
2792 0.69948626 0.36385808 0.80402765 564.58058277
2793 0.70290876 0.33095812 0.83675756 563.37599432
2794 0.70661656 0.32700325 0.80364274 566.92118953
2795 0.69832812 0.31817262 0.80923066 566.55195533
2796 0.70465286 0.33531180 0.79549743 565.74048628
2797 0.70906923 0.30097065 0.77197677 572.67399843
2798 0.70589349 0.30706925 0.82522831 564.06498916
2799 0.70704193 0.30929692 0.82510748 564.87249693
2800 0.70154458 0.34586657 0.83436644 563.39355986
2801 0.70108847 0.35440856 0.84052721 563.73642007
2802 0.70539574 0.35027270 0.86628224 564.04180359
2803 0.70114828 0.35046979 0.85073000 564.29182542
2804 0.70219030 0.33135149 0.82934013 563.26290319
2805 0.70350108 0.35950812 0.84189541 563.99052759
2806 0.70130124 0.37986227 0.84357788 564.82119764
2807 0.69866529 0.37280517 0.84422327 565.60191875
2808 0.69937878 0.37907756 0.82889475 565.17677303
2809 0.69726912 0.36984510 0.81843856 565.94892491
2810 0.69714401 0.36853033 0.81918102 566.08835630
2811 0.69576306 0.35386153 0.81821713 568.63196342
2812 0.70530630 0.33920056 0.87250936 564.34476754
2813 0.70449039 0.33694843 0.88673577 566.01383593
2814 0.70500566 0.33831122 0.86650114 564.10750607
2815 0.69928344 0.34515564 0.83058681 564.91190483
2816 0.69967684 0.34356445 0.81265901 563.63106054
2817 0.69870190 0.35276410 0.79420494 564.12249278
2818 0.70059276 0.36810800 0.80122573 565.57221420
2819 0.69971239 0.35779552 0.78382696 565.03982855
2820 0.69748291 0.38741034 0.81607817 566.76280500
2821 0.69584603 0.40942710 0.82350427 569.71082513
2822 0.69975451 0.39622995 0.82892974 567.11957133
2823 0.69643086 0.36455981 0.82597820 567.53493891
2824 0.70677109 0.36052816 0.84695980 567.28782107
2825 0.70250239 0.34816820 0.86553452 564.45397798
2826 0.70370295 0.34860432 0.87395568 564.34155858
2827 0.70713686 0.35288893 0.87223234 565.25925780
2828 0.70624741 0.37574794 0.88489722 565.55360792
2829 0.69784942 0.37983026 0.86189054 567.67251291
2830 0.70375303 0.35371248 0.84139069 563.74847570
2831 0.70354005 0.35355966 0.87759780 564.39498027
2832 0.70092974 0.36607177 0.86841469 565.00612437
2833 0.70781842 0.32711840 0.88732612 566.13522953
2834 0.70581241 0.31523300 0.88883049 568.55825841
2835 0.70930654 0.31532814 0.87942385 567.19294205
2836 0.71008574 0.29619012 0.87473952 569.13853979
2837 0.71118594 0.30569073 0.86476194 569.26223176
2838 0.69917869 0.31521873 0.86528254 575.89027776
2839 0.70899033 0.28697753 0.84161510 567.46068449
2840 0.71033604 0.31514722 0.85021565 568.54621252
2841 0.70784924 0.31234728 0.88729603 567.76718804
2842 0.71041712 0.30935401 0.87386720 568.26797272
2843 0.70506736 0.31239318 0.87411320 567.55246103
2844 0.70570265 0.30864605 0.90068785 572.30627537
2845 0.70677553 0.30413665 0.86616498 566.89839086
2846 0.71020294 0.33172681 0.87100723 568.09300654
2847 0.69968134 0.33789030 0.87512273 571.25722169
2848 0.70385788 0.38395423 0.84500468 567.00086358
2849 0.69788886 0.37872052 0.83671224 566.10275086
2850 0.70322644 0.37953193 0.85392102 565.12149196
2851 0.70578573 0.35750891 0.85860009 564.82232213
2852 0.70141795 0.36782011 0.87644765 565.06666233
2853 0.70520042 0.38797895 0.90481564 565.17472912
2854 0.70146967 0.37744573 0.87312873 564.68625656
2855 0.70378370 0.35027309 0.87886003 564.54136668
2856 0.70380030 0.37435275 0.92135099 566.46429814
2857 0.70587076 0.38964120 0.88097671 566.99928354
2858 0.70122383 0.39671845 0.88620771 565.57254400
2859 0.70523993 0.39990061 0.89407981 566.71196855
2860 0.70138151 0.41934025 0.87849162 567.80050552
2861 0.69714651 0.41728716 0.88229787 569.67684326
2862 0.70228869 0.41394416 0.88759514 566.91544435
2863 0.70235365 0.42105431 0.87949502 568.54582266
2864 0.70364078 0.40351695 0.86110799 568.47788334
2865 0.70389315 0.38628194 0.83805185 568.23382823
2866 0.69557668 0.38237003 0.81453575 568.03428306
2867 0.70544573 0.35317374 0.82685947 566.22228735
2868 0.70694421 0.35183233 0.84280004 566.78285867
2869 0.70040432 0.35355834 0.86061551 565.65238927
2870 0.70021435 0.37575382 0.85850777 564.90630515
2871 0.70426414 0.36335182 0.82630385 566.13679735
2872 0.70515409 0.36107453 0.84899488 565.05117371
2873 0.69967330 0.36226231 0.81499822 564.18180983
2874 0.69956866 0.36639139 0.81443153 564.48279817
2875 0.70190890 0.34127702 0.83105659 563.21339733
2876 0.70625056 0.34326158 0.85576860 564.46722346
2877 0.70678852 0.32717546 0.86554940 564.79484091
2878 0.70816219 0.32971956 0.84737825 566.15009680
2879 0.70453784 0.32996915 0.83786500 563.40396853
2880 0.70397128 0.36173080 0.84549914 564.30474927
2881 0.70011642 0.36322620 0.86115604 565.40724032
2882 0.70414539 0.38934636 0.87784140 565.52891898
2883 0.70126885 0.34975615 0.87438660 566.42337894
2884 0.70096382 0.36307020 0.87590505 565.74079539
2885 0.69742186 0.38121977 0.85265031 567.51750559
2886 0.70039591 0.38314283 0.85321198 564.95147627
2887 0.70285386 0.36740159 0.82616304 565.21346994
2888 0.69731318 0.36284572 0.79932591 565.32357762
2889 0.69837055 0.33984927 0.83600605 567.24350122
2890 0.70118835 0.34310758 0.79915581 563.35402024
2891 0.70035149 0.34764493 0.82325996 563.57185139
2892 0.70106737 0.34103627 0.85402537 565.30089310
2893 0.70383486 0.36378365 0.85181063 564.14251881
2894 0.70223943 0.36612763 0.86081477 563.94508854
2895 0.70552038 0.37157448 0.86209472 565.71476176
2896 0.70459888 0.34324729 0.87238915 564.23453550
2897 0.70838620 0.33145392 0.83788263 567.26075868
2898 0.70998448 0.32063268 0.86470358 567.61550219
2899 0.70673571 0.33676505 0.83739718 565.33207122
2900 0.70042150 0.35739573 0.85011631 564.57825561
2901 0.70445772 0.37174626 0.87021669 564.47893255
2902 0.70580352 0.38706877 0.88082261 566.58084132
2903 0.70509999 0.37617161 0.87834020 564.93411224
2904 0.70099610 0.38079866 0.83528220 565.17735758
2905 0.70584373 0.36281034 0.86578721 564.96869517
2906 0.70479262 0.37711034 0.87732180 564.84420056
2907 0.70160450 0.36546563 0.84320860 563.87449637
2908 0.69634151 0.38881747 0.82020234 567.60870176
2909 0.69538418 0.39168057 0.81174439 568.65637851
2910 0.69287892 0.37718324 0.80739882 572.29395958
2911 0.69631615 0.37928135 0.82568335 567.45381652
2912 0.70149160 0.38696369 0.81270069 568.37273234
2913 0.69876696 0.36697637 0.82956898 564.91497962
2914 0.69863913 0.35715998 0.83286010 565.27168438
2915 0.70870651 0.34805886 0.83801976 570.12261259
2916 0.70815646 0.36624231 0.85281378 570.14642326
2917 0.70203102 0.36290974 0.81856030 564.59331069
2918 0.69677874 0.37957144 0.80564526 566.66085311
2919 0.70512798 0.36720286 0.82791674 567.84493050
2920 0.70235555 0.34648641 0.84458447 563.45325920
2921 0.70627583 0.34630288 0.85242000 564.75711943
2922 0.70150921 0.34426398 0.81481527 563.14946628
2923 0.70483994 0.36054510 0.84338639 565.03809614
2924 0.70538441 0.34372899 0.82952881 564.82840481
2925 0.70286963 0.35456545 0.81747922 564.32851895
2926 0.70303651 0.35277329 0.82281653 563.97763956
2927 0.69892548 0.31002664 0.79890012 565.38502514
2928 0.70509016 0.29650525 0.78860499 563.68221102
2929 0.70098497 0.29886011 0.76941990 562.45863717
2930 0.70202849 0.31997348 0.78593755 562.70047393
2931 0.70399466 0.29999078 0.82759938 564.66518390
2932 0.69731763 0.34767018 0.81129341 565.79006576
2933 0.69699167 0.34787559 0.81467913 566.53000901
2934 0.69872534 0.35930812 0.84001888 565.58731800
2935 0.70093464 0.34401015 0.81424226 563.17770539
2936 0.70003002 0.34751789 0.82519095 563.83004534
2937 0.69745946 0.36635426 0.80246008 565.40614154
2938 0.70013000 0.34677121 0.84133852 564.73600658
2939 0.70754411 0.31534253 0.84411026 565.16412102
2940 0.70567979 0.32560373 0.85162872 564.07126685
2941 0.69893670 0.36532769 0.85328016 566.08029811
2942 0.70060881 0.34857952 0.85107860 564.91682789
2943 0.69782586 0.35635465 0.81840003 565.34730283
2944 0.70216599 0.35703785 0.83910220 563.53075016
2945 0.69614438 0.34236198 0.81993400 569.17718795
2946 0.70860781 0.33739198 0.83301134 568.87261998
2947 0.69785109 0.32409933 0.79821495 565.44350948
2948 0.70084018 0.34809135 0.79185746 563.95801432
2949 0.69787953 0.33453450 0.78252117 563.97306043
2950 0.70122375 0.34739775 0.76065757 566.98070324
2951 0.70069910 0.30527960 0.75564939 562.42749373
2952 0.70164787 0.30442363 0.77852975 562.45726127
2953 0.69919143 0.31699479 0.78597368 563.45145351
2954 0.69617169 0.31397976 0.74196643 564.30605830
2955 0.69541068 0.30251896 0.71839959 564.41354528
2956 0.69963795 0.30751277 0.70683815 564.95452993
2957 0.69838334 0.27155024 0.73110253 563.63514267
2958 0.70436807 0.23564747 0.69894090 564.89805989
2959 0.69902886 0.21654459 0.69273381 566.55993821
2960 0.70209485 0.24185269 0.65682801 565.22088374
2961 0.69392205 0.23306342 0.60693195 564.21052453
2962 0.69623823 0.21891787 0.60431564 563.28124354
2963 0.69476344 0.21350574 0.60941411 564.32053215
2964 0.69936082 0.20430890 0.58805931 565.02369980
2965 0.69650688 0.22029679 0.58219240 564.32933911
2966 0.69893336 0.20204691 0.58244614 564.89321589
2967 0.69905279 0.16276343 0.57748012 565.18806876
2968 0.69752632 0.17055268 0.55128626 564.69330834
2969 0.69520667 0.18054753 0.57366415 564.81218259
2970 0.69249176 0.17736961 0.53646038 565.91542452
2971 0.69687691 0.13106369 0.52406913 566.58465625
2972 0.69690152 0.13721126 0.51278605 566.04196719
2973 0.69570527 0.15353490 0.49587435 566.13067290
2974 0.69367518 0.15608293 0.48916059 565.90970638
2975 0.69353459 0.15772816 0.49136866 565.85101248
2976 0.69066438 0.13285507 0.47449444 568.80662153
2977 0.69532190 0.12535916 0.47637478 566.67370941
2978 0.69055954 0.12917751 0.45919008 568.49883839
2979 0.68767595 0.12109705 0.44372943 572.98015208
2980 0.69354943 0.11977634 0.46562835 567.11123566
2981 0.68715273 0.12927040 0.45807046 574.45237204
2982 0.69276714 0.11268804 0.46741446 568.25599187
2983 0.69259729 0.12958434 0.47041016 567.03699664
2984 0.69200231 0.13930427 0.48270088 567.12817039
2985 0.69032276 0.12984942 0.48659949 570.74972053
2986 0.69743564 0.12085430 0.46507923 568.66810645
2987 0.69132400 0.10628760 0.46042676 570.26225500
2988 0.69767907 0.14962955 0.48528121 568.86962256
2989 0.69617169 0.17177650 0.50329300 567.04048627
2990 0.69308514 0.17855889 0.52521410 565.26207388
2991 0.69056348 0.17998823 0.50511763 567.04266981
2992 0.69433586 0.17068143 0.49219528 566.53453189
2993 0.69790251 0.16712976 0.49511893 569.94273008
2994 0.69669033 0.16168782 0.50983287 566.20393017
2995 0.68608141 0.19194421 0.49445258 573.24807666
2996 0.69911508 0.17831228 0.50263302 572.93249804
2997 0.69158242 0.19585673 0.49008472 567.84331779
2998 0.69260752 0.18771646 0.48853580 567.47345488
2999 0.68959899 0.18861944 0.49213720 567.99117576
3000 0.68967266 0.19967624 0.50575897 567.91235446
3001 0.69217495 0.20343136 0.49518448 568.35437237
3002 0.69012392 0.20037455 0.48838729 568.45053513
3003 0.69439793 0.19925802 0.50817821 567.83890833
3004 0.69917347 0.17647125 0.53351359 567.98241339
3005 0.69633883 0.15958207 0.53572150 564.92469206
3006 0.69946477 0.16175792 0.53825403 566.81075065
3007 0.68935982 0.17434579 0.53728148 571.46675787
3008 0.69189317 0.18677100 0.52661825 565.88206904
3009 0.69685794 0.17604137 0.55240520 564.41871106
3010 0.69069907 0.20737054 0.55521468 567.12989651
3011 0.70028127 0.18912354 0.57584868 566.15989359
3012 0.69548077 0.20451438 0.58392149 563.70600177
3013 0.70040955 0.19332196 0.58926376 565.44829747
3014 0.70150922 0.19876695 0.60296649 566.04089041
3015 0.69211890 0.21243752 0.58032591 566.01686403
3016 0.69428761 0.19507950 0.56142637 564.33843973
3017 0.69948481 0.14757720 0.54416720 566.35461386
3018 0.69935325 0.12850476 0.52087613 567.47870986
3019 0.70025398 0.13504695 0.53527405 567.60789253
3020 0.70276099 0.13464691 0.51821588 572.93795004
3021 0.70025309 0.15962411 0.48560014 575.56652017
3022 0.69979405 0.13656060 0.46356475 574.62534822
3023 0.69772840 0.13219887 0.47393384 568.80111519
3024 0.69848001 0.11245736 0.47488331 568.94544006
3025 0.69487833 0.08459376 0.44917572 569.36504561
3026 0.69563158 0.08267376 0.42259719 569.47421571
3027 0.69812307 0.06643269 0.43551262 571.63149418
3028 0.69596402 0.07992546 0.43522049 569.53234933
3029 0.69399528 0.07452959 0.43030126 570.12733789
3030 0.69359168 0.07979142 0.43824029 570.08515205
3031 0.69486036 0.10142463 0.41722483 569.22477813
3032 0.69611545 0.10279261 0.42528267 569.83394215
3033 0.68851201 0.12918901 0.43904523 570.28581629
3034 0.68963245 0.10929867 0.43155996 570.15400403
3035 0.69036893 0.13383657 0.43679934 568.14564081
3036 0.68722903 0.13221788 0.41415134 571.14725516
3037 0.69125008 0.13715191 0.38016301 573.36948573
3038 0.68561372 0.15578659 0.39419743 573.44708632
3039 0.68822178 0.15584063 0.40137755 571.61649782
3040 0.69503414 0.12802254 0.40743104 573.03283491
3041 0.69499034 0.11944944 0.43429278 568.71865753
3042 0.69246763 0.10968232 0.40641190 568.84320933
3043 0.69082234 0.11099707 0.44255846 569.10671500
3044 0.69129733 0.11721360 0.47397452 569.85368192
3045 0.69276729 0.12608027 0.48748560 567.85850527
3046 0.69015105 0.13891662 0.48631162 569.73035816
3047 0.69322592 0.15581394 0.47364548 566.58903120
3048 0.69293941 0.15629633 0.48692971 566.04461086
3049 0.69326491 0.16910039 0.47152378 567.63942924
3050 0.69447213 0.18607067 0.49867687 567.40980309
3051 0.69619922 0.17641482 0.51881451 565.97437365
3052 0.68855835 0.17804209 0.50634416 569.95126884
3053 0.69785871 0.14814980 0.50350584 567.15188429
3054 0.69791688 0.13692448 0.50236601 566.95901276
3055 0.69134495 0.13970951 0.51439322 570.28645611
3056 0.69924943 0.17093815 0.51889510 569.39856372
3057 0.69803754 0.16394847 0.52045093 566.77366392
3058 0.69784806 0.15822250 0.51938848 566.35359256
3059 0.69878539 0.12340948 0.51381482 567.45632907
3060 0.69507694 0.13333665 0.52837530 567.51694690
3061 0.69759860 0.13973557 0.55127989 566.61809729
3062 0.70078369 0.16904260 0.56889353 566.42965743
3063 0.69961365 0.20211183 0.57464465 566.45691523
3064 0.69297922 0.19585475 0.59198114 567.13754359
3065 0.69315069 0.19105410 0.57825921 566.27340492
3066 0.69731297 0.18264746 0.60522796 564.84022281
3067 0.69693152 0.19355645 0.57791389 563.75831561
3068 0.69385905 0.21351551 0.59426870 564.57009731
3069 0.69727653 0.17938695 0.60071714 564.95105272
3070 0.69858925 0.16688253 0.62456826 568.04646605
3071 0.69590079 0.17727706 0.57471231 564.66497907
3072 0.69734511 0.15684172 0.57946259 566.30915587
3073 0.69752125 0.16763683 0.58871761 565.43339154
3074 0.69377362 0.20873496 0.58724886 564.65376106
3075 0.69343871 0.22606235 0.59067135 564.51743111
3076 0.69432010 0.21281523 0.58573168 564.07806684
3077 0.70009231 0.20215502 0.59057921 565.49561756
3078 0.70108480 0.19266289 0.57021470 568.36842441
3079 0.69834443 0.18021228 0.59143345 564.20924023
3080 0.69986376 0.18615055 0.56964430 565.98475655
3081 0.70084800 0.16508827 0.57447444 566.17517251
3082 0.69321808 0.16855322 0.58603068 570.65710932
3083 0.70425155 0.16719827 0.58726421 570.36590602
3084 0.69728570 0.16847267 0.58360230 565.16677893
3085 0.69573760 0.20633586 0.55778536 564.71284992
3086 0.69030106 0.20247875 0.56434813 568.67310371
3087 0.69287911 0.19996200 0.58095469 565.96103649
3088 0.69553232 0.19127014 0.58417381 564.20648515
3089 0.69362220 0.18848019 0.57994992 566.04583358
3090 0.69616754 0.20282188 0.61235668 564.07414251
3091 0.69574793 0.20976095 0.57892565 563.78676940
3092 0.69662646 0.18869916 0.57272142 563.86921091
3093 0.69555968 0.19767349 0.56655026 563.95313127
3094 0.69335343 0.21631747 0.55463725 565.10820855
3095 0.69432533 0.20454895 0.56779985 564.19543871
3096 0.69628967 0.20930254 0.56419005 564.73873074
3097 0.69803747 0.19217028 0.58312648 563.90815470
3098 0.69733141 0.19634349 0.57756390 563.88180282
3099 0.69268369 0.18944373 0.58174402 567.48395475
3100 0.69574991 0.18923535 0.59454815 564.66698351
3101 0.69795965 0.18704323 0.55681130 565.07801421
3102 0.69719718 0.21502420 0.57213613 565.20423943
3103 0.69887370 0.19000702 0.59959206 563.88431459
3104 0.69627549 0.19947319 0.61791095 564.62311061
3105 0.69996031 0.16009580 0.60446485 566.48836907
3106 0.70086603 0.16866502 0.59550484 565.60192188
3107 0.69879371 0.16142174 0.58499981 565.50256451
3108 0.70193793 0.14182900 0.58606755 568.21615212
3109 0.69993787 0.15230580 0.59959260 567.28380170
3110 0.70281068 0.17054533 0.61614447 566.77986013
3111 0.70180961 0.17152188 0.60317385 566.05078810
3112 0.69964442 0.17555477 0.62928414 566.20027652
3113 0.70200389 0.18374408 0.63736106 565.53137635
3114 0.70299795 0.19135582 0.64548878 565.67083509
3115 0.70099038 0.18109416 0.63105100 565.33059396
3116 0.69919138 0.14595089 0.58603391 567.47744957
3117 0.70189959 0.13885725 0.57049419 568.25595862
3118 0.69704312 0.12869416 0.54415077 567.96327117
3119 0.70175526 0.13786684 0.55292004 568.48137684
3120 0.69854565 0.15011683 0.53038624 566.12635887
3121 0.69481219 0.17639668 0.51586587 565.40271225
3122 0.69411349 0.16739724 0.51384162 565.20888743
3123 0.69346052 0.15918335 0.48183790 566.30011165
3124 0.69444562 0.16542920 0.52478103 565.02251231
3125 0.69220853 0.19170353 0.53996012 565.62549790
3126 0.69437793 0.22441558 0.55641699 565.71890297
3127 0.69333797 0.21760204 0.55025598 565.40914241
3128 0.69291106 0.20602201 0.55115428 565.03353002
3129 0.69528011 0.21475153 0.53054723 568.02994717
3130 0.69479502 0.22053423 0.56870637 564.63100371
3131 0.68975851 0.23418982 0.60601910 570.33870103
3132 0.69401483 0.26524392 0.59555632 566.69520533
3133 0.69378723 0.26382215 0.60606521 565.63434510
3134 0.69176492 0.24947221 0.60326206 566.08223168
3135 0.69542029 0.23694775 0.60121579 563.92701009
3136 0.69633492 0.20917892 0.59813948 563.38132023
3137 0.69345654 0.22847678 0.57987663 564.66946215
3138 0.69750490 0.19950176 0.57999383 563.91792846
3139 0.69597979 0.23658074 0.60060947 564.03800915
3140 0.69615341 0.23356659 0.58570018 564.98205883
3141 0.69370970 0.22654750 0.58619074 564.38469150
3142 0.69298230 0.22295912 0.58015942 564.83828733
3143 0.69098300 0.22477825 0.58581617 567.20955314
3144 0.69572693 0.22677279 0.55531898 567.04771988
3145 0.69628535 0.25333565 0.58312705 568.12572753
3146 0.69217634 0.22520632 0.58841841 565.67161863
3147 0.69038133 0.21492313 0.56633470 567.71279035
3148 0.69427929 0.22637111 0.60602275 564.04708388
3149 0.69352557 0.22173610 0.62840253 566.48708840
3150 0.69273928 0.25781452 0.62854949 565.36511535
3151 0.69872334 0.26720043 0.64936123 564.68338139
3152 0.69422052 0.28697307 0.64650687 565.28628325
3153 0.69751495 0.30338511 0.67968479 565.39831519
3154 0.69573076 0.29651523 0.68020543 564.19310014
3155 0.70118787 0.30049502 0.70669308 565.72810666
3156 0.69737271 0.30996536 0.73975627 563.28614237
3157 0.69856627 0.30389727 0.73446430 562.68861301
3158 0.69716404 0.31560209 0.74471208 563.54308018
3159 0.70371254 0.27998373 0.72602009 564.63798178
3160 0.69972013 0.28433304 0.74340819 562.54190552
3161 0.69924909 0.30313952 0.75179657 562.54199574
3162 0.70227488 0.28571720 0.75412750 562.49189135
3163 0.69940271 0.30703797 0.75475541 562.53729212
3164 0.69502595 0.31183734 0.73814324 565.56742095
3165 0.70555962 0.29342342 0.75092050 566.51094041
3166 0.69787241 0.31763572 0.79083988 565.26604639
3167 0.70462684 0.34328558 0.81027165 565.34777446
3168 0.70448146 0.34894836 0.84565100 563.76452883
3169 0.70613307 0.36600910 0.85023300 566.76260395
3170 0.69910034 0.39195312 0.83062138 566.37566325
3171 0.69726004 0.37642271 0.82116213 566.20461070
3172 0.70065796 0.34727857 0.82843111 563.58074086
3173 0.70648080 0.36149383 0.86727023 565.41747602
3174 0.70243502 0.37455289 0.87708022 564.38935678
3175 0.70724478 0.37367569 0.88969779 566.15676878
3176 0.70156504 0.38453795 0.90398073 566.29741199
3177 0.70793988 0.37317669 0.87043586 568.71567219
3178 0.70400813 0.38664691 0.86930082 565.59350721
3179 0.70397270 0.36809264 0.88416932 564.24384712
3180 0.70410567 0.38112346 0.88917376 564.61271031
3181 0.70421808 0.36826872 0.92456606 567.01898624
3182 0.70760973 0.38929196 0.92434464 566.39458431
3183 0.70363201 0.40377998 0.92534774 565.89375311
3184 0.70556260 0.40157460 0.92044392 565.97213376
3185 0.69808025 0.41169303 0.90097116 569.58657386
3186 0.69960495 0.44682112 0.89928946 570.40489139
3187 0.69823356 0.45531333 0.90439374 571.79758236
3188 0.69357331 0.40857195 0.87800597 577.02411176
3189 0.69855631 0.39450341 0.85631821 566.52413007
3190 0.70001370 0.39896436 0.83003377 567.56149840
3191 0.70146630 0.38372197 0.82323731 566.65282602
3192 0.70010243 0.39937488 0.84282548 566.77113706
3193 0.69827326 0.37037936 0.81450484 565.15150342
3194 0.70060737 0.38760120 0.82847710 566.26524625
3195 0.70177541 0.36962002 0.83262189 564.42823148
3196 0.70059231 0.36699631 0.81283532 564.69016113
3197 0.70045533 0.36882610 0.80196522 565.53394242
3198 0.69952304 0.37191832 0.79025249 566.40396506
3199 0.70089842 0.36125079 0.78563228 566.17328013
3200 0.70092487 0.38023278 0.77709643 571.20244327
3201 0.70108624 0.35062666 0.76434819 566.93781738
3202 0.69913599 0.34843755 0.79452676 563.76768367
3203 0.69873783 0.35784298 0.78786278 564.63706896
3204 0.69743986 0.35124721 0.77462445 564.75073716
3205 0.70015641 0.30988460 0.75534847 562.52379530
3206 0.70215577 0.34273892 0.76801130 566.46491872
3207 0.70214896 0.33695784 0.77724812 564.64286831
3208 0.70624538 0.26728249 0.79902871 565.79736889
3209 0.70522411 0.30243646 0.80337406 563.63367501
3210 0.69979583 0.31207504 0.77107066 562.64401300
3211 0.70021442 0.33601035 0.76079654 564.30746450
3212 0.70011418 0.33670347 0.78907873 563.11127482
3213 0.69989317 0.33551406 0.75299330 564.64922042
3214 0.70168937 0.32932051 0.78266321 563.19015917
3215 0.69636290 0.32966994 0.76009366 564.63449278
3216 0.69864388 0.31614372 0.74002053 563.12488933
3217 0.70250015 0.30551755 0.73852012 564.65797124
3218 0.70186306 0.29114130 0.76393592 562.42918617
3219 0.70296739 0.31577099 0.77378718 563.45642212
3220 0.70054287 0.30790255 0.75580030 562.48893670
3221 0.70273339 0.30826697 0.74410357 564.74434633
3222 0.70395437 0.29002560 0.73979981 564.72383162
3223 0.70238157 0.29462770 0.71460005 565.61439818
3224 0.70538981 0.28105213 0.72768944 567.33044254
3225 0.70252369 0.26288677 0.73256329 562.82256773
3226 0.69838859 0.28701479 0.71114759 562.51128560
3227 0.70341207 0.29395138 0.73061123 565.26787106
3228 0.69811822 0.26828221 0.72432725 563.67996511
3229 0.70223332 0.26948415 0.70125921 563.92700538
3230 0.69521547 0.25911711 0.70404806 566.87313005
3231 0.69929748 0.30952443 0.70445317 565.16778302
3232 0.69471713 0.29597999 0.71764172 565.44023105
3233 0.70284077 0.27510271 0.73222834 563.05242204
3234 0.70343620 0.27765044 0.73445461 563.57413080
3235 0.70196406 0.26254082 0.75718846 563.91842806
3236 0.69905349 0.28851839 0.76597795 564.21931177
3237 0.70015526 0.27055979 0.74999358 563.63964646
3238 0.70439444 0.27986240 0.74373481 564.19977682
3239 0.70020135 0.29225868 0.76968361 563.14041580
3240 0.69965015 0.29295862 0.74800080 562.44547681
3241 0.70061858 0.30506400 0.75676552 562.39612167
3242 0.70002246 0.30179300 0.76959934 562.72832082
3243 0.70387745 0.26818837 0.79857131 566.11806902
3244 0.70034281 0.30801219 0.78951149 563.24648723
3245 0.70381241 0.32035862 0.79307449 563.48037498
3246 0.70034046 0.34566573 0.78115863 564.09649793
3247 0.69649001 0.37062780 0.77193884 566.93613088
3248 0.69571000 0.36427251 0.77774432 566.57472561
3249 0.69636083 0.35906927 0.79278948 565.91095320
3250 0.70466624 0.37233845 0.82510288 568.39762050
3251 0.70464382 0.34819635 0.81077333 565.97990237
3252 0.70068580 0.35310555 0.79501807 564.22351982
3253 0.69782559 0.34636420 0.75945246 564.77591147
3254 0.69253981 0.34623537 0.75966752 570.08495636
3255 0.70213051 0.37029811 0.77305580 571.50291564
3256 0.70170460 0.37291973 0.78519156 569.43075882
3257 0.69522382 0.38176219 0.77716259 568.45327132
3258 0.69512509 0.34887703 0.79027282 567.51635791
3259 0.70066954 0.34827255 0.80695223 563.40975356
3260 0.70022367 0.35820006 0.80198134 564.23453318
3261 0.70215651 0.33820568 0.77516092 565.00259407
3262 0.70204010 0.34835833 0.78751692 565.14136638
3263 0.70455578 0.34221557 0.79196023 567.03134186
3264 0.70994748 0.32906260 0.84295690 569.50127910
3265 0.70710383 0.32589057 0.87930426 565.61191411
3266 0.70445800 0.34946787 0.90315275 566.42036354
3267 0.71168501 0.33712258 0.90407465 569.40405186
3268 0.70902569 0.37256093 0.93628009 566.83972255
3269 0.70476412 0.37331419 0.90280746 564.75320481
3270 0.70731621 0.35509241 0.89952478 565.26939108
3271 0.70608136 0.35312542 0.91102284 565.89578525
3272 0.70254823 0.36994736 0.88105253 564.51798803
3273 0.70431577 0.38009458 0.88278290 564.67645078
3274 0.70773031 0.36335915 0.89815876 565.66139768
3275 0.70808207 0.36341176 0.92961207 566.40204583
3276 0.70802291 0.37103127 0.93979692 566.60691313
3277 0.70523582 0.40242706 0.95645821 566.89492052
3278 0.70689469 0.38098231 0.93088857 565.78212993
3279 0.70881113 0.37236750 0.93323212 566.65072764
3280 0.70510957 0.40783991 0.94512414 566.31048843
3281 0.70053525 0.42128611 0.95129963 570.34534306
3282 0.70692807 0.42275612 0.92635061 569.51515853
3283 0.70241237 0.42948976 0.93611355 567.50325237
3284 0.70467333 0.43757489 0.93911869 568.56965655
3285 0.70865940 0.39318324 0.93436202 567.37619685
3286 0.70073462 0.41824439 0.91997759 567.58629005
3287 0.70000472 0.41287017 0.92149356 568.50989505
3288 0.70841168 0.42249663 0.94766824 569.67795955
3289 0.70738651 0.38993316 0.95327225 566.63141509
3290 0.70585271 0.38826246 0.95477567 567.18168175
3291 0.70320674 0.38957910 0.91675522 565.71214222
3292 0.70820717 0.39761207 0.93947000 567.09871419
3293 0.70325828 0.41218276 0.94263843 566.88560446
3294 0.70159773 0.40244058 0.88393754 565.78816122
3295 0.70268532 0.40120993 0.90050437 565.54448240
3296 0.70410935 0.39618191 0.91854694 565.45151881
3297 0.70590537 0.40532328 0.87837521 570.06082605
3298 0.70040635 0.37464785 0.86800708 565.19929615
3299 0.70612870 0.36366625 0.87770216 564.83570190
3300 0.70104314 0.37397527 0.87012749 564.82499804
3301 0.70226013 0.37974584 0.86445794 564.46624950
3302 0.70228220 0.38708534 0.87108397 564.85179343
3303 0.70114071 0.39596284 0.89056513 565.70153920
3304 0.70748240 0.41701426 0.90980911 571.17601258
3305 0.69890029 0.41192197 0.90634491 568.80161356
3306 0.70797401 0.41195637 0.93729989 568.38739298
3307 0.70093433 0.40334268 0.94857599 570.91301719
3308 0.69875033 0.39584226 0.93938341 575.29405707
3309 0.70806998 0.41498417 0.96690501 567.66159277
3310 0.70457073 0.40883442 0.93676474 566.15955683
3311 0.70178798 0.40764171 0.92558248 566.97571559
3312 0.70655327 0.40555830 0.93178401 566.60077142
3313 0.70217291 0.41092085 0.91357898 566.27812436
3314 0.69923958 0.41556197 0.90944582 568.53965151
3315 0.70759636 0.41011359 0.92622362 568.45156805
3316 0.70492619 0.41324179 0.94669343 566.49727110
3317 0.70360986 0.44769044 0.96155329 568.74427017
3318 0.70441713 0.45547950 0.96999484 569.50683808
3319 0.70210421 0.45089442 0.96773199 569.57346644
3320 0.70153554 0.44976259 0.97137273 570.18273947
3321 0.70747375 0.44502619 0.97722289 569.79565283
3322 0.70538802 0.48294849 0.97579579 574.47543765
3323 0.70217893 0.51101827 1.00308663 576.05739161
3324 0.70124592 0.46745240 0.99134496 572.11483540
3325 0.70055081 0.47425662 0.99296070 573.20661299
3326 0.70682709 0.44035306 0.98260319 568.65001090
3327 0.70773418 0.44934669 0.99792381 569.73242442
3328 0.70987914 0.43212414 1.00571513 569.77573687
3329 0.70568344 0.42235198 0.99678202 569.16809002
3330 0.71123136 0.41992922 0.98705333 570.79926949
3331 0.70699887 0.43267668 0.98649973 568.20423894
3332 0.70715657 0.43581445 0.97482879 568.57100288
3333 0.70388522 0.44371227 0.94849584 568.59443942
3334 0.70860103 0.41002704 0.95585624 567.95782557
3335 0.71126301 0.42175709 0.95090897 574.57506330
3336 0.71187667 0.41692721 0.94504867 575.89789070
3337 0.70126906 0.40601906 0.93367374 568.26686985
3338 0.70905822 0.41723563 0.96192630 568.90217855
3339 0.70841426 0.43863781 0.98995451 569.37935464
3340 0.70606963 0.41750701 0.97647170 567.55087003
3341 0.70642149 0.41694420 1.00482245 569.85428430
3342 0.70721146 0.39149371 0.98706492 569.61543063
3343 0.70854854 0.39858363 0.96511984 567.32086976
3344 0.70507140 0.36105493 0.94286930 569.67747678
3345 0.70640448 0.38072957 0.93306393 565.82982877
3346 0.71131917 0.39203805 0.95080622 570.08559188
3347 0.70979203 0.38701518 0.93843424 568.06597426
3348 0.70759169 0.39823090 0.93353981 566.76869584
3349 0.71008975 0.37248378 0.95352019 567.96542952
3350 0.70913295 0.36250849 0.94048907 567.31498521
3351 0.70408221 0.35255704 0.94152623 572.68628443
3352 0.70922435 0.34564767 0.95518322 570.68809594
3353 0.71496408 0.34494234 0.95039676 574.05306671
3354 0.71541979 0.33582068 0.96172162 575.35461226
3355 0.71140545 0.37260830 0.99377378 571.27655738
3356 0.70653987 0.38544244 0.99663156 572.85288788
3357 0.70979829 0.37417014 1.00595867 573.26071665
3358 0.71082448 0.38995452 1.01969913 572.27172558
3359 0.71478360 0.41512357 1.04678375 574.44793334
3360 0.70666949 0.45255775 1.01223850 569.63337618
3361 0.70473256 0.48408012 1.00680610 572.20313494
3362 0.70075898 0.48774864 1.04836970 578.78191622
3363 0.70009649 0.51041860 1.04514362 578.99724924
3364 0.69901550 0.53316378 1.02151877 580.63079805
3365 0.69733846 0.53241663 0.98805755 582.03424328
3366 0.69828610 0.51107511 0.96228263 578.45077943
3367 0.69600813 0.48621546 0.98303276 580.60994326
3368 0.69908943 0.50249620 0.98678729 576.42258238
3369 0.70147829 0.49872734 1.00857103 574.53155807
3370 0.70053306 0.48952846 1.00142511 574.37425423
3371 0.70752429 0.47190047 1.00044116 572.52884004
3372 0.70086673 0.45597431 0.99432121 572.99555723
3373 0.70568713 0.45276659 0.97638894 569.50047542
3374 0.70721440 0.45174514 0.97311155 570.78318146
3375 0.70103321 0.45456491 0.96196090 570.31547329
3376 0.70376295 0.46051737 0.97010939 569.95092108
3377 0.70828039 0.45630562 1.00487710 570.71817967
3378 0.71000393 0.44546579 0.97370323 573.87099722
3379 0.69602821 0.47941932 0.96619806 578.74387095
3380 0.70758105 0.47870150 0.95123485 580.98098963
3381 0.70463972 0.46028658 0.95622525 570.98851682
3382 0.70349526 0.44684614 0.94664869 568.91570884
3383 0.70097725 0.42931036 0.96764611 571.07069968
3384 0.70542696 0.39573171 0.95811640 567.24189839
3385 0.70964094 0.39589109 0.95383133 568.03014974
3386 0.70589501 0.37073689 0.93391879 566.55620610
3387 0.70677248 0.36238194 0.93044115 566.58354881
3388 0.70624469 0.36945650 0.92106346 565.56598499
3389 0.70275700 0.37864583 0.87084884 564.38697274
3390 0.70624694 0.35529389 0.87536811 564.57731595
3391 0.70345691 0.33740756 0.84872859 563.54340376
3392 0.70259490 0.33460281 0.84849433 564.01463694
3393 0.70707199 0.34392892 0.86707787 564.93318664
3394 0.70952225 0.35605022 0.88909231 567.68468375
3395 0.71082463 0.37007631 0.92977497 568.64271816
3396 0.70790037 0.38297151 0.91553940 566.48295288
3397 0.70466353 0.36316184 0.94640290 570.46315998
3398 0.70425960 0.35606219 0.92922507 569.35208085
3399 0.70303713 0.36720006 0.92385592 568.45046651
3400 0.70607931 0.37062020 0.95554043 568.99752128
3401 0.71193134 0.35220049 0.95766977 570.37320733
3402 0.70871061 0.36634151 0.94684022 567.39914724
3403 0.70850740 0.36352448 0.95603368 568.49183361
3404 0.71050897 0.38204226 0.94591278 568.41108939
3405 0.70534853 0.39028063 0.93716385 565.97346494
3406 0.70854631 0.36920798 0.91362550 566.37061257
3407 0.70808787 0.38068003 0.94025263 566.42464099
3408 0.70432277 0.38681892 0.92542973 565.73981223
3409 0.70201545 0.37137821 0.87382193 564.43909410
3410 0.70059651 0.38433239 0.88349363 565.76103201
3411 0.70034471 0.38753363 0.89642067 566.88110979
3412 0.70381878 0.37450617 0.89622003 564.65520161
3413 0.70830911 0.39206513 0.94727919 566.80657954
3414 0.70662934 0.34824729 0.92468881 567.57697363
3415 0.70376297 0.39458150 0.88311722 565.59875032
3416 0.70708095 0.38268175 0.86412140 569.54886621
3417 0.70027933 0.39689529 0.87009414 565.79263022
3418 0.70265170 0.38726019 0.92436457 566.88358390
3419 0.70425607 0.37463895 0.93270322 567.26675086
3420 0.70935670 0.37955568 0.94861248 567.28822074
3421 0.70920268 0.41169320 0.98555675 568.29696715
3422 0.70264251 0.42840826 1.00207618 573.28074451
3423 0.70349590 0.40887538 0.97836001 570.48291629
3424 0.70457658 0.42768977 0.97527701 567.99241441
3425 0.70180782 0.44279632 0.98592439 571.18445042
3426 0.70644388 0.44120646 0.99601290 568.69917580
3427 0.70908212 0.43290148 0.99120950 569.38545377
3428 0.70434208 0.41506634 0.99443847 570.93984044
3429 0.70731832 0.40397646 1.00916925 571.04912063
3430 0.70622506 0.41128422 1.01883297 572.82491774
3431 0.71146030 0.42044168 1.00435351 570.57876200
3432 0.71461279 0.40301938 0.98972923 574.86048712
3433 0.71260427 0.40268929 0.96649666 572.49868699
3434 0.70366354 0.42862860 0.97624621 568.66473379
3435 0.70408733 0.43113183 0.96510655 567.75438950
3436 0.70122965 0.41831297 0.95405803 569.78476680
3437 0.70695467 0.41233949 0.95598921 566.94946288
3438 0.70363113 0.42272118 0.93994338 566.89603041
3439 0.70260622 0.42017741 0.96008400 568.55290636
3440 0.70749807 0.40032220 0.98638678 568.52003036
3441 0.71192311 0.41202361 0.98352738 571.21207613
3442 0.70727913 0.38862896 0.98736265 569.96458482
3443 0.71111324 0.40899021 0.98091302 569.90644426
3444 0.70552105 0.42549689 0.98279580 568.03093146
3445 0.70300895 0.40306626 0.94955750 567.99861431
3446 0.70963377 0.37877318 0.96920156 568.31976846
3447 0.70773058 0.36590741 0.95391047 568.25306644
3448 0.70970772 0.38100302 0.91853990 568.43886847
3449 0.70556120 0.36833223 0.90192338 564.75794863
3450 0.70537150 0.37184258 0.95361535 569.27382314
3451 0.70527208 0.37505827 0.94313107 567.53660914
3452 0.70384366 0.37586405 0.92691546 566.88200724
3453 0.70720248 0.37877670 0.93571327 566.04143040
3454 0.71257574 0.32522600 0.91520242 570.82431102
3455 0.71088268 0.31244149 0.91397468 570.76226689
3456 0.70324190 0.32826847 0.87519320 566.94885571
3457 0.70467343 0.32693840 0.88520058 567.04802189
3458 0.70305543 0.33939739 0.88509234 566.87536853
3459 0.70679779 0.32224754 0.89281780 567.28533792
3460 0.70240992 0.34332148 0.88978460 567.80420102
3461 0.70244350 0.31463201 0.85743858 567.61929862
3462 0.71053216 0.30143366 0.85739852 568.51283831
3463 0.70632566 0.32790996 0.88105807 565.59112993
3464 0.70650782 0.34680870 0.89363649 565.07517373
3465 0.70581951 0.35993832 0.88091442 564.44427137
3466 0.70455381 0.36465603 0.89625385 564.67242909
3467 0.70094979 0.38543884 0.90292502 566.84384052
3468 0.70891927 0.38607030 0.90916413 568.48801899
3469 0.70145237 0.41168035 0.90095960 566.39833130
3470 0.70097005 0.40162761 0.90468159 566.48092906
3471 0.70118949 0.39768212 0.90262168 566.19898860
3472 0.70673793 0.39489768 0.93581241 566.03632782
3473 0.70357793 0.42186576 0.93703465 566.82280736
3474 0.70481716 0.43065401 0.91808865 569.07080285
3475 0.70410691 0.42423057 0.91469639 567.73903993
3476 0.70305106 0.41776027 0.92730417 566.57446994
3477 0.69672666 0.42162889 0.89316182 571.03054170
3478 0.70768763 0.40813872 0.90135325 570.83698530
3479 0.70020495 0.39362747 0.88018977 565.91997771
3480 0.70080705 0.35348605 0.86511485 565.61785141
3481 0.70259425 0.34579157 0.85282907 563.72743541
3482 0.70692658 0.32272208 0.82231918 565.41270759
3483 0.70640696 0.32450747 0.80086386 566.53016665
3484 0.70531538 0.29544410 0.78378351 563.98395066
3485 0.70235384 0.31653347 0.76975513 563.26245332
3486 0.70530730 0.28841442 0.75144327 565.51046990
3487 0.70577960 0.26772085 0.79031227 565.13624240
3488 0.70232956 0.27079291 0.82071601 570.89115049
3489 0.70585356 0.28964412 0.85921984 569.01570412
3490 0.71073861 0.29833292 0.85154488 568.87842840
3491 0.70966311 0.31739457 0.87952272 567.33392391
3492 0.70135785 0.32550941 0.85012949 566.30148145
3493 0.70689479 0.31848907 0.82586002 564.95662477
3494 0.70217600 0.30406751 0.82192067 564.86141782
3495 0.70650248 0.27451696 0.82189592 566.71165341
3496 0.70979645 0.26860636 0.79384339 569.00781977
3497 0.70513788 0.26450238 0.80021271 566.30258690
3498 0.70589792 0.24487524 0.79310316 568.68551867
3499 0.70566618 0.25277443 0.77485088 565.74134904
3500 0.70846321 0.26716708 0.76963658 567.91604005
3501 0.70746988 0.25969770 0.75084031 567.11618616
3502 0.70403001 0.28124348 0.78126032 563.40217872
3503 0.70765891 0.26006870 0.82010409 568.76898153
3504 0.70934104 0.28255089 0.81481636 567.68730772
3505 0.71149047 0.25778818 0.80799014 571.67772165
3506 0.70283081 0.24881079 0.79048133 569.94988287
3507 0.70117388 0.27490734 0.76651660 563.78279071
3508 0.69912305 0.28011578 0.73355036 562.64062222
3509 0.70033630 0.26940544 0.71678469 562.26336606
3510 0.70210977 0.26836078 0.72674744 562.63418260
3511 0.69780394 0.29123618 0.73466166 563.11232041
3512 0.69665101 0.28718480 0.69258333 563.14380423
3513 0.69829586 0.24325147 0.70313494 564.40068626
3514 0.69873616 0.25052871 0.68517859 562.50645883
3515 0.70097309 0.24047685 0.67603735 562.90798820
3516 0.69955963 0.24448276 0.68846072 562.62266879
3517 0.70017979 0.24150304 0.66510602 562.83888901
3518 0.69799155 0.23764820 0.68812588 564.06418120
3519 0.70089876 0.22644710 0.70372580 564.53262266
3520 0.70296098 0.21688671 0.66260681 564.68120636
3521 0.69704693 0.23816850 0.62701039 563.06853715
3522 0.69595423 0.24678458 0.61741896 563.74843501
3523 0.69414893 0.24598127 0.59451192 564.83290126
3524 0.69668529 0.23653045 0.62515184 563.05840616
3525 0.69323588 0.21406172 0.60380697 565.73135144
3526 0.69226118 0.26323461 0.61532386 565.86411722
3527 0.69332220 0.25597488 0.60683342 565.09272105
3528 0.69493780 0.25904601 0.61454864 564.69684302
3529 0.69501073 0.25215060 0.63731485 563.59327336
3530 0.69706402 0.26922561 0.63178638 565.29859948
3531 0.69426836 0.27610441 0.63176363 565.13468364
3532 0.69714926 0.28177618 0.66832313 563.69790772
3533 0.69313936 0.29031041 0.68500009 566.13888525
3534 0.69800954 0.24733593 0.69608436 563.65038127
3535 0.69288702 0.25539362 0.66431232 567.32729033
3536 0.69863955 0.25151685 0.66235122 562.61618123
3537 0.69626820 0.24856577 0.64174348 563.02077635
3538 0.70031809 0.25577382 0.68564667 562.57873890
3539 0.70161202 0.24715440 0.67995026 563.34181577
3540 0.70280700 0.24566073 0.69863034 563.52394458
3541 0.69845336 0.26274363 0.68830526 562.37249467
3542 0.70051028 0.26042157 0.65612712 565.14810762
3543 0.69436153 0.25598893 0.65282414 564.33069692
3544 0.69575545 0.23241712 0.66975413 565.75019816
3545 0.70345635 0.24734787 0.67820030 565.66905390
3546 0.69384397 0.29498037 0.65366758 565.72391752
3547 0.69493631 0.29403304 0.66078719 565.03668303
3548 0.69468394 0.29052885 0.67293957 564.43682354
3549 0.70113289 0.28104428 0.71350039 562.96224405
3550 0.69750340 0.31106262 0.75124434 563.46141726
3551 0.70006816 0.27854869 0.72869000 562.25188197
3552 0.69831807 0.29254852 0.73809909 562.83334562
3553 0.70482400 0.26763010 0.75433894 563.92892614
3554 0.70154787 0.30485199 0.78051059 562.49622203
3555 0.70167549 0.27373937 0.75476982 562.88765343
3556 0.69882379 0.26747318 0.75279388 565.81003315
3557 0.70197705 0.24705309 0.76142992 566.68891360
3558 0.70816226 0.20866150 0.73818614 570.36193132
3559 0.70864822 0.22921341 0.76392101 569.49647120
3560 0.70438382 0.23774481 0.76421443 567.09809593
3561 0.70726983 0.26199896 0.74512894 567.26948762
3562 0.70072191 0.26940153 0.73898402 562.72669834
3563 0.70347751 0.27123129 0.72287391 563.92751600
3564 0.69417626 0.30463425 0.69456305 565.18393598
3565 0.69627127 0.28493441 0.69823718 563.31287632
3566 0.70049782 0.27748812 0.69845601 563.15141587
3567 0.69983084 0.24214209 0.67116646 562.57626617
3568 0.69837667 0.23116527 0.66135062 562.87283700
3569 0.69798314 0.23503013 0.65757455 562.73946539
3570 0.69904682 0.26998144 0.67426442 563.17705196
3571 0.69674793 0.26595043 0.71720784 564.95289905
3572 0.69566339 0.27520109 0.72273445 566.14714907
3573 0.69510599 0.30618485 0.70773136 564.50248193
3574 0.69893647 0.29592593 0.73010703 562.46471061
3575 0.69854497 0.29752198 0.70474248 563.31013124
3576 0.69905405 0.31838487 0.72497372 564.27058328
3577 0.70083020 0.30960780 0.72592200 564.51134936
3578 0.69511673 0.30753209 0.72621075 564.95914811
3579 0.69375288 0.30601059 0.72478359 566.93771096
3580 0.69507856 0.28671329 0.72996825 566.65372408
3581 0.69790907 0.27452936 0.74300474 564.95417797
3582 0.69563083 0.30494298 0.71721329 564.16676473
3583 0.69685964 0.29912298 0.71950360 563.25743885
3584 0.69740331 0.26867708 0.67379791 562.73313890
3585 0.69892079 0.26458763 0.67627517 562.69048249
3586 0.69694442 0.27084137 0.66139549 563.23162518
3587 0.70014460 0.24582685 0.66144424 563.12137283
3588 0.69732031 0.24927110 0.67049557 562.78459205
3589 0.69614539 0.27013320 0.67626966 563.15104764
3590 0.69838603 0.25002035 0.69946228 563.32079536
3591 0.70427882 0.25306667 0.69909937 565.50289421
3592 0.69779235 0.29211772 0.69972614 563.01802593
3593 0.69935355 0.28421908 0.69982796 562.88844297
3594 0.69392244 0.27384794 0.67438919 565.09780510
3595 0.69954396 0.26627110 0.69176984 562.41523554
3596 0.70261904 0.24306284 0.70209915 563.32798438
3597 0.70461136 0.23460074 0.71915087 564.80937263
3598 0.70115016 0.23141482 0.70736939 564.08851860
3599 0.70235953 0.21024285 0.67382489 564.45022238
3600 0.70337225 0.19461892 0.66182813 565.82637546
3601 0.70338474 0.18725901 0.62357050 566.76855403
3602 0.70223014 0.18408490 0.60504868 566.27372039
3603 0.70291600 0.17575469 0.61539488 566.67311136
3604 0.69828280 0.16287252 0.58051005 565.26012488
3605 0.70094508 0.17891390 0.61062620 565.07981503
3606 0.70242924 0.17724707 0.61051071 566.27342262
3607 0.69477843 0.20673128 0.60023744 564.35651112
3608 0.70146267 0.19858575 0.64840877 564.45278291
3609 0.69672032 0.21158475 0.67304178 568.17350191
3610 0.69880154 0.18312980 0.66228958 569.58048078
3611 0.70505867 0.21745766 0.65202951 568.61588195
3612 0.70242896 0.21180067 0.62778709 566.01763879
3613 0.70018869 0.18769968 0.65160885 565.98217068
3614 0.69711868 0.20063372 0.61604309 563.81396333
3615 0.70322855 0.18097152 0.62743476 566.53986370
3616 0.70115483 0.17202731 0.59405655 565.68904826
3617 0.69732747 0.17632034 0.61118798 566.13413438
3618 0.69854924 0.17699642 0.61699046 565.60181762
3619 0.70481640 0.17804383 0.62229559 568.89546782
3620 0.69763736 0.17518185 0.60190621 565.30163560
3621 0.69609209 0.18804471 0.60608116 565.25477043
3622 0.69400374 0.21325836 0.58633599 564.27613744
3623 0.69524474 0.22838032 0.55830634 566.48791966
3624 0.69668313 0.22157866 0.58840642 564.08028648
3625 0.69375643 0.22052801 0.58626818 564.32758068
3626 0.69595969 0.20572749 0.57440789 563.86668678
3627 0.69621442 0.19473660 0.53414257 566.08718867
3628 0.69301755 0.19439066 0.53471018 565.16335875
3629 0.68855902 0.21817715 0.49597225 570.11700632
3630 0.69814229 0.18511123 0.49694111 573.12670020
3631 0.69644807 0.18569997 0.49738424 569.92255279
3632 0.68745313 0.18211847 0.47278175 570.43632723
3633 0.68491506 0.20539510 0.49264076 575.10452916
3634 0.68412731 0.20993018 0.49904699 577.18822174
3635 0.68951612 0.23189540 0.48661597 572.54393482
3636 0.68862460 0.20608631 0.46738158 570.97676418
3637 0.68974031 0.20000972 0.46991861 569.93332843
3638 0.68866219 0.18339961 0.46289862 569.41577846
3639 0.68808432 0.19833297 0.46129874 570.87155907
3640 0.68687348 0.19565754 0.49299509 571.48343628
3641 0.68698039 0.19562656 0.46493603 571.37535190
3642 0.68920096 0.15962385 0.46092282 568.55579695
3643 0.69091475 0.17324853 0.45571756 568.58883560
3644 0.69201565 0.18053879 0.46437226 568.86373936
3645 0.69307020 0.14801085 0.46723515 566.65234489
3646 0.69369412 0.13187656 0.48772477 566.61981532
3647 0.69671045 0.14935004 0.49747312 566.57174933
3648 0.69424489 0.16427460 0.52559848 565.12924315
3649 0.69469440 0.17529978 0.52860663 564.81208524
3650 0.69536387 0.16192731 0.53045722 564.92069286
3651 0.69558495 0.17084302 0.52224261 565.12839926
3652 0.69619990 0.16537658 0.54023371 564.70809012
3653 0.69093239 0.15558746 0.51215194 568.49458892
3654 0.69392442 0.14909736 0.50030716 565.74279962
3655 0.69819439 0.17109948 0.51062769 568.75352054
3656 0.69330434 0.16918929 0.49300714 566.05276062
3657 0.69127112 0.18981548 0.47873986 568.19233188
3658 0.69018299 0.19862920 0.48240350 568.71356871
3659 0.69122839 0.19743555 0.50613390 566.91087162
3660 0.69197751 0.18835561 0.48815141 567.38999432
3661 0.69055229 0.18666967 0.49403448 567.23475065
3662 0.69442424 0.15500705 0.51560923 565.38619786
3663 0.69636485 0.15597115 0.53658902 565.06741208
3664 0.69091003 0.18565786 0.55263484 568.36065346
3665 0.69176247 0.20693911 0.58920453 567.62924557
3666 0.69201156 0.22610036 0.59807310 566.23146485
3667 0.69493069 0.20177995 0.60094029 564.62570098
3668 0.70123009 0.19685431 0.60422092 565.48240236
3669 0.69318647 0.23270187 0.58088817 564.89696240
3670 0.69344722 0.23341610 0.59287195 564.54566476
3671 0.69336319 0.25291844 0.63165381 564.82449535
3672 0.69832779 0.26629027 0.67019510 562.85043237
3673 0.70243391 0.25078817 0.67353982 564.92393065
3674 0.69991578 0.28694107 0.67321438 566.06824293
3675 0.69297989 0.30030927 0.68705499 566.31550101
3676 0.69424108 0.34097781 0.68776369 569.02690768
3677 0.69554478 0.27758512 0.68689686 563.70627324
3678 0.69267042 0.28023548 0.65619739 565.92609239
3679 0.69596851 0.31554829 0.65838759 568.74772133
3680 0.69644071 0.31040255 0.67469596 566.26322870
3681 0.69913285 0.24901873 0.67266365 562.44186533
3682 0.70075316 0.26741820 0.67111654 564.69782917
3683 0.69768533 0.27932302 0.67966592 563.04089132
3684 0.69409609 0.27999193 0.65902814 564.58393755
3685 0.69659953 0.25300771 0.65726067 562.86187887
3686 0.69731691 0.24948342 0.69419200 563.98006453
3687 0.69827074 0.27349975 0.70773815 562.50102355
3688 0.70007300 0.28589834 0.71932362 562.44318993
3689 0.70334466 0.30463811 0.75087587 564.46504655
3690 0.70137776 0.30593747 0.76238823 562.47273217
3691 0.69954213 0.33158403 0.76408742 563.42352608
3692 0.69604403 0.33829219 0.73084661 565.50568559
3693 0.69429858 0.33870146 0.72266746 566.60058161
3694 0.70202824 0.31544267 0.73698510 565.56119468
3695 0.70039544 0.27197103 0.75643730 563.83433931
3696 0.70149547 0.27686088 0.73187729 562.39013488
3697 0.70347811 0.26722761 0.75629866 563.29046309
3698 0.70105098 0.27525156 0.75261420 562.88187717
3699 0.69851022 0.32535636 0.76042193 563.20444268
3700 0.70035179 0.29929021 0.74865922 562.32855038
3701 0.70076012 0.30838425 0.77002836 562.41318759
3702 0.70132569 0.26955033 0.74363203 562.74529301
3703 0.70517934 0.25779794 0.75783435 564.47149431
3704 0.69365032 0.29830997 0.71539893 566.85007076
3705 0.69761131 0.30709794 0.69632944 564.46140751
3706 0.69667435 0.28815547 0.71552323 563.39166979
3707 0.69881336 0.32408979 0.67652023 571.41711431
3708 0.69718442 0.32411222 0.63583635 576.67639798
3709 0.70139409 0.30042926 0.62070166 584.16521834
3710 0.69731582 0.31498847 0.64864162 571.81629000
3711 0.69130810 0.28076916 0.65796829 567.98206719
3712 0.69483130 0.27790868 0.64882672 564.35700041
3713 0.69663501 0.26496445 0.65436802 563.17993955
3714 0.69951043 0.28758674 0.65158868 568.71611511
3715 0.69497551 0.29366907 0.63698996 566.90345181
3716 0.69639809 0.27512605 0.64818103 564.19887536
3717 0.70030828 0.26071549 0.66308464 564.24451065
3718 0.69932619 0.27726117 0.66998807 564.42622556
3719 0.69678162 0.27860561 0.65589918 564.11340707
3720 0.69951674 0.24998756 0.64164402 564.31344701
3721 0.70027498 0.22380946 0.67216709 563.21966157
3722 0.70162778 0.20937141 0.69041881 565.44562960
3723 0.70410091 0.21462634 0.69602262 565.39426247
3724 0.70195694 0.22976938 0.68874634 563.43165796
3725 0.69668992 0.24966613 0.68983483 564.32184797
3726 0.70024496 0.26995165 0.71481224 562.25370195
3727 0.70167294 0.28198256 0.72878050 562.65949689
3728 0.69792359 0.26813180 0.73313538 564.69409170
3729 0.70572836 0.25004683 0.75628448 565.21395631
3730 0.70640423 0.26258392 0.75937426 565.35789317
3731 0.70039854 0.25433111 0.75638308 566.40676470
3732 0.70493164 0.25590680 0.71311681 565.54901763
3733 0.69983812 0.26108637 0.74391903 564.48279712
3734 0.70046146 0.27160380 0.71428032 562.28991870
3735 0.69853903 0.29041191 0.71190027 562.59527157
3736 0.69955639 0.29521814 0.69494508 564.43204935
3737 0.69699316 0.30947644 0.71017437 563.77770767
3738 0.69619174 0.29963265 0.72218595 563.81069233
3739 0.69235449 0.29033747 0.69913221 568.48651622
3740 0.70042404 0.26269595 0.71670249 562.39977286
3741 0.70114644 0.25259855 0.71697019 562.78520051
3742 0.70290626 0.23821034 0.73760807 564.94330396
3743 0.70215922 0.21983047 0.70687208 565.14843558
3744 0.70473633 0.22481638 0.70783901 565.32296143
3745 0.70463014 0.22860809 0.73099692 565.63268140
3746 0.69734695 0.26482730 0.74746515 567.99033586
3747 0.70005398 0.30017101 0.72207186 563.20076337
3748 0.70076935 0.30695119 0.73720129 563.28527370
3749 0.69391009 0.31090425 0.73020835 566.81172264
3750 0.69394179 0.31845034 0.71532736 565.97891963
3751 0.70090439 0.29492911 0.71536569 563.81508540
3752 0.69793978 0.28161943 0.71948382 562.77414714
3753 0.70118734 0.26487968 0.69574979 563.01281145
3754 0.69645508 0.27034933 0.71278740 564.50311749
3755 0.70166109 0.28778107 0.71267553 564.05374841
3756 0.70012751 0.28495042 0.71967616 562.41192857
3757 0.70074070 0.28648786 0.72192226 562.63781066
3758 0.69929284 0.29388801 0.74105862 562.41597959
3759 0.69722420 0.29926363 0.72924914 563.18418797
3760 0.70225043 0.29095130 0.73603752 563.20781591
3761 0.69731136 0.31466334 0.72748781 563.52026926
3762 0.69727962 0.33898197 0.76380842 564.24318947
3763 0.69958523 0.31235275 0.78397766 563.24318316
3764 0.70649289 0.28253742 0.76574390 565.74449391
3765 0.70149550 0.27382367 0.75596097 562.99492968
3766 0.69322739 0.28013641 0.73045876 571.88821394
3767 0.69536904 0.26601730 0.71081590 566.46413995
3768 0.69574732 0.25912934 0.71496553 567.28171004
3769 0.70568761 0.25724215 0.70446231 567.81976909
3770 0.70195316 0.26869031 0.70823642 563.15545310
3771 0.69481461 0.25371009 0.68738834 566.38621949
3772 0.69881088 0.23196819 0.67176496 563.01970977
3773 0.70194543 0.23904609 0.65914938 564.58822820
3774 0.69745522 0.23803488 0.66467726 563.04390931
3775 0.70065008 0.24262499 0.65566113 563.69568796
3776 0.70201780 0.23092817 0.67066348 563.65714456
3777 0.69339048 0.24106555 0.65855008 567.43731793
3778 0.69509692 0.27981780 0.65215631 564.29145739
3779 0.69810235 0.28218171 0.66467707 564.48999157
3780 0.69582236 0.28283915 0.65069984 564.63505687
3781 0.69883064 0.26341210 0.65576128 563.79590504
3782 0.69889902 0.26319113 0.65750390 563.68974766
3783 0.69949822 0.25954910 0.65051742 564.45509757
3784 0.70209215 0.24019935 0.67902383 563.56360991
3785 0.70136568 0.21940842 0.67503030 563.62103005
3786 0.70172066 0.23629082 0.67455728 563.36672152
3787 0.69941540 0.22890826 0.65809268 562.76113320
3788 0.69894386 0.26301482 0.63512165 565.96202965
3789 0.69690826 0.26806961 0.64103093 564.23280874
3790 0.69757087 0.24111658 0.66880584 562.95900880
3791 0.70210273 0.25635599 0.67652359 564.71508928
3792 0.70284515 0.25916079 0.67154547 566.72706491
3793 0.69883755 0.25730690 0.64508611 564.10213316
3794 0.69832003 0.25094535 0.64959892 562.99743281
3795 0.69545682 0.23999080 0.63244025 563.36515314
3796 0.69716530 0.21993990 0.61421229 563.07807892
3797 0.69664318 0.23453012 0.63884601 562.95538936
3798 0.69804335 0.21521512 0.63648639 563.16026753
3799 0.69418081 0.20073676 0.60948557 566.28968221
3800 0.69672158 0.18923033 0.59517938 564.07584162
3801 0.69570364 0.20292757 0.59830331 563.83953698
3802 0.69646280 0.18915134 0.57952877 563.85213002
3803 0.69626028 0.17200590 0.58483158 565.50858812
3804 0.69580668 0.15216329 0.56559183 567.14178528
3805 0.69894255 0.18257491 0.55059932 566.33922416
3806 0.69584134 0.18924552 0.54301259 564.75984812
3807 0.69259971 0.18206329 0.53710209 565.58415214
3808 0.69262667 0.19943341 0.55888129 565.33630738
3809 0.69418910 0.19624420 0.54072820 564.80907910
3810 0.69158453 0.17147965 0.53470837 567.41724040
3811 0.69848655 0.16224432 0.49785713 569.92977705
3812 0.69165912 0.16945873 0.49215140 566.40431775
3813 0.69139031 0.13099501 0.50688057 570.86245105
3814 0.69661403 0.12236468 0.52108743 567.51418231
3815 0.69891989 0.13188347 0.53294865 566.90770400
3816 0.69188683 0.18048425 0.55047832 567.15724405
3817 0.69685224 0.17060569 0.53697997 564.94640438
3818 0.69669604 0.19094993 0.55045745 564.81114708
3819 0.69668921 0.18797226 0.59157078 564.06157611
3820 0.69746017 0.17378828 0.58450156 564.62639501
3821 0.69811462 0.16698882 0.56098903 564.74979999
3822 0.69910368 0.16721713 0.55866359 565.33400744
3823 0.69597582 0.18618857 0.54560468 564.55649501
3824 0.69318312 0.18924635 0.50701901 566.26294636
3825 0.69033637 0.18017107 0.50496606 567.26423268
3826 0.69300674 0.17347222 0.47711764 567.37518406
3827 0.69373350 0.15008165 0.47196220 566.59518770
3828 0.68910696 0.15885955 0.46279625 568.66704233
3829 0.68827847 0.14720442 0.47671271 571.34539123
3830 0.69501418 0.17295112 0.46694303 570.44935514
3831 0.68777644 0.15616897 0.44925002 570.18653306
3832 0.68751093 0.15481873 0.45452769 570.76250881
3833 0.68944482 0.15951523 0.45978010 568.34207299
3834 0.69601682 0.14221633 0.48193031 566.85139431
3835 0.69248827 0.19071421 0.49113014 567.48282109
3836 0.69056782 0.15754209 0.49518413 567.81322073
3837 0.69551527 0.17060164 0.50463868 566.24842088
3838 0.69443161 0.16828961 0.51779968 565.08713359
3839 0.69482914 0.17864933 0.54281562 564.52416786
3840 0.69665779 0.18767097 0.54528287 564.96492314
3841 0.69745120 0.17293661 0.54158937 565.10519876
3842 0.69273758 0.18250379 0.55128008 565.91713947
3843 0.69734423 0.20069590 0.57238706 564.28065613
3844 0.69633747 0.20890351 0.55367971 565.64616664
3845 0.69913283 0.18420346 0.57754110 564.66190936
3846 0.69854103 0.20159009 0.57855542 564.79800667
3847 0.70061685 0.18243660 0.58761461 565.41083636
3848 0.70149667 0.19004061 0.62013690 564.91392693
3849 0.69855852 0.22263617 0.62952355 562.97201899
3850 0.69697428 0.21387256 0.63517852 563.72516543
3851 0.70285753 0.18045804 0.62936970 566.19832167
3852 0.70357938 0.18337562 0.60506728 568.24891006
3853 0.69857573 0.19272640 0.62613851 564.30609360
3854 0.69876049 0.19716997 0.62442028 563.79773294
3855 0.69724734 0.20151146 0.62939127 564.35898644
3856 0.69792480 0.21654840 0.59483626 564.05056846
3857 0.69675029 0.21440957 0.57609656 564.48832496
3858 0.69188902 0.21398654 0.55407793 565.71142499
3859 0.69130858 0.21947059 0.55214278 566.25233225
3860 0.69427009 0.21048417 0.56082007 564.48898449
3861 0.69698641 0.20242621 0.55999988 565.03230937
3862 0.69364753 0.21515815 0.61304090 565.71212716
3863 0.69593717 0.23794793 0.60019816 564.14863687
3864 0.69373534 0.24297641 0.61406982 564.34926907
3865 0.69517514 0.26135992 0.62531090 564.26002709
3866 0.69703017 0.25576333 0.63286991 563.76724864
3867 0.70121769 0.22690836 0.62340642 565.93248785
3868 0.69829648 0.24514591 0.63626452 563.38465444
3869 0.69354937 0.22791856 0.64379689 567.24133436
3870 0.69421690 0.25098075 0.64397053 564.34147705
3871 0.69974329 0.23172243 0.68286259 563.16396440
3872 0.70174100 0.23485711 0.67465164 563.36203743
3873 0.69780581 0.23576056 0.63581594 562.83642836
3874 0.70105288 0.23822241 0.60895793 569.20287516
3875 0.70022740 0.22339808 0.61538518 565.07120403
3876 0.69514316 0.19315091 0.60592160 565.64866186
3877 0.69063155 0.21432157 0.56755488 567.41522686
3878 0.70061204 0.22751493 0.58877888 569.76230213
3879 0.70250633 0.21319788 0.61776216 567.27431335
3880 0.70146816 0.16980332 0.64435615 567.73785625
3881 0.70603084 0.17217309 0.65104534 569.87114618
3882 0.70773530 0.19634835 0.69179269 570.28608608
3883 0.70152015 0.23401941 0.69041922 563.14524935
3884 0.70828440 0.21625930 0.68677563 571.81748678
3885 0.69468230 0.20409993 0.67634792 575.32112147
3886 0.69527519 0.21415777 0.67507436 570.84518463
3887 0.70941410 0.19971862 0.68256658 574.09785311
3888 0.69622003 0.20824687 0.69963982 575.34918882
3889 0.69956667 0.19806857 0.71616855 574.66732000
3890 0.70319718 0.20456764 0.74412192 572.77261108
3891 0.70475473 0.18026572 0.71816817 573.58286593
3892 0.70655856 0.18133938 0.70187624 571.11862200
3893 0.70387319 0.21887891 0.68945982 564.92346799
3894 0.70257655 0.22014277 0.69769388 564.49298483
3895 0.70143617 0.21764389 0.66849586 563.62325145
3896 0.70408693 0.22094144 0.68526069 565.08634850
3897 0.70253932 0.21704092 0.68841441 564.39249876
3898 0.69820342 0.24991546 0.66897534 562.47190254
3899 0.69923011 0.25487231 0.67736888 562.43585348
3900 0.69911008 0.26402775 0.69344899 562.30178623
3901 0.69931682 0.27081027 0.66790916 563.90071590
3902 0.70212644 0.23269915 0.68248323 563.43539185
3903 0.70374746 0.23152584 0.68045970 564.96120637
3904 0.69867472 0.22428353 0.68618223 564.92649754
3905 0.70667491 0.23939584 0.71820488 567.14407943
3906 0.70544891 0.23992693 0.71722215 565.49639583
3907 0.70230510 0.29222022 0.72587535 564.09018192
3908 0.70211755 0.30435152 0.71676561 566.42731120
3909 0.70318881 0.29103408 0.72158682 565.53918461
3910 0.69728724 0.30671542 0.74120280 563.37679235
3911 0.69893171 0.30677687 0.74591282 562.62299685
3912 0.69936987 0.29767105 0.72614163 562.60076519
3913 0.70181111 0.31078483 0.72638382 565.79654925
3914 0.69580777 0.33225964 0.72463961 565.26912497
3915 0.69367064 0.34299135 0.71372039 567.65821102
3916 0.69313441 0.33337691 0.72806978 567.54824293
3917 0.70165489 0.31003169 0.72151895 566.05233973
3918 0.69803828 0.32519763 0.69757702 567.32743401
3919 0.69357078 0.30341072 0.66183558 566.18274260
3920 0.69421887 0.32976508 0.68059823 567.92881407
3921 0.70273594 0.31596587 0.72827675 567.90993931
3922 0.70285837 0.31664479 0.75099328 565.30074256
3923 0.69502692 0.33816563 0.71779121 566.37466379
3924 0.69493473 0.34769095 0.74723573 566.35533800
3925 0.69891651 0.36340182 0.75372657 568.32327186
3926 0.69617975 0.35344906 0.75174570 566.05953404
3927 0.69536062 0.31944422 0.77539721 567.72616233
3928 0.70710537 0.31920174 0.79873385 567.31992014
3929 0.70407991 0.27167851 0.81943703 568.14337486
3930 0.70129398 0.26065691 0.78038575 567.55672241
3931 0.70029523 0.25409432 0.76700490 568.22947054
3932 0.70681840 0.28296427 0.77339228 565.76473853
3933 0.70802287 0.24741685 0.76891920 567.50486206
3934 0.70467333 0.27584732 0.74015249 564.52407904
3935 0.70361305 0.25894959 0.75486448 563.79022049
3936 0.70580397 0.25017145 0.76456383 565.51216430
3937 0.70201487 0.27976438 0.77003702 563.15264190
3938 0.70469988 0.27268547 0.73643585 564.60980338
3939 0.70642846 0.26088179 0.78963904 565.95894644
3940 0.70472820 0.25771138 0.78345041 565.78034214
3941 0.70110802 0.27004416 0.77589701 565.44416711
3942 0.70399561 0.26930866 0.78011422 564.24685384
3943 0.69979363 0.32647179 0.80560440 563.65391121
3944 0.69890536 0.30795721 0.78843778 564.55539920
3945 0.69796368 0.33063157 0.76102076 563.59076934
3946 0.69893465 0.31321548 0.76909530 563.00477155
3947 0.69839805 0.32915704 0.75775703 563.44807427
3948 0.69534449 0.31940691 0.74292368 565.19016033
3949 0.70167576 0.28260584 0.75619761 562.49948009
3950 0.70040705 0.28840710 0.73440783 562.27194525
3951 0.70058039 0.29046632 0.71896458 562.93579159
3952 0.69694876 0.26951610 0.71409433 564.06838317
3953 0.70191876 0.24520301 0.71720533 563.21448914
3954 0.70383656 0.24813106 0.70956846 564.09525608
3955 0.70386227 0.24940235 0.72521651 563.78516330
3956 0.70223311 0.23508852 0.69250351 563.35882103
3957 0.69839528 0.21953601 0.67449379 564.74252566
3958 0.69481548 0.23841687 0.70662072 572.14870323
3959 0.70367562 0.22599602 0.72637546 565.54990136
3960 0.70307359 0.24195183 0.70695611 563.56985382
3961 0.70124246 0.23116086 0.66660918 563.24448694
3962 0.69914623 0.20691378 0.64978885 563.92160999
3963 0.70062620 0.20024506 0.63500707 563.94796406
3964 0.70072317 0.20315587 0.64856376 563.98307572
3965 0.69949904 0.21620028 0.68115615 564.87108315
3966 0.69747855 0.24407496 0.68359315 563.57024486
3967 0.69726118 0.23896503 0.65142655 562.76420322
3968 0.69473382 0.23831222 0.62331992 563.73995860
3969 0.69640292 0.23677203 0.63742676 562.99763933
3970 0.69907318 0.26246692 0.68881437 562.33180896
3971 0.69985993 0.27482725 0.71466843 562.23813901
3972 0.70216532 0.27797420 0.71025122 563.86698808
3973 0.69450696 0.29144991 0.69895434 564.90754680
3974 0.69915586 0.28114341 0.72982979 562.46194336
3975 0.69949271 0.28246120 0.74297680 562.72594064
3976 0.70101194 0.27736350 0.75593192 562.92745415
3977 0.70481039 0.26161524 0.74990440 564.04622910
3978 0.70747726 0.24669774 0.76302936 566.93186663
3979 0.70231804 0.24323565 0.73736293 564.47569846
3980 0.69705532 0.26454835 0.72123248 565.08846802
3981 0.70122625 0.25159547 0.74711148 564.87997590
3982 0.70183086 0.28049375 0.74839677 562.42750787
3983 0.70494187 0.28316103 0.76656251 563.86593110
3984 0.70328992 0.27142995 0.78572933 564.63887076
3985 0.70367228 0.30237222 0.75141000 564.59037583
3986 0.69945188 0.29213558 0.77033824 563.82665300
3987 0.70429759 0.27822073 0.77632279 563.48035452
3988 0.70733359 0.27818076 0.80206032 565.65708768
3989 0.70192620 0.28518259 0.78858182 564.03459398
3990 0.70274534 0.30411471 0.80244708 563.05410938
3991 0.69866316 0.32251061 0.79703630 564.40687626
3992 0.70112601 0.31954762 0.78871628 562.58682349
3993 0.69785296 0.34477218 0.80132994 564.64459276
3994 0.69971945 0.33128505 0.81934190 564.41042929
3995 0.70850652 0.29900941 0.82880958 566.30722414
3996 0.70518999 0.29380722 0.82118584 564.50446378
3997 0.70358048 0.32122279 0.78063875 564.06436382
3998 0.70305159 0.28977313 0.78845820 563.17367008
3999 0.69976272 0.29683976 0.76379597 562.82671989
4000 0.69773127 0.31803158 0.74000387 563.34523189
4001 0.70417027 0.31497035 0.74462283 567.98899658
4002 0.70519003 0.25371312 0.73207496 564.77074198
4003 0.69960723 0.28458781 0.72947073 562.26968419
4004 0.70036778 0.29018169 0.70322515 563.83766891
4005 0.70288168 0.29256435 0.71602508 565.91460228
4006 0.70252187 0.27686198 0.70070248 565.06420246
4007 0.70296434 0.30473487 0.72365642 566.96073853
4008 0.70121170 0.30555163 0.72204788 564.77189112
4009 0.69854732 0.27793336 0.73161612 563.04293342
4010 0.70028770 0.28123578 0.70581645 562.84949707
4011 0.69738281 0.30662561 0.67479681 566.30748412
4012 0.69575852 0.29410460 0.68065019 564.00680660
4013 0.69858996 0.27560711 0.68914082 562.62751892
4014 0.70242529 0.24876714 0.70651305 563.10236518
4015 0.70316506 0.26036576 0.74360952 563.25024242
4016 0.70062662 0.25088663 0.72379772 563.38782798
4017 0.70076647 0.24311655 0.70956335 563.20640508
4018 0.69638588 0.24916928 0.68047051 564.01040149
4019 0.69971118 0.25274862 0.68315864 562.40874578
4020 0.69645494 0.27906742 0.68410859 563.09045462
4021 0.69636402 0.27381630 0.68131060 563.07260938
4022 0.69567576 0.26509489 0.67437476 563.51549132
4023 0.70088023 0.25225012 0.69234176 562.59579577
4024 0.69686820 0.25036538 0.66827372 562.94096368
4025 0.69637721 0.25839009 0.65962656 562.95490880
4026 0.70198105 0.23494397 0.64809806 565.28018495
4027 0.69405837 0.27684174 0.65733001 564.54035620
4028 0.69846252 0.22991666 0.65394099 562.74758026
4029 0.69804236 0.23037166 0.65575974 562.87743264
4030 0.69981476 0.23632326 0.67078473 562.64587119
4031 0.70060193 0.23244324 0.70192708 563.82979932
4032 0.70290700 0.27433115 0.69668069 565.77180717
4033 0.69693063 0.25478650 0.68559316 563.36306808
4034 0.70061430 0.25063447 0.68454953 562.63827905
4035 0.69588526 0.25464207 0.68746608 564.64735569
4036 0.70198888 0.25787539 0.68483501 564.00607864
4037 0.69441142 0.26943377 0.69335249 565.94743461
4038 0.70020568 0.25232476 0.71941079 563.19159416
4039 0.70057511 0.25108392 0.72656813 563.58375445
4040 0.70311701 0.25419031 0.73369218 563.32672428
4041 0.70823292 0.23622227 0.72454809 569.37669035
4042 0.70868267 0.22457023 0.72335709 570.08673516
4043 0.70279258 0.24387554 0.72541210 563.65394612
4044 0.70228109 0.22299574 0.69948747 564.28958400
4045 0.70086045 0.20858403 0.69578108 566.56134437
4046 0.69919296 0.20868054 0.69381764 568.09431865
4047 0.69765101 0.25623330 0.69735417 563.29446460
4048 0.70471313 0.22277021 0.69862888 565.41442356
4049 0.70133351 0.21851883 0.68994370 564.33373884
4050 0.70247645 0.22921991 0.66078871 564.53678060
4051 0.70477814 0.21887880 0.66885710 566.68483523
4052 0.69667181 0.22899363 0.67949562 565.97185336
4053 0.69853334 0.22596826 0.67503539 563.88756087
4054 0.70140588 0.21384891 0.64057477 564.09270158
4055 0.69649989 0.19339907 0.60814146 564.44857236
4056 0.70029765 0.18702139 0.62641280 564.56802767
4057 0.70272478 0.21902720 0.64154950 565.72937538
4058 0.69416948 0.21560567 0.61075708 564.85601794
4059 0.70178337 0.21809301 0.63698318 564.80102124
4060 0.70000850 0.21502970 0.65556314 563.33842223
4061 0.70346565 0.22300840 0.65255209 566.15006047
4062 0.70267249 0.23078006 0.67493951 564.05660444
4063 0.70425472 0.25980403 0.68422879 567.81406073
4064 0.70142923 0.22774993 0.69262870 563.58070107
4065 0.70188053 0.24840678 0.69975930 562.91354338
4066 0.70088141 0.25821311 0.71081167 562.44702931
4067 0.69787450 0.25997046 0.71441728 563.94745999
4068 0.69713151 0.27960801 0.68007013 563.01595557
4069 0.69969029 0.28268927 0.69779839 563.05978957
4070 0.70158323 0.30294215 0.71126842 566.10028855
4071 0.70308539 0.29785308 0.70597349 568.56330114
4072 0.70149383 0.28622630 0.70062911 564.82888893
4073 0.69397667 0.30301769 0.73421865 567.56843716
4074 0.69845466 0.31559537 0.71098019 564.72775968
4075 0.69725740 0.31848711 0.72453442 563.86917274
4076 0.70232846 0.29790605 0.75781706 562.67967524
4077 0.69953788 0.28522941 0.73977512 562.46715247
4078 0.70143047 0.28615551 0.75347385 562.36196349
4079 0.70487986 0.27935394 0.79118185 564.04029367
4080 0.70113470 0.30109109 0.78153597 562.75612457
4081 0.70345536 0.29042277 0.77544882 562.85225699
4082 0.70019753 0.32349002 0.76706454 562.89171384
4083 0.69850083 0.32247243 0.74336275 563.42858929
4084 0.69153599 0.32466920 0.71072812 569.38158439
4085 0.69217045 0.30723101 0.67429664 567.24726966
4086 0.69620643 0.29535926 0.71090742 563.55810003
4087 0.70376200 0.29543600 0.75653510 563.71892089
4088 0.70210234 0.26737394 0.77397785 564.74146748
4089 0.70100111 0.30089814 0.76351624 562.33815354
4090 0.70956380 0.29271605 0.78756782 570.51068863
4091 0.71019991 0.25649917 0.79419911 569.83922064
4092 0.70256181 0.27409440 0.79039707 565.18445783
4093 0.70661098 0.28460852 0.78294830 565.10376569
4094 0.70176300 0.29673150 0.75298017 562.50621425
4095 0.70557528 0.27200834 0.72663972 566.73324549
4096 0.69835557 0.26508930 0.71651461 563.19667901
4097 0.69691275 0.30848461 0.67980425 565.73623253
4098 0.70142173 0.26727880 0.69449149 563.42604669
4099 0.69893846 0.27443976 0.70925740 562.30514257
4100 0.70307514 0.29811318 0.72929439 565.44535001
4101 0.70091678 0.29158612 0.76633979 562.63125402
4102 0.70196682 0.28453529 0.74636144 562.44454372
4103 0.70403660 0.27482905 0.76468833 563.31617668
4104 0.70212265 0.27933027 0.76365307 562.84281884
4105 0.70128182 0.28550279 0.75447297 562.40170635
4106 0.70479493 0.29844387 0.78527355 563.56586027
4107 0.69888663 0.32835622 0.75043091 563.63647353
4108 0.70150369 0.30953422 0.76126729 562.69731652
4109 0.70580706 0.26424515 0.77755828 564.89385798
4110 0.70261221 0.26958554 0.79995828 567.13773140
4111 0.70965973 0.29196405 0.83593303 567.70890482
4112 0.70947637 0.29584446 0.81577398 568.09647562
4113 0.69760546 0.32525399 0.80797351 566.77764524
4114 0.69963000 0.32586634 0.80675786 563.90373059
4115 0.70424702 0.34237168 0.81680690 564.32820164
4116 0.69844524 0.32823282 0.79037118 563.91506595
4117 0.70165146 0.31227414 0.79219936 562.61680034
4118 0.70168630 0.31135300 0.78933023 562.56166840
4119 0.70357416 0.32212901 0.79348220 563.38978624
4120 0.70098384 0.32086238 0.76309170 563.11426683
4121 0.70085218 0.32245058 0.79276149 562.69407508
4122 0.69378261 0.35428190 0.80174166 570.97967194
4123 0.69973057 0.33076986 0.79553480 563.14783140
4124 0.70108159 0.30221405 0.79149263 563.26146537
4125 0.69893707 0.29910045 0.79104584 565.81807448
4126 0.69919144 0.28842807 0.79652089 567.93061590
4127 0.70173987 0.29873326 0.81435526 565.13368493
4128 0.70234819 0.28420896 0.81099182 566.30547728
4129 0.69721443 0.30292810 0.78306884 567.14416714
4130 0.70362030 0.33638034 0.78650520 565.37640463
4131 0.69904476 0.33325433 0.81236117 564.47389057
4132 0.70012425 0.34551047 0.86474297 567.38437723
4133 0.70631927 0.32560221 0.87406001 565.26630934
4134 0.70673634 0.33337237 0.87585518 564.90820185
4135 0.71086563 0.34187753 0.87359302 569.89523831
4136 0.69908359 0.35652174 0.87676005 569.53476584
4137 0.70786375 0.34756245 0.85333665 566.81282251
4138 0.70792055 0.31199935 0.81924389 566.27347764
4139 0.69965852 0.34573319 0.80990123 563.57732750
4140 0.70104008 0.32565057 0.79735640 562.73129738
4141 0.70313191 0.31875399 0.82569672 563.32493883
4142 0.70319476 0.30815338 0.81787089 563.50980003
4143 0.70146372 0.35169288 0.76597127 567.41127248
4144 0.69871947 0.36018899 0.77379101 565.67239312
4145 0.69491327 0.36484831 0.73394717 568.80358428
4146 0.69417761 0.36013243 0.77393371 568.00158920
4147 0.69877604 0.34938861 0.76653729 564.83919770
4148 0.70595638 0.30892382 0.77239245 566.79079511
4149 0.69824207 0.31737057 0.79955131 565.64250571
4150 0.70306770 0.30114374 0.81542841 563.96551789
4151 0.70879611 0.26946161 0.78810261 567.64318335
4152 0.70573190 0.28892309 0.82204187 565.01601559
4153 0.70305732 0.28281121 0.80088556 564.73572575
4154 0.69964143 0.27395066 0.76046776 564.72310260
4155 0.69968233 0.30691901 0.75315321 562.47690056
4156 0.69956209 0.29504554 0.76595767 563.18295501
4157 0.69503626 0.29151512 0.74088282 567.42935434
4158 0.69860829 0.30144734 0.74646123 562.72900817
4159 0.70376133 0.30432116 0.76472283 563.85958016
4160 0.70377265 0.28228167 0.74587769 563.55137262
4161 0.70359714 0.29208484 0.75327736 563.52719511
4162 0.70198401 0.30382467 0.74936771 563.15575272
4163 0.70437096 0.29195046 0.73697907 565.82683914
4164 0.69453345 0.33896581 0.75860511 566.74146337
4165 0.69847891 0.33165264 0.77726767 563.43546837
4166 0.70271248 0.33847760 0.79643163 563.88896155
4167 0.70260703 0.31272821 0.79204248 562.62216273
4168 0.70483253 0.32692677 0.82515653 563.50905263
4169 0.70322028 0.32801420 0.80614230 563.05763859
4170 0.70118021 0.36462029 0.81035222 564.81446329
4171 0.70155945 0.36058661 0.80865341 564.66837631
4172 0.70044539 0.35541438 0.83790102 563.98624725
4173 0.70663117 0.29984036 0.79229840 565.30294615
4174 0.70619500 0.27726840 0.77322601 564.82431372
4175 0.70155733 0.26919742 0.77231423 564.73843473
4176 0.70622867 0.27532128 0.78776798 564.77015118
4177 0.70577596 0.27163525 0.79286436 564.92125957
4178 0.69898329 0.28619868 0.77769388 565.90327054
4179 0.70373513 0.27105022 0.81085852 567.31467599
4180 0.70577162 0.27446323 0.82008839 566.66456589
4181 0.70557971 0.28372540 0.82451638 565.82729501
4182 0.70268404 0.31032396 0.78113354 562.70107434
4183 0.70220259 0.33110286 0.79143312 563.20427246
4184 0.70663782 0.31669447 0.78054817 568.21973178
4185 0.70225673 0.33043952 0.80990829 562.81849674
4186 0.70320635 0.34111687 0.82355191 563.25947704
4187 0.70359110 0.32064941 0.82994885 563.34405100
4188 0.70253280 0.33181799 0.83713376 563.49225206
4189 0.70571627 0.30051836 0.83918833 565.08335241
4190 0.69841086 0.31978332 0.82847917 568.97675231
4191 0.70191625 0.34444386 0.83501764 563.30204229
4192 0.69977053 0.38099052 0.83223057 565.19572750
4193 0.69723805 0.38421872 0.83091514 566.71621438
4194 0.69817073 0.38639386 0.82664557 566.18087102
4195 0.69878486 0.37045504 0.82014189 564.89955582
4196 0.70453544 0.36536475 0.81919425 567.64131053
4197 0.70463582 0.35752531 0.80983269 567.57130041
4198 0.70007865 0.38265517 0.80740268 566.91194641
4199 0.69645328 0.37585677 0.77470014 567.44136158
4200 0.70183676 0.36992787 0.80490589 566.53241216
4201 0.70059149 0.36373277 0.78687132 566.17950992
4202 0.69937559 0.34849383 0.79244898 563.75151681
4203 0.70275822 0.36343198 0.81057838 565.90599147
4204 0.70336997 0.34341081 0.81938551 563.59624696
4205 0.69836981 0.34950041 0.80390232 564.27610123
4206 0.70744212 0.35271956 0.80749140 572.89656624
4207 0.70435061 0.38851490 0.80532138 575.01239794
4208 0.70451098 0.36249693 0.82421125 566.54647721
4209 0.69882238 0.36320888 0.83080778 564.88172925
4210 0.69951652 0.36416903 0.84157501 564.74743531
4211 0.70227120 0.34440743 0.81960663 563.19740998
4212 0.70402583 0.34837213 0.83054601 563.92857065
4213 0.70537487 0.31393484 0.82834346 563.73154087
4214 0.70675524 0.30910140 0.82269181 564.64345645
4215 0.70561419 0.33132615 0.83951321 563.90774957
4216 0.70221878 0.33975494 0.84362914 563.64293576
4217 0.70472589 0.34151356 0.86088829 563.79491621
4218 0.70227478 0.34489577 0.86483387 564.80181984
4219 0.69662956 0.35237043 0.83904641 569.58373639
4220 0.70637783 0.36430447 0.86185669 565.91128124
4221 0.69885194 0.35744248 0.86000822 567.49278877
4222 0.70552837 0.33717124 0.90472496 567.36971474
4223 0.70825744 0.32628226 0.86656005 565.71371654
4224 0.70532854 0.29808445 0.82987246 564.68299964
4225 0.70602629 0.30353162 0.79991937 564.39648986
4226 0.70137746 0.32100413 0.80122065 562.76397118
4227 0.70501745 0.31946055 0.81836304 563.54143599
4228 0.70568562 0.30000971 0.81575960 564.00740893
4229 0.70306965 0.29782466 0.78696683 562.76984556
4230 0.69910219 0.31077505 0.76676588 562.87490548
4231 0.70347021 0.27751893 0.76213812 563.00151548
4232 0.70386101 0.25826210 0.74832893 563.66409357
4233 0.70768608 0.25719082 0.73349426 568.73649950
4234 0.70860946 0.19967354 0.70376958 571.25853676
4235 0.70438017 0.19098905 0.68053906 567.31574048
4236 0.70134238 0.17100390 0.64160360 567.31836085
4237 0.70351116 0.20643882 0.63351138 566.85794636
4238 0.69659059 0.22139188 0.60809689 563.20447137
4239 0.69718819 0.21347712 0.61056596 563.14953108
4240 0.69503280 0.23450025 0.61279749 563.58186980
4241 0.69770647 0.22751786 0.58144342 566.11796589
4242 0.69552855 0.21912057 0.58887812 563.69545975
4243 0.69471000 0.19407382 0.56436570 564.18127203
4244 0.69473513 0.21999713 0.58673403 563.88863752
4245 0.69813439 0.21397219 0.60899883 563.33221430
4246 0.69702354 0.22927107 0.60658244 563.58725283
4247 0.69534923 0.23194668 0.58038235 564.86008246
4248 0.69767879 0.24934618 0.61960296 564.61854354
4249 0.69739728 0.25739953 0.63977905 563.59557357
4250 0.70106263 0.25797699 0.67765605 563.58725091
4251 0.69993427 0.27878005 0.67533103 564.69347692
4252 0.69539386 0.29559474 0.65627585 565.53502369
4253 0.69680049 0.28903561 0.64436418 566.55996049
4254 0.69378763 0.29113249 0.66825723 565.11422624
4255 0.69722379 0.27725159 0.70838776 563.02764681
4256 0.70061119 0.26510991 0.73756079 562.99770009
4257 0.70328507 0.27472513 0.77561090 563.57019523
4258 0.70323543 0.28899210 0.78480917 563.05311301
4259 0.70368291 0.31455020 0.80997544 562.95392575
4260 0.70199291 0.30633469 0.82186942 564.74445818
4261 0.70737082 0.30155107 0.81842891 565.24156003
4262 0.70944490 0.27855823 0.84349936 568.68761035
4263 0.70655552 0.28172316 0.84765961 568.44892663
4264 0.70937152 0.28779456 0.82748584 567.49442170
4265 0.70698248 0.29321098 0.86189077 568.04712185
4266 0.70645729 0.27895074 0.83407308 567.29423724
4267 0.69738331 0.30577051 0.78909000 567.24492769
4268 0.70052053 0.31319694 0.76093051 562.58878162
4269 0.69885343 0.31664266 0.79124682 564.14506345
4270 0.70076403 0.33865239 0.78838895 563.29657851
4271 0.69835436 0.32888880 0.74938197 563.67650697
4272 0.69664665 0.34797650 0.76124061 565.11309241
4273 0.70184556 0.31321696 0.78908838 562.53467234
4274 0.70365335 0.30708759 0.76953420 563.66255171
4275 0.70157677 0.27385159 0.75284008 562.81739200
4276 0.70634846 0.24731843 0.76451647 566.03385556
4277 0.70234022 0.26481973 0.75764865 563.57051870
4278 0.70198738 0.24913515 0.72653998 563.29785332
4279 0.70048634 0.27202253 0.72869791 562.33750360
4280 0.69465964 0.29484151 0.68865290 564.50783699
4281 0.69676885 0.25469578 0.68192537 563.32399569
4282 0.69941227 0.26085068 0.68475803 562.42442768
4283 0.69840279 0.26836571 0.68000235 562.59288028
4284 0.69893871 0.25824288 0.72229893 563.71456324
4285 0.70241602 0.25829434 0.69999436 563.48836600
4286 0.70306338 0.22589915 0.67577658 564.34430944
4287 0.70138037 0.23127122 0.68237898 563.14256080
4288 0.69397941 0.24137431 0.66981560 567.57297435
4289 0.69962041 0.20792454 0.65059456 563.72657436
4290 0.69686701 0.20167510 0.63753181 565.33640796
4291 0.70272623 0.20053477 0.64296094 565.18804782
4292 0.70308711 0.23343802 0.66598676 565.15415915
4293 0.69732328 0.22162167 0.65295157 563.78373367
4294 0.69682609 0.22125850 0.63970067 563.48096165
4295 0.69440034 0.25701007 0.63814175 564.00261520
4296 0.69747660 0.25497558 0.62383060 564.67878873
4297 0.69525749 0.26762545 0.64825328 563.71341408
4298 0.69491526 0.23907697 0.63782058 563.91134304
4299 0.69896035 0.21192816 0.62310125 563.21538086
4300 0.70217466 0.20084658 0.64380608 564.70150633
4301 0.70045133 0.20178107 0.65071757 564.14632148
4302 0.70158569 0.20922471 0.62576705 564.93733001
4303 0.69166647 0.21692892 0.60927026 568.57910509
4304 0.69037718 0.24860479 0.60397943 567.99279327
4305 0.69345597 0.25834211 0.58201374 566.92661960
4306 0.68805550 0.24876720 0.56509217 570.63881199
4307 0.68962677 0.25858943 0.55495713 569.64367989
4308 0.69273625 0.26922001 0.55446129 571.79083474
4309 0.69194287 0.24499242 0.58587157 565.93449930
4310 0.69565445 0.22932798 0.59498194 563.84782450
4311 0.69895642 0.21134345 0.60655853 563.78570771
4312 0.69634714 0.21853657 0.62595247 563.43569648
4313 0.69597958 0.27227021 0.67200602 563.23763650
4314 0.69825370 0.26860399 0.64685209 564.67664067
4315 0.69500619 0.26750017 0.68848460 564.82529815
4316 0.69553421 0.25382122 0.68142718 564.70651636
4317 0.70167398 0.27283276 0.69770750 563.87910813
4318 0.70354963 0.26119228 0.68882227 566.12367533
4319 0.70555251 0.23802719 0.68796973 567.51142678
4320 0.70167046 0.23309617 0.67542169 563.29101583
4321 0.70124341 0.25958246 0.68474104 563.38701379
4322 0.69904569 0.28947828 0.70334542 562.94782815
4323 0.69497272 0.32329959 0.70973378 565.38314096
4324 0.69835937 0.31529406 0.70203130 565.46472998
4325 0.69550616 0.28222006 0.69088456 563.77560615
4326 0.69719378 0.30646444 0.71563946 563.38311091
4327 0.69894734 0.31930837 0.72615167 564.22865286
4328 0.69022927 0.29264801 0.68946944 572.21445949
4329 0.69732971 0.28404696 0.69705081 562.80047457
4330 0.70036381 0.26234663 0.71576947 562.39937684
4331 0.69943522 0.22987179 0.66248998 562.76234453
4332 0.70193459 0.23549944 0.68957784 563.22130320
4333 0.69952624 0.25398840 0.69354640 562.38391405
4334 0.69919533 0.28132965 0.69062200 563.11732811
4335 0.69442910 0.27414585 0.67609618 564.54864502
4336 0.69902388 0.30159875 0.70396965 563.99076539
4337 0.69706051 0.28354438 0.70830396 562.98911417
4338 0.69852488 0.27810707 0.69290776 562.60414321
4339 0.69529080 0.29822233 0.67607435 564.58026532
4340 0.69926308 0.27654238 0.66567471 564.70464187
4341 0.70302834 0.23774752 0.67179463 564.89315757
4342 0.69370063 0.25437163 0.66096093 565.73160630
4343 0.69866447 0.25226671 0.67704528 562.40053904
4344 0.70143775 0.25227093 0.70419796 562.65929400
4345 0.69522040 0.25254272 0.67653120 564.86282487
4346 0.69711073 0.28015881 0.66849651 563.54636138
4347 0.69537743 0.26342736 0.63066950 564.12987570
4348 0.69705192 0.22850790 0.65596652 563.57562371
4349 0.69806865 0.22979630 0.64696645 562.74334323
4350 0.69999145 0.22719369 0.63559624 563.57034343
4351 0.70085475 0.22598759 0.64786957 563.57183575
4352 0.69931227 0.23176217 0.64917630 562.79628307
4353 0.69503984 0.25285603 0.64959952 563.69404648
4354 0.69766518 0.26303164 0.66589089 562.74394912
4355 0.69821918 0.26316886 0.67336369 562.58088229
4356 0.69759976 0.27084696 0.66901405 562.98762965
4357 0.70119633 0.23062496 0.67825394 563.09294691
4358 0.69913978 0.24595787 0.69278849 562.82103899
4359 0.70354251 0.20861298 0.68663740 565.36440703
4360 0.70420383 0.23220392 0.68957208 565.06232981
4361 0.70277084 0.27131205 0.68055702 567.15316052
4362 0.69508557 0.28943772 0.68081604 564.07008104
4363 0.69806248 0.28956234 0.66313499 565.59456396
4364 0.69267133 0.28040847 0.63469787 565.97230567
4365 0.70007079 0.27327319 0.67998769 563.78805933
4366 0.70183339 0.25125328 0.70018656 562.88051676
4367 0.70565017 0.25232087 0.70816244 566.88644657
4368 0.69731568 0.22941530 0.71394269 569.93042347
4369 0.69836189 0.25690598 0.69717709 562.74687657
4370 0.69735754 0.27511728 0.69421761 562.68864452
4371 0.69727904 0.26074426 0.65723752 562.90514157
4372 0.69817215 0.25493744 0.65161500 563.05685487
4373 0.69864659 0.24815579 0.63913406 563.62309494
4374 0.69929802 0.26816552 0.66602097 563.78229136
4375 0.69415853 0.26579897 0.65409378 564.35611589
4376 0.69575093 0.25168092 0.64784027 563.21553958
4377 0.70187677 0.22682618 0.65841005 563.96645327
4378 0.70322977 0.23780049 0.67056196 565.26626647
4379 0.69547763 0.23942903 0.67064860 565.35840179
4380 0.69818742 0.26669423 0.68768767 562.42142191
4381 0.69442063 0.26309047 0.68419498 565.71594796
4382 0.70097142 0.27828335 0.69394106 563.97246915
4383 0.69848433 0.26778152 0.68967200 562.38463535
4384 0.69756154 0.27107763 0.70655335 562.94950322
4385 0.69825679 0.28709255 0.69300274 563.04960436
4386 0.69480363 0.31837700 0.69627032 565.52615435
4387 0.70240791 0.30270973 0.73896956 564.18689271
4388 0.70301002 0.29773064 0.77840082 562.66619672
4389 0.70270193 0.27484560 0.77022255 563.35990681
4390 0.70969783 0.26828854 0.76690651 570.66272866
4391 0.70960524 0.24036062 0.74225407 570.99971395
4392 0.70060067 0.22821508 0.73154293 567.74414372
4393 0.70043863 0.25866294 0.70707887 562.37815651
4394 0.69776806 0.26752811 0.70968369 563.12101026
4395 0.69833085 0.29025224 0.71178493 562.60055730
4396 0.69594709 0.25775959 0.69420114 564.82387453
4397 0.70218062 0.23758246 0.71690612 563.79014066
4398 0.70115013 0.24513527 0.71622468 563.27111159
4399 0.70037425 0.22814673 0.70098207 564.38464738
4400 0.70054346 0.23059046 0.69313396 563.50823956
4401 0.70599225 0.22819432 0.67338774 569.09573955
4402 0.70373494 0.21792031 0.67736285 564.98042396
4403 0.70279014 0.24268072 0.69394197 563.62621339
4404 0.69844359 0.26037290 0.67416017 562.50412066
4405 0.69750876 0.27005100 0.70267080 562.88169298
4406 0.70349030 0.27249967 0.70403974 565.65552965
4407 0.69471160 0.28443273 0.70752129 565.43009086
4408 0.69695228 0.27891203 0.67677529 563.09543343
4409 0.69655301 0.27390365 0.67449395 563.02820260
4410 0.69516014 0.27813598 0.66398536 563.84207188
4411 0.68922583 0.28729965 0.64093577 570.81305063
4412 0.69633171 0.27492980 0.67253530 563.15233754
4413 0.69963734 0.27351176 0.68532466 563.10076461
4414 0.70014381 0.26707867 0.70378513 562.31914186
4415 0.70173222 0.26399823 0.72753607 562.56506846
4416 0.70374199 0.28271435 0.73538535 564.17098606
4417 0.70291289 0.29265684 0.73518772 564.05782903
4418 0.70411770 0.30422990 0.77323775 563.70831015
4419 0.70349559 0.31587561 0.79392096 563.00565531
4420 0.70472590 0.32638811 0.81032685 563.85368880
4421 0.70194934 0.34042299 0.81448176 563.04238683
4422 0.69779075 0.34135064 0.79120831 564.32166708
4423 0.70353896 0.32517661 0.75679968 566.95492236
4424 0.69620368 0.33952843 0.76111458 564.96095714
4425 0.69662330 0.34578081 0.77512200 564.97771851
4426 0.70095475 0.33918892 0.79128968 563.28328552
4427 0.69856369 0.34154515 0.80262762 564.08841788
4428 0.70123751 0.34149435 0.79770247 563.30429067
4429 0.70158365 0.32959815 0.79178707 562.86919467
4430 0.70095842 0.34144638 0.82261868 563.29370525
4431 0.69908960 0.34809363 0.79192470 563.78821192
4432 0.70072635 0.34575479 0.81024410 563.25854044
4433 0.70179969 0.34661860 0.82328827 563.19784873
4434 0.70371501 0.33314317 0.81679278 563.27749255
4435 0.70290164 0.31791666 0.78412399 563.05985782
4436 0.69997575 0.32876472 0.76316833 563.34255921
4437 0.70039093 0.33466133 0.76306039 564.09659731
4438 0.69527231 0.32538483 0.73186341 565.04395570
4439 0.69514938 0.31726995 0.70511607 564.99967954
4440 0.69964740 0.30050790 0.70140963 564.56487114
4441 0.69796846 0.28300242 0.70538186 562.55741391
4442 0.70334225 0.26566894 0.74530343 563.12383153
4443 0.69994356 0.25652348 0.74824984 565.52186886
4444 0.70272313 0.25628618 0.77819446 566.51259748
4445 0.69871316 0.28778041 0.77134959 565.29579525
4446 0.69623187 0.31149978 0.76133012 565.50038048
4447 0.69922033 0.34604383 0.76920623 564.43072263
4448 0.70026529 0.33244118 0.75063086 564.71773870
4449 0.69821894 0.27251337 0.72525148 563.30394292
4450 0.69945839 0.27075959 0.72485887 562.56860536
4451 0.70028384 0.27086597 0.73391216 562.58280052
4452 0.70212015 0.28962818 0.72936835 563.40842762
4453 0.69463725 0.28726293 0.70339711 565.10574886
4454 0.69740468 0.31557096 0.69548972 565.51251573
4455 0.70044063 0.29354040 0.70693185 563.95032911
4456 0.69574917 0.29211450 0.66983421 564.32479838
4457 0.69822606 0.28476205 0.67933329 563.65627885
4458 0.69642816 0.31361818 0.64490041 570.87315906
4459 0.69808106 0.31665053 0.65048874 573.20027658
4460 0.69919098 0.30053041 0.63754568 573.80767274
4461 0.69094763 0.28691907 0.62901839 567.93817944
4462 0.69416843 0.31716315 0.63777718 570.49329009
4463 0.69408800 0.27971968 0.64477164 564.86218061
4464 0.69732209 0.28126553 0.67977413 563.11413371
4465 0.69592767 0.30339089 0.68261268 564.63347618
4466 0.69599354 0.31618621 0.68398337 566.02454600
4467 0.69272682 0.31602698 0.71610519 567.72420806
4468 0.69640485 0.32738344 0.70792280 565.66210656
4469 0.69823582 0.31869469 0.72469905 563.97345579
4470 0.70792008 0.30200359 0.74404679 574.68805096
4471 0.70508475 0.28904571 0.74076186 566.26167518
4472 0.70049652 0.30722665 0.78121805 562.76798620
4473 0.69954178 0.30017488 0.75022104 562.43610457
4474 0.70025903 0.27609987 0.75301901 563.26576858
4475 0.69957287 0.27265499 0.75404060 564.30081971
4476 0.70068057 0.28102985 0.72448237 562.33209997
4477 0.69706142 0.31318667 0.70394391 564.42866524
4478 0.69572471 0.31135171 0.71690398 564.21293601
4479 0.70067537 0.29485833 0.72614979 562.91316660
4480 0.69622136 0.27239707 0.69685142 563.60653060
4481 0.69491763 0.28202642 0.67704306 564.03434726
4482 0.69884988 0.27985034 0.67366762 563.98562739
4483 0.69602712 0.27139781 0.68746174 563.44959815
4484 0.69907803 0.28969479 0.69151293 563.73413078
4485 0.69792851 0.27239687 0.70300108 562.58185740
4486 0.69463447 0.26932778 0.68832958 565.20418652
4487 0.69661146 0.25549135 0.68721354 563.70872384
4488 0.69974525 0.23660751 0.68603126 562.94463361
4489 0.69865136 0.26236551 0.68832715 562.34649843
4490 0.70285832 0.24550559 0.69031157 563.90378351
4491 0.70266605 0.24558394 0.69285681 563.61061010
4492 0.69636469 0.22781353 0.68654389 567.59843431
4493 0.70105243 0.21933287 0.66362022 563.39555665
4494 0.69955404 0.23553403 0.64852124 562.97828517
4495 0.69911863 0.25257292 0.65326389 563.30297080
4496 0.69820229 0.25892256 0.66545786 562.67013803
4497 0.69676998 0.26819093 0.68355730 562.89890499
4498 0.69942147 0.25644248 0.66283139 563.15981423
4499 0.69642866 0.25303903 0.66054154 562.96444104
4500 0.69675072 0.23617299 0.63301387 562.90826416
4501 0.69362113 0.23303377 0.62588631 565.11639944
4502 0.69717152 0.25163382 0.61146959 565.26204742
4503 0.69610034 0.24606148 0.61592629 563.80824954
4504 0.69511064 0.25998143 0.62192625 564.34089445
4505 0.69742598 0.25588380 0.61059835 566.17387429
4506 0.69185594 0.25831907 0.62600305 566.36300566
4507 0.69173646 0.26224207 0.64345046 567.20997860
4508 0.70611041 0.23671526 0.68494833 568.82308048
4509 0.70241851 0.23289824 0.66938172 564.11702081
4510 0.69824792 0.25183462 0.65487285 562.78534891
4511 0.69713517 0.25287255 0.65079315 562.81824368
4512 0.69532933 0.23905959 0.67419707 565.99252652
4513 0.70158058 0.26173609 0.67450215 564.76544664
4514 0.69560431 0.23906218 0.66495483 564.72547980
4515 0.69739292 0.24331739 0.68602684 563.89034177
4516 0.69692220 0.28167793 0.66997607 563.54959109
4517 0.69961465 0.27702955 0.65670493 566.22296306
4518 0.69996228 0.28364870 0.66856009 566.20551445
4519 0.69769087 0.26739316 0.65966179 563.24804440
4520 0.69792766 0.27153338 0.67482453 562.84141607
4521 0.69935042 0.26664788 0.65677368 564.49420716
4522 0.69631465 0.23377015 0.64709811 563.36632550
4523 0.70157028 0.22557392 0.61161022 567.82529822
4524 0.69829021 0.22288247 0.61286482 563.51218194
4525 0.69874725 0.20565641 0.59400876 564.12280243
4526 0.69319698 0.21445712 0.58807706 564.96713674
4527 0.69458629 0.19585885 0.58792739 564.76100622
4528 0.69234066 0.20323883 0.58419774 566.65082134
4529 0.69758033 0.20984317 0.58053976 564.39681983
4530 0.69452659 0.21999001 0.60559205 564.04653533
4531 0.69212221 0.21086484 0.60411774 567.92289381
4532 0.69555693 0.20351747 0.58020085 563.72199658
4533 0.69760147 0.20163313 0.57290618 564.45836895
4534 0.69755359 0.18091101 0.55336172 564.74959049
4535 0.69365850 0.15655037 0.50523155 565.58021982
4536 0.69386023 0.17584107 0.49962111 566.09874281
4537 0.69735902 0.16910746 0.51427483 566.97123127
4538 0.69928821 0.15439639 0.53876111 566.37451907
4539 0.69605504 0.12891147 0.52688128 567.28883616
4540 0.69767897 0.14480030 0.51475392 566.19658784
4541 0.69706036 0.16332191 0.52875393 565.32236749
4542 0.69952870 0.16756874 0.53901858 567.14864581
4543 0.69206733 0.16031889 0.52526503 567.26908675
4544 0.70214069 0.17257365 0.56349642 569.18311028
4545 0.69813776 0.22608236 0.55822906 569.88043547
4546 0.69703864 0.23879007 0.55812318 570.46328983
4547 0.69335098 0.25800242 0.55798790 569.61087536
4548 0.69632624 0.23973255 0.53635274 573.50712813
4549 0.69680877 0.22906676 0.52559786 574.14004926
4550 0.68907397 0.24564124 0.52984447 570.25116470
4551 0.69176969 0.22579934 0.51429625 569.02904644
4552 0.68972669 0.23324325 0.50861294 570.32251738
4553 0.69147781 0.24099562 0.53759700 568.56720660
4554 0.68940818 0.23148194 0.51338183 569.79115933
4555 0.69272357 0.21879287 0.56974499 565.04268846
4556 0.69180485 0.27467756 0.58405901 568.67061979
4557 0.69893966 0.26568556 0.64037476 565.70236277
4558 0.69940349 0.24601618 0.65253592 563.13017773
4559 0.69868177 0.25958430 0.63237752 565.49604171
4560 0.70310437 0.23147069 0.63579750 568.24627468
4561 0.69853356 0.22778295 0.64947526 562.75826835
4562 0.69674458 0.25320343 0.66243888 562.83090610
4563 0.69891307 0.21751982 0.66463231 563.83190704
4564 0.69825534 0.21310124 0.65860118 564.34470605
4565 0.70115325 0.21094559 0.62148052 564.81399687
4566 0.69254676 0.24427758 0.63136757 566.21228414
4567 0.69884026 0.22286798 0.61471841 563.74795621
4568 0.69867161 0.22142954 0.60905138 563.91174342
4569 0.69690012 0.20360566 0.62389016 564.07344280
4570 0.69167651 0.19280427 0.57709827 568.36290580
4571 0.69602407 0.20473634 0.57706847 563.76159124
4572 0.69675276 0.18237079 0.58836908 564.33831640
4573 0.69547132 0.16224012 0.60115824 570.07231189
4574 0.70302855 0.13973110 0.60180409 569.60426068
4575 0.70154428 0.11561941 0.58369178 572.32132778
4576 0.69998082 0.12900819 0.58079306 569.69619363
4577 0.69936540 0.15382966 0.58943241 566.51666346
4578 0.70370079 0.18247104 0.61696889 567.53483774
4579 0.70406533 0.16395187 0.61086964 568.52060993
4580 0.69959186 0.16474625 0.61520089 566.71758638
4581 0.69688337 0.17707713 0.57547902 564.29527375
4582 0.69786092 0.15256732 0.59600542 568.18276387
4583 0.70290431 0.16053036 0.58178147 568.30150361
4584 0.70351391 0.14652852 0.57261260 569.77435262
4585 0.70272765 0.14906480 0.57400645 568.55341990
4586 0.70248301 0.14696119 0.57021544 568.44810929
4587 0.70080710 0.14406816 0.53845185 567.98070601
4588 0.70143778 0.12981558 0.57305020 568.97471623
4589 0.69640518 0.12206321 0.53957743 569.20028855
4590 0.70192394 0.13232441 0.53721490 569.53904598
4591 0.69964187 0.16376769 0.54676012 566.45332058
4592 0.69676002 0.14858666 0.54976441 565.84752888
4593 0.70805755 0.15422721 0.57399134 581.22758939
4594 0.69970798 0.15365434 0.55983042 565.95726345
4595 0.69842681 0.16941030 0.57306568 564.65724125
4596 0.70013676 0.17401626 0.55777023 566.64912524
4597 0.69585917 0.14783708 0.57013918 568.30152637
4598 0.70062446 0.15487280 0.55674434 566.79227308
4599 0.70057728 0.14538779 0.53828829 567.71579731
4600 0.69891241 0.14916536 0.54242027 565.97439887
4601 0.70147184 0.14589340 0.53528881 569.24438538
4602 0.70169976 0.16983458 0.52986902 572.73543804
4603 0.70109145 0.13422353 0.53955297 568.33273627
4604 0.70088637 0.12782269 0.53497853 568.48088754
4605 0.69896303 0.15506156 0.55512193 565.56838347
4606 0.69430859 0.17201743 0.54731107 565.08954983
4607 0.69540550 0.19127420 0.53079492 565.50379763
4608 0.69151795 0.17402678 0.52063907 566.59314461
4609 0.69370532 0.16279758 0.49956668 565.62217421
4610 0.69301545 0.14870466 0.47523114 566.34205763
4611 0.69211975 0.16552338 0.49366613 566.16116414
4612 0.69769392 0.16353710 0.52001957 566.41461442
4613 0.69092726 0.15036244 0.52995198 571.12752014
4614 0.69347308 0.15523473 0.56399364 569.72666735
4615 0.69971315 0.17100982 0.58821668 564.95026614
4616 0.70237119 0.16198644 0.57206226 568.18453348
4617 0.70150557 0.15359107 0.56586606 567.34532186
4618 0.69524151 0.15997765 0.55016713 565.54531293
4619 0.70023261 0.19019363 0.55450957 568.62093255
4620 0.69245122 0.17770261 0.54942352 566.57632357
4621 0.69281577 0.18298559 0.56975260 567.00138706
4622 0.69337974 0.17253496 0.54799487 565.88132858
4623 0.69567373 0.18868577 0.54794157 564.43675727
4624 0.69639901 0.19622940 0.54098624 565.72499378
4625 0.69280494 0.22534577 0.55337796 565.79046045
4626 0.69664439 0.20193113 0.59625337 563.47898731
4627 0.69490252 0.22144628 0.60799980 563.77761710
4628 0.69360214 0.24832387 0.60570816 564.64196393
4629 0.69285930 0.25024834 0.58737683 565.72302807
4630 0.69912847 0.22058824 0.59433918 565.56706529
4631 0.69748633 0.22685248 0.57661140 566.35274393
4632 0.69781769 0.20539539 0.55864760 566.25422744
4633 0.69164124 0.21374356 0.54471526 566.01128933
4634 0.69313364 0.23570125 0.52537365 570.04955698
4635 0.68679543 0.21725883 0.51150713 571.76437222
4636 0.68687787 0.21257040 0.51697031 571.80536350
4637 0.69379458 0.21815254 0.52731266 567.59121754
4638 0.68937204 0.22073045 0.53639335 568.28179471
4639 0.69399808 0.22163923 0.54652961 566.15069715
4640 0.69118097 0.21917918 0.55668392 566.33637751
4641 0.69117267 0.21224792 0.55802408 566.43630661
4642 0.69474507 0.25747752 0.57014432 569.03838109
4643 0.68994780 0.24335089 0.56308175 568.00461183
4644 0.69209589 0.25068606 0.55931221 567.82144659
4645 0.69628800 0.24283163 0.56635493 568.75060284
4646 0.69574019 0.22507892 0.56863303 565.41006145
4647 0.69219595 0.19128003 0.54200699 565.67967499
4648 0.69931292 0.14349281 0.53233506 566.70401761
4649 0.69992105 0.14011289 0.51601071 568.33664593
4650 0.69836803 0.12916973 0.52228549 566.86149362
4651 0.69695968 0.11439188 0.49880531 567.46888219
4652 0.69492505 0.12871420 0.49647712 566.52994075
4653 0.69974271 0.12199704 0.51196472 568.30215462
4654 0.69524788 0.12856629 0.51310147 567.01460968
4655 0.69524999 0.13587593 0.50708022 566.11845872
4656 0.69480425 0.13179074 0.54289343 569.54849812
4657 0.70235136 0.12582053 0.55978517 569.67900468
4658 0.70234474 0.12973589 0.53775206 570.14133602
4659 0.70314705 0.13395677 0.54474188 570.98699098
4660 0.69172003 0.14027161 0.54409082 573.65653257
4661 0.70297531 0.11023377 0.53459233 571.82203841
4662 0.69528590 0.11810848 0.52764650 569.83954098
4663 0.69979279 0.15097441 0.54234757 566.65312116
4664 0.69799546 0.14167177 0.49248107 567.93200016
4665 0.69241010 0.16115148 0.48583036 566.21874650
4666 0.69882897 0.14003949 0.50516505 567.79143359
4667 0.69965089 0.12485441 0.51906756 567.90158689
4668 0.70059831 0.11322543 0.51520505 569.38088172
4669 0.69941749 0.14558995 0.51940628 567.59730552
4670 0.69770276 0.15203679 0.51962920 566.03333591
4671 0.69332485 0.17996909 0.52438806 565.16124126
4672 0.69161850 0.16237152 0.51613523 567.10965556
4673 0.69789083 0.16292748 0.52752308 565.99846762
4674 0.69956128 0.13841267 0.52619401 567.24511408
4675 0.69977971 0.13692548 0.56538264 567.38214291
4676 0.69874895 0.15016437 0.56316915 565.85397766
4677 0.69945643 0.17813272 0.54330543 567.43164799
4678 0.69507319 0.16998572 0.53491438 564.71490532
4679 0.69516754 0.16689287 0.52585246 564.88888687
4680 0.69237937 0.19335303 0.53169028 565.49451173
4681 0.69191951 0.18928028 0.53608187 565.89527289
4682 0.69686661 0.21396501 0.57453560 564.64930622
4683 0.69484672 0.21087168 0.56670914 564.24763015
4684 0.69638834 0.22978172 0.61139575 563.27606907
4685 0.69913347 0.24510086 0.60879652 566.97915896
4686 0.69368553 0.23826172 0.60902045 564.36660862
4687 0.69748614 0.20998238 0.61418433 563.18064850
4688 0.69683558 0.20525656 0.62680996 564.13251955
4689 0.69732427 0.24591893 0.62176584 563.88149082
4690 0.69925933 0.22997589 0.63361031 563.29118919
4691 0.69494790 0.22634805 0.63418356 564.49867056
4692 0.70139856 0.23657119 0.64460802 564.96255488
4693 0.69776000 0.24249443 0.65977716 562.62090451
4694 0.69225316 0.28605105 0.63299856 566.65679724
4695 0.69837679 0.28139165 0.63908431 567.71952695
4696 0.69278700 0.28920394 0.63144378 566.70330491
4697 0.69752733 0.27297162 0.63576449 565.77728644
4698 0.70059419 0.26482298 0.66416831 564.91970747
4699 0.69650836 0.27636682 0.67924488 563.04812939
4700 0.70060533 0.27026434 0.65909294 566.27403313
4701 0.69886285 0.23714601 0.65215820 562.65927548
4702 0.69771820 0.22334249 0.65600955 563.52102797
4703 0.69399738 0.26093302 0.66849681 565.33834835
4704 0.69583109 0.24816865 0.66576434 563.77695225
4705 0.70194297 0.23960264 0.66774386 564.00048332
4706 0.69740221 0.23460360 0.68452046 564.74195396
4707 0.70116453 0.25256250 0.70127278 562.58689805
4708 0.70254208 0.21927236 0.67747021 564.06220675
4709 0.69730913 0.22825980 0.65984250 563.61427060
4710 0.69978447 0.21019303 0.63711126 563.33197567
4711 0.69850536 0.20948414 0.61930316 563.19590275
4712 0.69861806 0.20408104 0.64953840 564.48956032
4713 0.70084036 0.20306869 0.64163764 563.91810854
4714 0.69915744 0.18459777 0.63134823 565.31624986
4715 0.69499415 0.18547559 0.61572436 568.13903911
4716 0.69477095 0.19241311 0.61474230 567.16138123
4717 0.70292968 0.18646334 0.66017917 566.37085543
4718 0.69870487 0.22027033 0.64058733 562.91314545
4719 0.70010755 0.20343918 0.63958951 563.70824959
4720 0.70193446 0.18213478 0.63634649 565.61864842
4721 0.70211960 0.17705736 0.62627312 565.90909172
4722 0.70258968 0.18450347 0.64919396 566.02322680
4723 0.70386522 0.17956306 0.63912829 567.07483039
4724 0.69659263 0.19050794 0.60176831 564.31694150
4725 0.69489856 0.17895765 0.59729036 567.19085777
4726 0.70018091 0.21722331 0.63239263 563.55656903
4727 0.69774541 0.20677807 0.63362718 563.76784901
4728 0.70415412 0.19177106 0.65043166 566.65392204
4729 0.69799953 0.17583829 0.59314373 564.61093459
4730 0.69805105 0.18901708 0.60079036 563.86179823
4731 0.70481248 0.17439689 0.62064135 568.97685463
4732 0.70127452 0.18390556 0.60617430 565.22007036
4733 0.69593874 0.20461029 0.60178706 563.71213480
4734 0.69825271 0.22370689 0.60622037 563.94183755
4735 0.69420300 0.20339643 0.59180549 564.74859481
4736 0.69730421 0.20146686 0.58374226 563.73141108
4737 0.69428122 0.22048182 0.57880414 564.20256394
4738 0.69545494 0.19699337 0.56874094 563.91748808
4739 0.69642092 0.16184278 0.56624182 565.41996384
4740 0.69541501 0.16381792 0.57011699 566.22920560
4741 0.69176679 0.18725734 0.55739313 567.14854079
4742 0.69632328 0.15438457 0.56513560 566.31314590
4743 0.69440715 0.19915223 0.56547680 564.21661689
4744 0.69824575 0.19607780 0.57539344 564.48217248
4745 0.70000979 0.17821897 0.57047366 565.71075356
4746 0.68930619 0.20504735 0.56686027 570.68153320
4747 0.68805645 0.23163215 0.56779048 571.16904661
4748 0.68827487 0.23270298 0.57744375 571.30449125
4749 0.69006133 0.23616409 0.58790962 568.25204771
4750 0.69124744 0.22632169 0.57463120 566.39607431
4751 0.69614148 0.22677846 0.58944959 564.12550299
4752 0.69490750 0.22723904 0.60053086 563.69993575
4753 0.69593880 0.22150711 0.60294785 563.35795201
4754 0.69487654 0.24784151 0.63514049 563.66422811
4755 0.69388303 0.26919234 0.61058966 565.85741748
4756 0.69103959 0.23739337 0.59890668 567.13877680
4757 0.68934698 0.25662076 0.59562425 569.21323198
4758 0.69678595 0.27821837 0.65593265 564.07549501
4759 0.69605753 0.27944219 0.65954125 563.84370038
4760 0.70121920 0.29222508 0.67853594 568.27779411
4761 0.70040949 0.29783904 0.69537972 565.66423496
4762 0.69816657 0.25950411 0.70985044 563.37264037
4763 0.69750275 0.27955921 0.70687996 562.75240778
4764 0.70056919 0.28314306 0.69639949 563.86152061
4765 0.69450474 0.30305475 0.70065221 564.90378029
4766 0.69943669 0.28886812 0.74688968 562.62902130
4767 0.69957990 0.27530519 0.69867062 562.53085557
4768 0.69567513 0.28746859 0.70383571 563.91082111
4769 0.69825588 0.29385428 0.69817558 563.28451520
4770 0.69744669 0.28095003 0.70036497 562.70188481
4771 0.69689847 0.28076599 0.72008349 563.71030290
4772 0.69989662 0.30268419 0.74849255 562.39660672
4773 0.69312673 0.30942005 0.72476348 567.87293028
4774 0.69200301 0.29171592 0.69871892 569.07403982
4775 0.69234266 0.27808715 0.69169659 568.89958756
4776 0.69451622 0.28418134 0.72899825 567.94402566
4777 0.69811346 0.26046991 0.72704829 564.78370006
4778 0.70151845 0.24107476 0.68527567 562.99163148
4779 0.70336870 0.25965010 0.70739480 564.11237957
4780 0.69806179 0.27213218 0.73803696 564.53429908
4781 0.70308496 0.26831117 0.72163226 563.45081476
4782 0.69524977 0.26211546 0.69168067 565.17481029
4783 0.69835991 0.27277502 0.69712546 562.39681925
4784 0.69704319 0.28262511 0.69902638 562.87731419
4785 0.70014046 0.29627325 0.72333792 562.87530783
4786 0.70045669 0.27430423 0.74123434 562.63293560
4787 0.69823217 0.26732827 0.71386767 562.99146990
4788 0.69783651 0.25706623 0.71653728 564.49851798
4789 0.70296260 0.24852816 0.73176707 563.57121991
4790 0.70169490 0.25689801 0.72743072 562.84192571
4791 0.70334473 0.25332754 0.72921833 563.39123369
4792 0.70256142 0.28045838 0.75268160 562.60521904
4793 0.69887147 0.26967475 0.72581089 563.01959647
4794 0.70138772 0.25463408 0.71430583 562.63934947
4795 0.70236358 0.23557349 0.71832222 564.03817596
4796 0.70312126 0.25542997 0.70875441 563.61193257
4797 0.70415000 0.26581713 0.71154036 565.25839917
4798 0.70500739 0.22848749 0.70387766 565.47168658
4799 0.70058439 0.22853590 0.71435102 565.45691653
4800 0.70087522 0.23268326 0.72328465 565.52367840
4801 0.69875323 0.22389357 0.69450890 565.80822464
4802 0.69760272 0.23072923 0.69728035 566.51699063
4803 0.69794738 0.27181869 0.71683571 563.09240477
4804 0.70322941 0.26298311 0.73089699 563.16006569
4805 0.70053369 0.26949588 0.71796968 562.27664111
4806 0.69839992 0.27369814 0.72897354 563.29505386
4807 0.70091311 0.26893298 0.69332107 563.18217375
4808 0.69716729 0.25643416 0.68543606 563.06885414
4809 0.69745825 0.24992687 0.69524521 563.86971651
4810 0.69686362 0.25560719 0.67526145 562.95497166
4811 0.69801275 0.23568384 0.66060273 562.76765613
4812 0.70158880 0.24188272 0.69032054 562.94748839
4813 0.70121497 0.22008294 0.69662883 564.64607885
4814 0.70307114 0.21769318 0.70941035 565.45270330
4815 0.70037676 0.22459186 0.70006882 564.78065424
4816 0.70031090 0.22925314 0.68636593 563.35325733
4817 0.70219269 0.22811558 0.67324941 563.69985046
4818 0.69749227 0.22580767 0.65479172 563.40845261
4819 0.69533441 0.25177506 0.66798496 564.19574417
4820 0.70390070 0.21798789 0.68887333 564.98372784
4821 0.70335786 0.21262220 0.66732167 564.95244876
4822 0.70239997 0.19052175 0.64030543 565.30444362
4823 0.69497681 0.21707377 0.63401291 565.36302603
4824 0.70671077 0.21974253 0.65893040 571.71452576
4825 0.70221857 0.25382860 0.67174556 565.08447677
4826 0.70095097 0.21747771 0.65441335 563.43676048
4827 0.69570267 0.21255527 0.67164151 569.67979124
4828 0.70580617 0.22451612 0.66569996 569.24593851
4829 0.70221308 0.18989717 0.67521625 566.94242721
4830 0.70281478 0.20493451 0.67085684 564.94224315
4831 0.70290484 0.21407604 0.66838486 564.52540339
4832 0.69637724 0.23619683 0.66970368 564.45357551
4833 0.69799353 0.26555062 0.70440547 562.82069640
4834 0.69809729 0.25751304 0.71490907 564.00635027
4835 0.69902683 0.30288854 0.73952173 562.54395322
4836 0.69591464 0.29930148 0.71618008 563.89496147
4837 0.70279678 0.28042678 0.72562160 563.62499103
4838 0.69858287 0.27630154 0.73541257 563.35933113
4839 0.70034608 0.26939312 0.68594089 563.24473159
4840 0.69921113 0.27859047 0.67962474 563.64141427
4841 0.70217944 0.26130985 0.68599772 564.41672860
4842 0.69350192 0.27005741 0.67482487 565.90933807
4843 0.69849583 0.26749546 0.68472765 562.45417238
4844 0.69409192 0.28029640 0.68354694 565.07529050
4845 0.69601264 0.26419513 0.63682902 563.90150002
4846 0.70187119 0.26347690 0.67751199 565.03846468
4847 0.69381757 0.27370347 0.66448366 564.85550467
4848 0.69585864 0.26546909 0.65091484 563.39709128
4849 0.69681409 0.25426163 0.63838388 563.29111770
4850 0.69945889 0.23360333 0.63396410 563.58256321
4851 0.70021090 0.23580640 0.61190796 566.85445689
4852 0.69524377 0.23200317 0.61586313 563.47283600
4853 0.69723052 0.25450462 0.61807698 564.98673288
4854 0.69319346 0.26400192 0.63553993 565.01047636
4855 0.69785751 0.24021794 0.63709685 562.92577069
4856 0.69485117 0.25226441 0.65203144 563.94289120
4857 0.69911437 0.22323108 0.68340267 564.42106934
4858 0.69859914 0.22730895 0.68380635 564.36949943
4859 0.70472102 0.21473036 0.71686150 566.47728609
4860 0.70805482 0.20417737 0.70321247 570.18200763
4861 0.70650397 0.22911699 0.70887508 567.19807697
4862 0.70773086 0.20419181 0.71401585 569.67288907
4863 0.69866370 0.19944735 0.69312514 571.07885586
4864 0.69920369 0.22098368 0.67818231 564.21035557
4865 0.69838898 0.21385281 0.64783854 563.52628086
4866 0.70018822 0.20803538 0.66100163 564.06647480
4867 0.70009159 0.22453728 0.66580044 563.03350789
4868 0.69991288 0.24006335 0.62945332 564.91171827
4869 0.69738453 0.25299592 0.61113005 565.66718783
4870 0.70230889 0.23353992 0.64814075 565.62520954
4871 0.70442159 0.22221417 0.65578143 567.39386321
4872 0.69532028 0.23264350 0.65504067 564.95171236
4873 0.70051359 0.21505798 0.63595844 563.61401102
4874 0.69386613 0.21956972 0.60085310 564.49592552
4875 0.69947008 0.21389894 0.61267082 563.91353604
4876 0.69679439 0.21836711 0.58971534 563.86293940
4877 0.69664978 0.21682553 0.58351439 564.08528586
4878 0.69993021 0.18188139 0.60043902 564.51370191
4879 0.69236383 0.17839316 0.59451380 571.77737512
4880 0.69437512 0.16992341 0.60513419 571.01833793
4881 0.69671385 0.16038537 0.60932120 569.72123686
4882 0.69614090 0.17137993 0.60040881 567.13108949
4883 0.69592203 0.17571889 0.58647034 565.46311244
4884 0.69406960 0.17407025 0.56857341 566.28591856
4885 0.69479959 0.20229070 0.61126267 565.41147558
4886 0.69634897 0.20175866 0.58401630 563.58830641
4887 0.69611758 0.20819351 0.60996533 563.64687425
4888 0.69963917 0.21268633 0.61900303 563.67093763
4889 0.69948436 0.20736831 0.61461438 563.65928738
4890 0.70080741 0.20761413 0.61897105 564.47800025
4891 0.69640787 0.21303847 0.59712790 563.36419708
4892 0.70147661 0.20532311 0.61701831 565.24142800
4893 0.70065069 0.21716603 0.61321456 565.28062738
4894 0.69780166 0.22481648 0.63872555 562.85916945
4895 0.69763838 0.23462262 0.66229208 563.04601776
4896 0.69921247 0.25489242 0.67071606 562.61168323
4897 0.69969190 0.23073635 0.65950991 562.75405462
4898 0.69868170 0.20252984 0.67013352 566.70422407
4899 0.69604353 0.19900374 0.64589383 567.89483805
4900 0.69790705 0.17591129 0.62208822 566.74307724
4901 0.70131333 0.19290129 0.63890854 564.62486063
4902 0.70050374 0.19648583 0.65692170 565.03174713
4903 0.69920615 0.23504535 0.66785654 562.65813057
4904 0.69954633 0.21974482 0.66352927 563.32370778
4905 0.69736314 0.22034761 0.65323619 563.89081362
4906 0.69846789 0.21632425 0.66027120 563.94826225
4907 0.70062372 0.21362760 0.69162124 565.43560370
4908 0.70211472 0.24377908 0.68281829 563.51489623
4909 0.69853010 0.24288669 0.68236209 562.86808836
4910 0.69788618 0.23771875 0.68461182 563.88034364
4911 0.70076537 0.24158390 0.64117964 564.94536985
4912 0.69332516 0.23883228 0.59937886 564.63952287
4913 0.69503272 0.25520825 0.60798246 564.81455261
4914 0.69741695 0.26648010 0.64049980 564.39413523
4915 0.69774919 0.23340412 0.66102376 563.01043052
4916 0.69945380 0.27038656 0.67066146 563.74518506
4917 0.69701582 0.27737858 0.68356770 562.87170788
4918 0.70106715 0.23644708 0.68877124 562.93635279
4919 0.69454485 0.24547087 0.67528149 566.58884417
4920 0.69638111 0.24135463 0.69477226 566.34123312
4921 0.69642251 0.22755286 0.68478151 567.29429078
4922 0.69756103 0.23898060 0.65634183 562.72642549
4923 0.69797411 0.26205786 0.66287587 562.85417773
4924 0.69346585 0.27536632 0.66642761 565.29944438
4925 0.69738324 0.29901321 0.67277125 565.38646391
4926 0.69194949 0.29449737 0.65739993 567.01316581
4927 0.69266202 0.30290299 0.67354564 566.54854096
4928 0.69483163 0.28288047 0.68020642 564.14567756
4929 0.69732712 0.28661120 0.65742814 565.18657948
4930 0.69346203 0.23821857 0.61607919 564.66282080
4931 0.69403681 0.23166533 0.60833655 564.15741155
4932 0.69632465 0.21922158 0.58683225 563.89794170
4933 0.69657928 0.21916863 0.56333968 565.96721242
4934 0.69206143 0.23308088 0.59741607 565.83137660
4935 0.68833852 0.23090449 0.57494778 571.10356026
4936 0.69153372 0.25570487 0.59019882 566.60361847
4937 0.69282793 0.25368625 0.60616119 565.25613535
4938 0.68976091 0.25497019 0.59520364 568.55465234
4939 0.69213161 0.25389929 0.58783906 566.22607312
4940 0.69939195 0.24335670 0.62442369 565.17500510
4941 0.70106412 0.22552156 0.67145196 563.20278096
4942 0.70028323 0.24501294 0.67175025 562.74916983
4943 0.69923946 0.28947786 0.69528813 563.53542587
4944 0.69238959 0.27115751 0.67554318 567.84212172
4945 0.70143062 0.25403346 0.70203748 562.66419146
4946 0.69910516 0.23204482 0.66877703 562.82234346
4947 0.70183022 0.21774260 0.66462382 563.77338066
4948 0.69569615 0.22892885 0.63240614 563.54838251
4949 0.70058426 0.22158517 0.64307678 563.48433703
4950 0.70156775 0.20155723 0.64506006 564.29629428
4951 0.70253474 0.22929962 0.66683560 564.25854215
4952 0.69751642 0.24166071 0.66614447 562.87090339
4953 0.70177077 0.22189459 0.69518734 564.20372682
4954 0.70420037 0.20803121 0.69684649 566.05831861
4955 0.69869362 0.20374049 0.68300213 568.23069273
4956 0.70494686 0.18557239 0.64779165 567.85607970
4957 0.69865866 0.20954397 0.68714395 567.65525840
4958 0.70333194 0.21947157 0.69547713 564.65527241
4959 0.70299890 0.24216327 0.69799622 563.66957161
4960 0.69973545 0.26683161 0.68930825 562.57341102
4961 0.69769438 0.28360021 0.67946396 563.34710022
4962 0.70040324 0.28830179 0.71083894 563.13808237
4963 0.69583678 0.30843926 0.70673162 564.12204277
4964 0.70258404 0.28399189 0.76451996 562.65898213
4965 0.70343551 0.28454973 0.76264984 562.89716987
4966 0.70113480 0.28928101 0.77386454 563.04809301
4967 0.70182519 0.26516423 0.76646335 564.49103129
4968 0.69739453 0.28956083 0.77033157 567.04172652
4969 0.69715011 0.29099582 0.76019975 565.96472699
4970 0.70442378 0.30405458 0.80503024 563.23571395
4971 0.70548077 0.32552340 0.80102005 565.22181344
4972 0.69945542 0.31084702 0.78042566 563.21898544
4973 0.70657854 0.30603233 0.79315692 565.59401029
4974 0.70733060 0.30474547 0.80904521 565.60143235
4975 0.70665579 0.28500724 0.84119981 567.07753197
4976 0.70902990 0.30282500 0.84912075 566.76833195
4977 0.69822097 0.33258274 0.83774684 568.75389632
4978 0.70503869 0.34958794 0.85681984 563.90278329
4979 0.70080936 0.32968423 0.86474441 568.67738106
4980 0.69993369 0.32790715 0.84462780 567.32971845
4981 0.70822082 0.29728071 0.84170987 566.21126726
4982 0.70757744 0.30435236 0.86282496 566.50632724
4983 0.71004267 0.33113803 0.87558160 567.64606107
4984 0.70832692 0.33089774 0.87626901 565.78962642
4985 0.70557482 0.32285053 0.83508158 563.80049086
4986 0.70278042 0.36561391 0.84845260 563.93842500
4987 0.70062775 0.38829951 0.83114459 566.18859579
4988 0.69968405 0.39321386 0.81714193 567.54324613
4989 0.70527510 0.35447779 0.82278384 566.57266760
4990 0.69829392 0.36195840 0.79848923 564.76257021
4991 0.69434299 0.38326065 0.78599809 569.09741817
4992 0.69412338 0.38449186 0.76341524 569.96746365
4993 0.69713107 0.33479997 0.75841744 564.15635571
4994 0.69787801 0.31477114 0.75102816 563.19025604
4995 0.69962558 0.29398290 0.75211611 562.54570892
4996 0.69669302 0.27893370 0.71440344 563.70159792
4997 0.69769997 0.28408538 0.69982141 562.68466388
4998 0.69782220 0.29475617 0.67167306 565.22199663
4999 0.70422493 0.28408192 0.70359227 568.77142532
5000 0.69722735 0.28730294 0.71896530 563.08976336
5001 0.70611064 0.28350841 0.73789871 567.82432706
5002 0.70730245 0.26439240 0.73775573 568.14453866
5003 0.70686068 0.26871226 0.75227922 566.44093657
5004 0.70321327 0.25768100 0.73704542 563.25999220
5005 0.70356635 0.26769457 0.74097925 563.21738945
5006 0.69794955 0.31317759 0.73865134 563.09982950
5007 0.70240810 0.31024737 0.74994090 564.07694176
5008 0.69790984 0.30510717 0.71122369 563.43046477
5009 0.69500205 0.33295758 0.71936117 565.82950983
5010 0.69213829 0.32608028 0.71631540 568.59030658
5011 0.69720225 0.32486146 0.71242947 565.20486034
5012 0.70238649 0.31155320 0.72347852 567.18383851
5013 0.69359343 0.31778117 0.75790625 569.58018891
5014 0.69726306 0.34466815 0.77366142 564.47665117
5015 0.69737270 0.37361014 0.76878133 567.59819639
5016 0.69688320 0.37788798 0.79191652 566.77303967
5017 0.69544508 0.37372920 0.77309565 567.61746068
5018 0.69422229 0.37680901 0.80348551 569.41951718
5019 0.69722883 0.38203969 0.78649376 567.50323284
5020 0.69459543 0.36494969 0.76136215 567.67903687
5021 0.69867781 0.34867822 0.73892469 567.13149315
5022 0.69569124 0.35336879 0.74258673 566.60747436
5023 0.69703288 0.33367699 0.74977926 564.23958709
5024 0.69627787 0.34252291 0.76178169 565.01674854
5025 0.69613267 0.33617815 0.74822691 564.85108523
5026 0.69549527 0.32296753 0.76810795 566.45400267
5027 0.69747478 0.32855399 0.76218623 563.77265420
5028 0.70029953 0.31648771 0.78175554 562.66106571
5029 0.70417590 0.31393517 0.80047143 563.19154584
5030 0.70456737 0.28910796 0.78457394 563.37877300
5031 0.70019592 0.31834633 0.75200255 563.11390193
5032 0.70091484 0.32318986 0.76504541 563.16772202
5033 0.69680838 0.32879730 0.75852716 564.19543225
5034 0.70263813 0.31930155 0.77591852 563.35200245
5035 0.70037024 0.31756046 0.77658852 562.57881100
5036 0.70037411 0.29411576 0.73394565 562.43549460
5037 0.69500224 0.30386697 0.71976765 564.89821974
5038 0.69664035 0.29206137 0.72985781 563.93412548
5039 0.70207834 0.29481858 0.74098862 563.05597961
5040 0.69756084 0.27207076 0.70211044 562.76408556
5041 0.69892503 0.27742736 0.70453181 562.34959314
5042 0.70158538 0.27068029 0.72778867 562.43756546
5043 0.69737350 0.27077161 0.71547271 563.60201281
5044 0.70546526 0.24515930 0.72786972 565.18773908
5045 0.70304826 0.24776596 0.75600421 565.19271450
5046 0.70241073 0.28029620 0.78369453 563.86787709
5047 0.70832857 0.25888884 0.78349349 567.33299993
5048 0.70510605 0.24415097 0.76929357 566.39988023
5049 0.70385838 0.23448708 0.74944878 566.26388979
5050 0.70207609 0.26113915 0.74756000 563.36672552
5051 0.69970868 0.28857822 0.73384910 562.27474472
5052 0.69735644 0.28353594 0.74972302 565.37223760
5053 0.69474911 0.30207139 0.70188465 564.67831255
5054 0.69450454 0.31050644 0.68161292 565.56913585
5055 0.69757537 0.30838510 0.69437947 564.75339413
5056 0.69449095 0.31222711 0.67886464 565.86689773
5057 0.69378339 0.33135511 0.69836319 567.07665013
5058 0.69551152 0.34507462 0.72421810 566.70827929
5059 0.70083614 0.32697760 0.74390696 565.10996208
5060 0.69533351 0.31982675 0.74192818 565.15595547
5061 0.70583444 0.29656734 0.73631592 569.45880775
5062 0.70746493 0.25960617 0.73846239 568.01825120
5063 0.69757090 0.28272432 0.74629449 564.80148991
5064 0.69911854 0.30280123 0.71268924 563.53406154
5065 0.69810749 0.31030689 0.71426260 563.75345610
5066 0.69703971 0.29327137 0.69722873 563.20153699
5067 0.69712701 0.31451957 0.71910703 563.79244029
5068 0.69740976 0.34536760 0.72129442 567.58027728
5069 0.69374694 0.33280257 0.70511262 566.97326452
5070 0.69654955 0.32860084 0.69110932 567.49752919
5071 0.69295841 0.30662347 0.67877891 566.38875058
5072 0.69916626 0.27897722 0.69429051 562.75297141
5073 0.69846267 0.25633921 0.71572878 563.82792254
5074 0.69724389 0.26785307 0.68687698 562.70744633
5075 0.69414489 0.28683547 0.68975077 565.08640005
5076 0.70006148 0.27388218 0.70112184 562.55607755
5077 0.70196700 0.23338862 0.70081625 563.47663446
5078 0.70309014 0.25155069 0.74724347 564.05126850
5079 0.70069792 0.27045706 0.72972285 562.38076002
5080 0.70079835 0.25348603 0.68619528 562.73470234
5081 0.70204587 0.27053139 0.72006807 562.79111261
5082 0.69886895 0.26601432 0.70622425 562.42371012
5083 0.69958928 0.28429886 0.72546867 562.25966816
5084 0.70380332 0.29740724 0.74176584 565.11541018
5085 0.70321005 0.30474530 0.73446656 565.98280431
5086 0.69823358 0.28870035 0.74373410 563.33942488
5087 0.69778843 0.28650233 0.73824774 563.56185386
5088 0.70057788 0.28268746 0.78145655 564.81004753
5089 0.70225124 0.29351941 0.76175811 562.47571662
5090 0.70097789 0.27853448 0.76191045 563.21454689
5091 0.70006660 0.26724344 0.71694100 562.31241365
5092 0.69982460 0.29025290 0.72114970 562.50388045
5093 0.70257816 0.30206667 0.71961799 566.41731037
5094 0.69398424 0.29076859 0.68934791 565.19167786
5095 0.69757278 0.26593851 0.68291481 562.56455170
5096 0.69997707 0.24136022 0.67070705 562.62154514
5097 0.69897422 0.26459967 0.65256226 564.30905474
5098 0.70014244 0.22001399 0.65746901 563.12754861
5099 0.70073833 0.20836343 0.66668875 564.21395040
5100 0.70323375 0.19952970 0.68519845 566.19833249
5101 0.70611426 0.23162459 0.70581363 566.80007659
5102 0.70368466 0.22533490 0.71350633 564.88797934
5103 0.70339793 0.23323763 0.69429654 564.11015155
5104 0.69561309 0.27767186 0.69562422 563.94427366
5105 0.69225000 0.26281941 0.68619958 570.39290933
5106 0.69555250 0.26200727 0.65560718 563.36064511
5107 0.69684488 0.26925748 0.61478082 567.10208080
5108 0.69403062 0.27172367 0.62723637 565.05521596
5109 0.69753868 0.24028449 0.63594271 562.90441074
5110 0.69224457 0.23385027 0.61969568 566.67021521
5111 0.69182850 0.23563710 0.62351312 567.54064707
5112 0.69309016 0.25527954 0.64281322 565.46007059
5113 0.69287723 0.24878471 0.65328185 566.97561244
5114 0.69858691 0.25256065 0.62821694 564.96032481
5115 0.69530728 0.24988141 0.62183635 563.72022176
5116 0.70123664 0.22773628 0.64572230 564.09027594
5117 0.69757802 0.22098398 0.63270409 562.96388224
5118 0.69981598 0.22637647 0.63246911 563.57696697
5119 0.69423714 0.23863181 0.62345009 564.11215768
5120 0.69319602 0.23363729 0.59576042 564.69435547
5121 0.69461738 0.22390319 0.58352643 564.09721849
5122 0.69644245 0.21089927 0.59165535 563.46658457
5123 0.69271465 0.20707993 0.58257254 565.70748923
5124 0.69687460 0.20377983 0.59536844 563.41201696
5125 0.69301446 0.21563798 0.59699283 565.49116143
5126 0.69870324 0.21826744 0.59380013 564.91866202
5127 0.69567446 0.20849456 0.59995434 563.63607773
5128 0.69765894 0.20140008 0.62915645 564.07562044
5129 0.69998595 0.20689443 0.61995789 563.76368465
5130 0.69863665 0.21180447 0.61005205 563.45953130
5131 0.69963165 0.20020978 0.61147093 563.80987229
5132 0.69766112 0.18515928 0.62644296 565.90555009
5133 0.69725051 0.17428879 0.61148132 566.56261305
5134 0.70332329 0.17179504 0.62932985 567.12066784
5135 0.70029181 0.18590755 0.60349965 564.54297252
5136 0.69981967 0.23532220 0.60714038 566.80440959
5137 0.69940870 0.23898941 0.61558264 565.65871251
5138 0.69486495 0.23406946 0.63248670 563.99404917
5139 0.70007317 0.22281545 0.65991465 563.02969153
5140 0.70251592 0.20329203 0.61240687 566.99747286
5141 0.69861326 0.23336625 0.60170025 565.57163054
5142 0.69512643 0.23896180 0.61390057 563.60216831
5143 0.69885705 0.23398591 0.59794807 566.40613622
5144 0.69914542 0.22070126 0.62054355 563.52348953
5145 0.69837085 0.20438011 0.62129971 563.35434078
5146 0.69878342 0.21381770 0.63094164 563.07702023
5147 0.70113988 0.19268172 0.63580193 564.53527123
5148 0.70127487 0.17433544 0.63519201 566.34462121
5149 0.69916873 0.15900795 0.58975534 565.92841256
5150 0.69864969 0.18526812 0.55565438 565.72829285
5151 0.69755208 0.21231740 0.57875347 564.68742617
5152 0.69392022 0.22295814 0.57577025 564.45720011
5153 0.69316741 0.22052153 0.57126834 564.78615068
5154 0.69507013 0.18983755 0.57387002 564.27592757
5155 0.69571622 0.19208207 0.57056049 563.91195599
5156 0.69597195 0.19275474 0.59545821 564.24323881
5157 0.70150377 0.15328522 0.57451458 567.05743548
5158 0.69486482 0.17850166 0.58116261 565.79287410
5159 0.69526180 0.19715572 0.61548708 565.82596507
5160 0.69371430 0.17862202 0.57589398 566.78839447
5161 0.70294294 0.15463821 0.59206483 568.05505483
5162 0.69382791 0.16935582 0.56774885 567.16305695
5163 0.70122868 0.13206291 0.55144192 568.26791579
5164 0.69590051 0.15352125 0.56242395 566.57593187
5165 0.70124138 0.18700702 0.56502741 568.70045015
5166 0.69059945 0.17654405 0.54959715 569.84236899
5167 0.69922058 0.14830502 0.58768706 567.22725819
5168 0.69798811 0.13562336 0.55043873 566.96967131
5169 0.69536414 0.15407569 0.57635955 568.50934631
5170 0.69937854 0.16147272 0.55052046 565.90662961
5171 0.69818401 0.16175932 0.54507796 565.26205982
5172 0.69172300 0.19128419 0.53711765 566.03504157
5173 0.69630604 0.15431088 0.52886387 565.15306734
5174 0.69590679 0.15991752 0.50674797 565.79526411
5175 0.69389709 0.18928249 0.52672329 565.18016902
5176 0.69351385 0.19885316 0.54114624 564.93877732
5177 0.69479717 0.19981855 0.54414547 564.87076839
5178 0.69517219 0.22535660 0.55028870 566.94760739
5179 0.69552329 0.25327543 0.57577474 568.29700036
5180 0.69515181 0.22720478 0.57698624 564.65099481
5181 0.69585001 0.21665251 0.56250724 565.21336612
5182 0.69376126 0.21675962 0.56308086 564.70666073
5183 0.69301734 0.22902517 0.55322594 566.08779910
5184 0.69256571 0.24722717 0.56033233 567.36496488
5185 0.69127600 0.25542101 0.56631625 567.87592945
5186 0.69711983 0.22034832 0.55976926 567.14121205
5187 0.69964757 0.19362608 0.54882576 568.80907632
5188 0.69548104 0.21587653 0.56409713 564.82386789
5189 0.69680377 0.20756213 0.52917215 569.09625007
5190 0.70062252 0.17814257 0.54139479 569.69764374
5191 0.69260561 0.15616750 0.57600529 573.24569662
5192 0.69013826 0.16220678 0.56234508 575.72060075
5193 0.69229587 0.14883426 0.54368031 570.46033980
5194 0.70265697 0.13301450 0.54171614 570.37144363
5195 0.69899593 0.12996774 0.53326201 567.07627495
5196 0.69973862 0.12966879 0.53206799 567.49157991
5197 0.69974031 0.10923092 0.50245764 569.08480072
5198 0.69939487 0.11134735 0.53189226 569.10239561
5199 0.69520674 0.11526657 0.49791661 567.82259791
5200 0.69432704 0.16883255 0.49508332 566.18833754
5201 0.69389075 0.16366036 0.47385161 567.33013814
5202 0.69511537 0.16201903 0.45883876 570.17647264
5203 0.69033153 0.14200524 0.45989067 567.95609988
5204 0.69005472 0.13930034 0.44228547 568.21128961
5205 0.69297223 0.13094471 0.45857657 566.86834612
5206 0.69660765 0.12723157 0.44846709 569.65736739
5207 0.69556116 0.13134387 0.44077800 569.54064505
5208 0.69051163 0.14540644 0.43596580 568.23281096
5209 0.69251841 0.13813297 0.44823293 567.28201210
5210 0.69314938 0.09525461 0.43654210 568.56003667
5211 0.69290016 0.10682259 0.44439262 567.93524434
5212 0.69455329 0.09629868 0.44465762 568.24543144
5213 0.69412891 0.09706934 0.44057442 568.21277230
5214 0.69305854 0.07351335 0.42215078 570.38697359
5215 0.69972815 0.08234223 0.43501971 573.38500697
5216 0.68954500 0.08740532 0.41856449 572.14930427
5217 0.69186319 0.05200183 0.42050160 575.54507142
5218 0.69493691 0.04774133 0.40527575 572.21449436
5219 0.68666916 0.09787562 0.39806490 574.11078291
5220 0.68512615 0.12744563 0.38768056 573.96644419
5221 0.68366393 0.15273200 0.39659021 576.07469032
5222 0.68852542 0.14292322 0.39202479 571.24624817
5223 0.68779481 0.12361981 0.42765777 571.29487563
5224 0.69270352 0.11096699 0.41753131 568.31386535
5225 0.69120600 0.12924545 0.43048284 567.97024255
5226 0.69031514 0.12639688 0.44291502 568.45206440
5227 0.68613572 0.14617802 0.43169291 572.70585308
5228 0.68825777 0.13840863 0.41890664 569.89821943
5229 0.69184383 0.15526333 0.42881548 569.82841349
5230 0.69097022 0.13958537 0.47726358 567.94098827
5231 0.69026629 0.12893801 0.49082139 571.47660700
5232 0.70048016 0.13021503 0.52033751 568.59964242
5233 0.70080204 0.11637401 0.52286962 569.24154344
5234 0.69596956 0.10782433 0.52216929 570.53200299
5235 0.70330966 0.10595176 0.53520671 572.53879010
5236 0.70014832 0.11197562 0.55172168 570.25323333
5237 0.70237029 0.12773904 0.56710342 569.57391624
5238 0.69980031 0.16020883 0.55974884 565.86231369
5239 0.69356609 0.15963075 0.58889143 572.46035973
5240 0.70095674 0.14490419 0.61140061 569.30608880
5241 0.69909888 0.16217383 0.59543151 565.86751151
5242 0.70201717 0.15491053 0.60274741 567.33647283
5243 0.70469636 0.18276044 0.59067718 572.19121044
5244 0.70293918 0.17992524 0.57958285 569.46447493
5245 0.69555773 0.17431209 0.58290582 565.71709314
5246 0.69734791 0.16809048 0.59094267 565.62673940
5247 0.70269140 0.16807781 0.59935560 567.12031302
5248 0.69861002 0.16404869 0.59379759 565.68908512
5249 0.70023150 0.17783411 0.65417657 567.99663460
5250 0.70631152 0.17469761 0.65114587 570.08702886
5251 0.70627117 0.18799891 0.66090236 569.22307410
5252 0.70589545 0.19039152 0.66914547 568.41708994
5253 0.70613336 0.22199439 0.67653537 568.57980975
5254 0.70651180 0.18440497 0.68167166 569.61913852
5255 0.70270087 0.18942925 0.70942147 571.18642255
5256 0.70306528 0.20890687 0.70673688 566.50467934
5257 0.69916882 0.23442026 0.70349941 564.72133368
5258 0.70316653 0.25298670 0.70726558 563.65011841
5259 0.69839852 0.24799103 0.71727900 565.08373895
5260 0.70043898 0.26332819 0.72549679 562.61641276
5261 0.70291752 0.25986903 0.74696872 563.35006337
5262 0.70335933 0.27144878 0.77064091 563.56153913
5263 0.70181546 0.30691222 0.78087017 562.46576240
5264 0.70248965 0.28852420 0.75553816 562.57075317
5265 0.69993065 0.26803050 0.76820234 566.21137550
5266 0.70055768 0.26709021 0.71040519 562.32050728
5267 0.69940550 0.27556021 0.71728648 562.26926893
5268 0.69941447 0.29228997 0.69990164 563.58277186
5269 0.69497195 0.31032265 0.71404834 564.76381483
5270 0.70031372 0.32895755 0.70881210 569.46330579
5271 0.69633049 0.34751233 0.72289808 567.23605165
5272 0.69800422 0.31981823 0.73469571 563.54956032
5273 0.70032345 0.29434174 0.74371585 562.28073745
5274 0.69833005 0.29906508 0.72076810 562.75648654
5275 0.69880433 0.28552612 0.71902545 562.37513430
5276 0.70526224 0.28715660 0.76485195 564.41431354
5277 0.70169880 0.28164800 0.78047551 563.87354578
5278 0.70050869 0.30986332 0.79942205 563.67151905
5279 0.70051836 0.34772768 0.81175635 563.35543849
5280 0.70386799 0.34665042 0.82118296 564.12613583
5281 0.70191148 0.35893293 0.84364787 563.61327235
5282 0.69752101 0.37975494 0.85556272 567.64213889
5283 0.70698422 0.36765074 0.84723641 568.77900534
5284 0.70268076 0.36401816 0.85818934 563.80455306
5285 0.70291332 0.35637668 0.83129236 563.84154269
5286 0.70302437 0.35132564 0.83910666 563.41802126
5287 0.69911246 0.34978842 0.80166304 563.81760715
5288 0.70374281 0.35166706 0.82548968 564.24444061
5289 0.69906638 0.35292898 0.83279983 564.94476902
5290 0.69870859 0.35592664 0.80661406 564.24979990
5291 0.70043931 0.36686190 0.80716158 564.93246428
5292 0.70308250 0.36830766 0.83856531 564.67768290
5293 0.70189266 0.36112943 0.86889561 564.46851080
5294 0.69769831 0.38334752 0.84027760 566.50528126
5295 0.69849712 0.39745471 0.81825721 567.71950914
5296 0.69536246 0.36942688 0.81517309 568.31262563
5297 0.70125537 0.34761528 0.76295315 566.77476430
5298 0.70175417 0.35445446 0.79188887 565.33040518
5299 0.69770474 0.35201321 0.76772598 564.96027197
5300 0.70261635 0.31765200 0.77579684 563.21988954
5301 0.70106712 0.30263505 0.81087967 564.93716814
5302 0.70628169 0.30471637 0.80587318 564.49646757
5303 0.70664718 0.31202391 0.80698571 565.21890863
5304 0.70401035 0.33744191 0.82050893 563.57120686
5305 0.70289959 0.31870481 0.83252213 563.83164686
5306 0.70021179 0.30854964 0.82330300 566.79917074
5307 0.70137237 0.33972270 0.79308930 563.38975226
5308 0.70008155 0.31095762 0.77781393 562.72371524
5309 0.70366602 0.29895910 0.76938086 563.20372200
5310 0.69965031 0.29257597 0.74563094 562.39922930
5311 0.70320625 0.30786467 0.73402583 566.50776132
5312 0.69809223 0.32864812 0.75110349 563.62228220
5313 0.69635069 0.33051342 0.75469643 564.52817706
5314 0.70039716 0.30533194 0.79304153 563.63670107
5315 0.70511202 0.28000645 0.74620788 564.95950835
5316 0.70274389 0.28971586 0.74618944 563.01503676
5317 0.69985666 0.29315314 0.73777657 562.29529450
5318 0.69894460 0.30941819 0.72653185 563.24162099
5319 0.69768234 0.33195154 0.72226996 565.52068745
5320 0.70125417 0.28067214 0.69503809 564.43760364
5321 0.70345400 0.28299245 0.69705057 567.98520472
5322 0.69794219 0.26469948 0.72107194 563.94601666
5323 0.70042433 0.24921454 0.72992602 564.16568743
5324 0.70327991 0.25978088 0.71003111 563.86640321
5325 0.70408146 0.28301410 0.74789402 563.79299291
5326 0.70127831 0.32792868 0.76263773 563.98383428
5327 0.69981201 0.31666176 0.77946245 562.79382816
5328 0.70233958 0.29305999 0.76798045 562.49592918
5329 0.69596323 0.29380531 0.72095318 564.13434921
5330 0.70257074 0.27457413 0.69420884 565.56199981
5331 0.69573170 0.30490981 0.72113184 564.16179087
5332 0.69841582 0.30010164 0.72051575 562.80547060
5333 0.69903099 0.29410607 0.72429628 562.47750310
5334 0.69584360 0.31996791 0.73788381 564.50393541
5335 0.70013828 0.31136720 0.72667691 564.04605279
5336 0.70325607 0.31812358 0.78068718 563.49217269
5337 0.70152616 0.32769591 0.77659578 563.26407214
5338 0.69961393 0.29905901 0.74743132 562.39015054
5339 0.69791002 0.30851783 0.74030534 562.99042931
5340 0.70425227 0.30138185 0.76609499 564.07737534
5341 0.69785616 0.29900741 0.75963604 564.11471435
5342 0.70422054 0.30623793 0.79338414 563.16428887
5343 0.70565437 0.32269174 0.81539694 564.28485395
5344 0.70508973 0.31390440 0.79895935 563.96413743
5345 0.70563090 0.28478703 0.78323350 564.12334566
5346 0.70814054 0.29645022 0.80261637 566.70834533
5347 0.70537449 0.30063675 0.80621203 563.72875008
5348 0.70905429 0.28486175 0.82923867 567.27774671
5349 0.70788258 0.30113551 0.81568332 565.90280491
5350 0.70437054 0.29203621 0.82109324 564.84129776
5351 0.70589329 0.31992312 0.82268649 564.12180078
5352 0.70279669 0.29389418 0.80613946 564.07331078
5353 0.70321953 0.30484183 0.80715761 563.14479774
5354 0.70187429 0.33670981 0.78734080 563.67194148
5355 0.70084042 0.32026222 0.74725714 563.95838073
5356 0.69680054 0.34866278 0.77025103 564.95269027
5357 0.69606174 0.34761838 0.77028107 565.44724462
5358 0.69775351 0.28886599 0.73502927 563.27371304
5359 0.69896591 0.25778013 0.71104026 562.98093315
5360 0.70155531 0.26704534 0.69451849 563.53197859
5361 0.69955540 0.26607594 0.71531236 562.42264446
5362 0.69601193 0.29969242 0.72372451 564.03298419
5363 0.70285054 0.27162825 0.74592150 562.80665184
5364 0.70632756 0.26821894 0.74940890 565.78910767
5365 0.70661936 0.27595593 0.77738450 565.16699801
5366 0.70737793 0.28278033 0.78316222 566.03275003
5367 0.70148903 0.25867238 0.77091950 566.32042447
5368 0.69919027 0.27795752 0.78378026 567.88145048
5369 0.69836976 0.32191110 0.77376382 563.40421287
5370 0.70155826 0.30278235 0.78302460 562.61375859
5371 0.70220375 0.30608230 0.76694810 562.67415069
5372 0.70516629 0.32187359 0.75831775 569.24170367
5373 0.70129364 0.33585932 0.74312555 567.22872244
5374 0.69994309 0.33329659 0.74625404 564.97368196
5375 0.70024581 0.32931179 0.75474437 564.00049394
5376 0.69467880 0.33873654 0.73667393 566.11794753
5377 0.69379528 0.33142935 0.72390724 566.61269156
5378 0.69592708 0.34370090 0.74360968 565.54417772
5379 0.69780078 0.34883863 0.74817795 565.76159978
5380 0.69466132 0.31791618 0.73678244 565.81628302
5381 0.69648464 0.31924828 0.75892756 564.60291512
5382 0.69625758 0.30406015 0.75295017 565.30604177
5383 0.70116006 0.28819732 0.73922150 562.35286709
5384 0.69489142 0.28944354 0.71764493 565.57582688
5385 0.69958635 0.29473245 0.72990566 562.41542235
5386 0.70210122 0.29416888 0.72697771 563.97126907
5387 0.69447740 0.27733019 0.69258942 565.19163003
5388 0.69681200 0.28982712 0.68813075 563.31795409
5389 0.69626834 0.28761206 0.68659836 563.37630809
5390 0.70089005 0.27225927 0.69839847 563.07824230
5391 0.70191382 0.26090454 0.69845976 563.24681759
5392 0.70471765 0.23280444 0.72568955 565.08379779
5393 0.69947695 0.23371093 0.72725230 567.44667086
5394 0.69786028 0.22568222 0.70948117 568.95905444
5395 0.69464848 0.22522398 0.67776648 570.24039002
5396 0.70177859 0.19010530 0.68109931 567.70262320
5397 0.70153970 0.19497726 0.66943927 565.84868933
5398 0.70088116 0.22409833 0.66333728 563.19022739
5399 0.69494402 0.23603200 0.64866591 564.63441433
5400 0.69564263 0.23991432 0.67806925 565.79843370
5401 0.70005722 0.25805162 0.71585731 562.66325488
5402 0.70642862 0.27071675 0.71792344 569.39205640
5403 0.70437002 0.27168251 0.70046920 567.54071873
5404 0.69638856 0.28659004 0.69082484 563.24461124
5405 0.70314672 0.25624153 0.71638601 563.38210559
5406 0.70318316 0.25594301 0.68367454 565.52014045
5407 0.70163325 0.24134648 0.67218913 563.52769157
5408 0.69884095 0.25163221 0.65390384 563.04782303
5409 0.69263576 0.28228660 0.65439996 565.95067064
5410 0.69767340 0.27529719 0.68569113 562.66706577
5411 0.69901293 0.24965573 0.70763394 563.41725528
5412 0.69795345 0.27164963 0.67851574 562.71891871
5413 0.69736868 0.27388950 0.67492131 562.90394319
5414 0.69550024 0.24911826 0.65115235 563.46493201
5415 0.69453341 0.26750131 0.66250444 564.16554210
5416 0.69787029 0.27970135 0.63397817 567.47672344
5417 0.69483093 0.27813837 0.63990197 564.80271706
5418 0.69773662 0.25307670 0.64155133 563.31862410
5419 0.69684734 0.25722413 0.62802292 564.15863733
5420 0.70061329 0.22050987 0.64272433 563.50120247
5421 0.69507695 0.23723690 0.62311733 563.54037010
5422 0.69585652 0.23610904 0.61213516 563.45076947
5423 0.69586094 0.23032692 0.60048367 563.66739762
5424 0.69744133 0.22256453 0.61850139 563.02514267
5425 0.69702823 0.23722309 0.62137519 563.24917439
5426 0.69450884 0.24887791 0.63501039 563.91416347
5427 0.69656829 0.22628974 0.61913971 563.06247741
5428 0.70076794 0.20580121 0.62361173 564.16878473
5429 0.69735397 0.21646948 0.60856215 563.18796796
5430 0.69463382 0.24180529 0.60253522 564.15101876
5431 0.69849885 0.22415097 0.59985869 564.68356050
5432 0.69941876 0.23843061 0.61944615 565.17962775
5433 0.69406540 0.24293017 0.65344960 565.57949652
5434 0.69851027 0.24081774 0.70109522 564.29568447
5435 0.69716831 0.26908197 0.68835797 562.74983319
5436 0.69517948 0.26590491 0.65421349 563.61186691
5437 0.69259238 0.27741106 0.64265046 565.82765870
5438 0.69624954 0.27149431 0.63276677 564.96830349
5439 0.69556070 0.24000091 0.66031299 564.34712911
5440 0.70023159 0.23571392 0.65586999 563.06437956
5441 0.69487747 0.25669055 0.64783233 563.73347452
5442 0.69523172 0.28415352 0.64342440 565.18477869
5443 0.69352743 0.28168411 0.64410498 565.26697213
5444 0.69140809 0.27681783 0.65723182 567.91754681
5445 0.69203397 0.28002547 0.63452866 566.47892932
5446 0.69414391 0.27297392 0.62554922 565.23113417
5447 0.69289322 0.26109246 0.64332763 565.53281664
5448 0.70259272 0.22059503 0.65613401 564.63891085
5449 0.69655402 0.24924527 0.65058862 562.88110085
5450 0.69710217 0.24329848 0.66836731 563.11820174
5451 0.69932223 0.22865519 0.66448840 562.85101430
5452 0.69786842 0.23076305 0.64812868 562.76777550
5453 0.70115192 0.21971338 0.65150939 563.57056369
5454 0.69840741 0.23034850 0.62545954 563.24947552
5455 0.70038802 0.22242417 0.61737476 564.99951503
5456 0.69457819 0.19806712 0.62836274 568.22280403
5457 0.70819866 0.19367723 0.66816236 572.35239257
5458 0.70330441 0.19720612 0.63649962 566.07792656
5459 0.70105098 0.20664344 0.67408753 564.76839785
5460 0.69758505 0.23038021 0.67242731 564.01479102
5461 0.70038480 0.24709496 0.67879659 562.63705014
5462 0.69979996 0.25939076 0.68588628 562.46705651
5463 0.70075591 0.25389256 0.68795699 562.66733753
5464 0.69690305 0.26554305 0.67718883 562.78582170
5465 0.70128345 0.26335663 0.71273486 562.47886581
5466 0.70012905 0.22001879 0.70207401 565.90110960
5467 0.70589770 0.22405334 0.74009022 567.08641865
5468 0.70445156 0.22308106 0.71718066 565.49596810
5469 0.69869600 0.24214134 0.71553738 565.39533538
5470 0.70203403 0.23718284 0.70413186 563.33911943
5471 0.70297448 0.20298085 0.70044052 566.90975656
5472 0.70228614 0.21096357 0.70494374 566.26080664
5473 0.69901956 0.20509065 0.67728845 566.73730369
5474 0.70152889 0.18199234 0.66432923 567.51339267
5475 0.70233264 0.18499238 0.63384564 565.56192279
5476 0.69704251 0.18294972 0.60459967 564.94868235
5477 0.69735741 0.19797717 0.57518419 564.03226359
5478 0.69343575 0.20443952 0.58408131 565.11652521
5479 0.69618760 0.17218329 0.56076218 564.49382294
5480 0.69670695 0.15371219 0.55915778 565.77608316
5481 0.69818365 0.21150035 0.55271655 568.33947987
5482 0.69288814 0.22642340 0.51723752 569.40166668
5483 0.68833002 0.20788740 0.50921277 569.43740155
5484 0.68710012 0.21042369 0.51529045 571.39170294
5485 0.69398348 0.17681557 0.50235703 566.00872182
5486 0.69729413 0.17035771 0.50967934 567.49920786
5487 0.69443698 0.19746064 0.51566213 566.81883653
5488 0.69137184 0.20161708 0.51996325 566.46585623
5489 0.69381021 0.19475223 0.51452101 566.31183218
5490 0.69463549 0.19744779 0.52018335 566.49922251
5491 0.69131513 0.17944749 0.50431741 566.43981112
5492 0.69620165 0.17485859 0.48904739 569.17820873
5493 0.69188160 0.17588445 0.50100264 566.16120655
5494 0.69359793 0.16913199 0.47882277 567.15530005
5495 0.68948046 0.17965804 0.48277388 568.11253297
5496 0.68962899 0.16075164 0.49850513 569.08707498
5497 0.68778588 0.18057270 0.48281537 570.12906913
5498 0.69058729 0.16344023 0.47988658 567.24798934
5499 0.69337971 0.17574372 0.48512760 567.03360843
5500 0.69132466 0.16308660 0.47456745 566.91931688
5501 0.69829635 0.11487547 0.48217904 568.34340073
5502 0.69816357 0.11400128 0.49962523 567.80308965
5503 0.69953695 0.10692287 0.48602359 569.54002084
5504 0.69407798 0.11071051 0.44876689 567.48742379
5505 0.69623895 0.11832040 0.47045617 567.31740074
5506 0.69355600 0.10382227 0.42182747 568.29238903
5507 0.68870720 0.11009244 0.38870665 570.19776217
5508 0.69698422 0.08082069 0.38863938 573.71171360
5509 0.69163952 0.10129782 0.37278934 570.65691100
5510 0.69328313 0.07823954 0.36156707 571.58157641
5511 0.68900689 0.08891717 0.34990561 571.23738597
5512 0.69032818 0.05665864 0.32563949 572.06299218
5513 0.68442578 0.07859414 0.29484719 575.93166113
5514 0.68621974 0.08644089 0.32193365 573.62526156
5515 0.68674739 0.11238638 0.34082758 573.30713780
5516 0.68498841 0.13023083 0.35412584 574.58398610
5517 0.68286999 0.14066342 0.37256566 577.41115392
5518 0.68169983 0.16916025 0.36033969 580.51826042
5519 0.68157154 0.13861259 0.33911795 579.85104403
5520 0.68603581 0.12576191 0.33408934 575.14020357
5521 0.68057613 0.14855068 0.35507261 581.90952390
5522 0.68423869 0.16161507 0.37494822 576.12662223
5523 0.68575263 0.15153425 0.34640976 576.98859518
5524 0.68643574 0.15927733 0.34503594 578.67363651
5525 0.68736930 0.15133267 0.33967560 578.66875688
5526 0.68734794 0.14019186 0.35293915 574.85540671
5527 0.69344702 0.13204645 0.38029753 575.68657669
5528 0.69095765 0.11782061 0.41428567 568.51040765
5529 0.69179576 0.09646208 0.41612301 568.78244128
5530 0.69506823 0.07671393 0.40610347 569.91472759
5531 0.69110236 0.09435617 0.37915736 569.76407668
5532 0.69059674 0.08946234 0.36078176 570.62846780
5533 0.69298973 0.06896134 0.40653621 570.30266557
5534 0.69522728 0.07540830 0.41471032 569.78986772
5535 0.68553177 0.09987283 0.38573077 575.22217034
5536 0.69358951 0.09349567 0.35081308 574.78701046
5537 0.68911152 0.10459115 0.35131595 571.80532273
5538 0.68710402 0.09707090 0.30756262 574.97646226
5539 0.68570519 0.09763253 0.31587195 574.56183942
5540 0.68383757 0.10849732 0.34059462 575.96877564
5541 0.68735085 0.10541762 0.30456013 576.40379756
5542 0.68425345 0.08966270 0.31434952 575.73438575
5543 0.68521853 0.05195580 0.30993703 576.24335845
5544 0.69218543 0.02621696 0.34226020 573.38196104
5545 0.69192160 0.03884154 0.31552944 573.10086480
5546 0.68520493 0.03565010 0.28906340 576.91925157
5547 0.69136108 0.04071120 0.30571944 573.44576059
5548 0.68985563 0.05022530 0.32929696 572.16107267
5549 0.69096840 0.03880906 0.35439867 572.95650167
5550 0.69167245 0.02743448 0.31716472 573.26042494
5551 0.69104997 0.03792089 0.33271771 572.50843284
5552 0.69324394 0.03742090 0.32660496 573.26131846
5553 0.69552113 0.04332998 0.35691754 573.33533093
5554 0.69097288 0.05978739 0.35092363 571.17250164
5555 0.69247987 0.06919300 0.37505701 570.27585870
5556 0.68690945 0.08512244 0.38598697 574.33249806
5557 0.68743295 0.08580223 0.38496852 573.22232603
5558 0.69150797 0.11529887 0.36735995 572.45745210
5559 0.68714284 0.10497566 0.37754515 571.82077690
5560 0.69446343 0.07489231 0.37554957 571.31050488
5561 0.69156888 0.04894633 0.36296897 571.76324649
5562 0.69009329 0.06335232 0.36362825 571.35719634
5563 0.69697346 0.04856242 0.38803532 572.99890286
5564 0.69611705 0.03367397 0.39527487 573.73035226
5565 0.69542825 0.03117705 0.38126779 573.54590306
5566 0.69673418 0.02804149 0.39278242 574.55812463
5567 0.69702733 0.04518792 0.39277445 573.04245202
5568 0.69633134 0.05674274 0.42144537 571.61701944
5569 0.69655337 0.06460062 0.41040568 571.13918153
5570 0.69092803 0.07690289 0.41604479 571.55772419
5571 0.69035917 0.10235787 0.42897383 569.83282966
5572 0.69945826 0.08466827 0.43171080 573.32256272
5573 0.69820518 0.06879133 0.44825415 571.42499804
5574 0.69456519 0.06272560 0.41492170 570.76029017
5575 0.69418608 0.06591362 0.41751769 570.57186745
5576 0.69380461 0.06916250 0.41960876 570.40570369
5577 0.68969095 0.11218331 0.42000466 569.40365195
5578 0.68777107 0.11655668 0.43904693 572.97706456
5579 0.68724427 0.10597398 0.44431373 576.69794010
5580 0.69023717 0.13167812 0.45280028 568.44863941
5581 0.69238680 0.15467197 0.41637779 571.88264286
5582 0.68918160 0.13933308 0.40103243 570.23189099
5583 0.68683210 0.17964556 0.42726083 572.25457552
5584 0.68608771 0.18327446 0.42953835 572.97537876
5585 0.69236793 0.17444911 0.44664745 570.49704878
5586 0.69166709 0.16293540 0.43004387 570.49426123
5587 0.68763809 0.16189058 0.43309946 570.43892984
5588 0.69158705 0.15668142 0.42845493 569.86513853
5589 0.69195157 0.17637963 0.45810448 569.03134383
5590 0.69383830 0.13694452 0.44865737 567.63169473
5591 0.69208900 0.11776901 0.41797506 568.29932877
5592 0.69246530 0.12741164 0.43555015 567.66072085
5593 0.69221122 0.13326009 0.46125539 567.00595022
5594 0.69381018 0.15277222 0.48690204 565.96072374
5595 0.69021566 0.14551699 0.46464457 567.98901041
5596 0.69000969 0.14195652 0.45206079 568.16965642
5597 0.69039613 0.17337097 0.45760441 568.44657131
5598 0.69151296 0.17321946 0.46451757 567.95506317
5599 0.69348440 0.13842370 0.46031416 566.83259770
5600 0.69603730 0.13242634 0.48165119 566.67746764
5601 0.69220823 0.14924484 0.45589045 567.20541407
5602 0.69199905 0.14556479 0.44240269 567.84274746
5603 0.69353636 0.12933871 0.42357246 569.14242531
5604 0.69306646 0.12207325 0.41623881 568.97096505
5605 0.68920708 0.14456111 0.42813432 569.04655518
5606 0.68906500 0.15475007 0.42788572 569.46799964
5607 0.69009366 0.14705705 0.42734987 568.83865680
5608 0.69358163 0.13833168 0.42005820 570.49341729
5609 0.68555345 0.13807975 0.39376333 573.14283115
5610 0.68718183 0.14368461 0.40837336 571.10144290
5611 0.68799343 0.12377477 0.37709427 571.19468710
5612 0.68905781 0.13559500 0.39059380 570.76910725
5613 0.68947362 0.09846433 0.39981746 570.05011732
5614 0.69409545 0.10162219 0.43045051 568.14724344
5615 0.68932682 0.11027557 0.43161584 570.47621809
5616 0.69862960 0.08307063 0.43386425 571.75817182
5617 0.69089076 0.08934932 0.44261066 571.99505544
5618 0.69508510 0.08475791 0.47959652 571.40047899
5619 0.70196458 0.09667658 0.50320801 572.17902753
5620 0.69811030 0.11342604 0.50578304 567.84596734
5621 0.69270890 0.10884402 0.49125427 570.92845164
5622 0.69497283 0.13275585 0.45927246 567.35182374
5623 0.69488453 0.11196123 0.44384816 567.80300019
5624 0.69078211 0.11429827 0.46625904 570.38236503
5625 0.69324920 0.10864572 0.46785899 568.33704311
5626 0.68980680 0.16242316 0.49892618 568.68418715
5627 0.69545951 0.19065374 0.50920283 567.66330813
5628 0.69060889 0.19717344 0.51061163 567.03161069
5629 0.69561645 0.20942864 0.53512997 567.06136778
5630 0.69313734 0.24118408 0.56536385 566.34197679
5631 0.69491583 0.23130362 0.58294795 564.51142834
5632 0.69758679 0.20909270 0.58686787 563.95025352
5633 0.69219845 0.22093619 0.57596125 565.48478434
5634 0.70155443 0.21901777 0.60480009 567.85204823
5635 0.69699324 0.20613407 0.63195818 564.23927445
5636 0.69835790 0.20568009 0.60176753 563.53945228
5637 0.69584130 0.19967998 0.57039018 563.87392666
5638 0.69695385 0.20100988 0.57124168 564.15529740
5639 0.69642328 0.18418651 0.54799919 564.54499153
5640 0.69681169 0.19051718 0.55342607 564.66641124
5641 0.69318168 0.22623793 0.59388752 564.74633780
5642 0.69361025 0.23759641 0.58748496 564.74090093
5643 0.69319356 0.25547687 0.60603005 565.14715800
5644 0.69539322 0.27064272 0.60109483 567.71323054
5645 0.68991799 0.24259622 0.60516244 569.19926017
5646 0.70090753 0.23658377 0.59085167 571.80646131
5647 0.69468167 0.18996421 0.61651653 567.94770754
5648 0.69795530 0.17373542 0.61942696 566.79023843
5649 0.69730719 0.19960193 0.61635519 563.81147437
5650 0.70024159 0.21211963 0.62733696 563.71440034
5651 0.68891089 0.22403359 0.58615044 571.40220516
5652 0.69725168 0.22296360 0.55987073 567.68538071
5653 0.69376416 0.19246024 0.56618146 564.84712101
5654 0.70073638 0.19394051 0.60576259 564.78204838
5655 0.69850532 0.17103194 0.57603910 564.59887073
5656 0.69886923 0.14434951 0.57510920 567.03442424
5657 0.69736893 0.17014570 0.60554226 566.53204088
5658 0.69996989 0.20742326 0.61323123 564.04998837
5659 0.69403646 0.20883942 0.59031331 564.51177109
5660 0.69313155 0.23634558 0.59433712 564.77083321
5661 0.69368029 0.22848941 0.58242934 564.51814273
5662 0.68977973 0.23253973 0.57628039 568.34227821
5663 0.69257787 0.22002649 0.56645217 565.18161795
5664 0.69472814 0.23674540 0.57845887 565.22260631
5665 0.69529095 0.21528031 0.57976662 563.89676849
5666 0.69658922 0.19216187 0.56456126 564.06917952
5667 0.69709240 0.19588834 0.57451640 563.90852248
5668 0.69645908 0.20292931 0.59144610 563.49032519
5669 0.69842608 0.23095943 0.60565286 564.71075369
5670 0.69456003 0.23874980 0.59533164 564.30486426
5671 0.69600957 0.25250098 0.59475248 566.22037609
5672 0.69409333 0.23044920 0.58668917 564.33270617
5673 0.69296706 0.24511326 0.60088472 564.98382131
5674 0.69284427 0.22857915 0.59127046 564.97385541
5675 0.69459487 0.21877429 0.61979977 564.64503610
5676 0.69560825 0.23997212 0.60672550 563.84324506
5677 0.69342495 0.23727948 0.62334455 564.98684715
5678 0.69250797 0.25349902 0.61216379 565.43067438
5679 0.69396841 0.26546879 0.64899884 564.44944594
5680 0.69506474 0.26717224 0.63188731 564.34473073
5681 0.69011010 0.26493371 0.63366015 569.44634109
5682 0.69208081 0.27820296 0.63620598 566.36053976
5683 0.69052455 0.26687751 0.61016241 567.80112111
5684 0.69594431 0.26636907 0.65208045 563.38549765
5685 0.69316219 0.28153847 0.68219244 566.27605741
5686 0.69182151 0.28865296 0.67853319 567.98519557
5687 0.69147709 0.30895081 0.64617054 568.57456509
5688 0.68997051 0.30283368 0.64771907 569.83006730
5689 0.69995687 0.30032908 0.65554439 571.69999343
5690 0.70330262 0.27442118 0.64525504 575.57777592
5691 0.70261640 0.25869883 0.66352045 567.31355933
5692 0.69580098 0.23394335 0.64353587 563.61681549
5693 0.69477239 0.22471109 0.63347326 564.79898116
5694 0.69748424 0.24365367 0.62588494 563.51959840
5695 0.69962804 0.21774713 0.60234173 565.09328689
5696 0.69604089 0.23952709 0.57508164 566.73537631
5697 0.69609695 0.24303765 0.60876017 564.02418489
5698 0.69868162 0.21497064 0.58868499 565.08078793
5699 0.69596667 0.23490628 0.58306744 565.24111288
5700 0.69150575 0.20444862 0.59812794 569.39357812
5701 0.70341667 0.21418475 0.61919637 568.95655735
5702 0.69555585 0.21511572 0.61146603 563.67533699
5703 0.69684143 0.21429933 0.60174310 563.28039548
5704 0.69337374 0.22013185 0.60449120 565.13595959
5705 0.70030763 0.18287724 0.59294686 564.89384285
5706 0.69529380 0.19234931 0.57321817 564.04243323
5707 0.69466171 0.23436018 0.56268349 566.36663573
5708 0.69360544 0.20833745 0.55920382 564.62240626
5709 0.69013071 0.19351786 0.52801271 567.56274452
5710 0.69413119 0.19296794 0.51934404 565.90797899
5711 0.69771691 0.19015924 0.50993369 570.82663975
5712 0.69509187 0.20249241 0.48116543 573.64216979
5713 0.69338250 0.21643641 0.50442163 569.96392772
5714 0.69067234 0.24495670 0.49864103 573.87216626
5715 0.68894383 0.24325388 0.50935753 571.70167106
5716 0.69163740 0.23839274 0.53239835 568.76937519
5717 0.69423508 0.23715459 0.54376765 568.71537053
5718 0.69097636 0.24072704 0.55634232 567.29809060
5719 0.69663709 0.23846378 0.59689123 564.79082216
5720 0.69226032 0.24573868 0.61425879 565.75441789
5721 0.69550805 0.25390542 0.62125388 563.96317062
5722 0.69633238 0.25144615 0.61259960 564.56714963
5723 0.69793638 0.24939276 0.63560062 563.52461758
5724 0.69565789 0.24326791 0.65486771 563.70689901
5725 0.69679626 0.24197376 0.68227460 564.37831708
5726 0.69477953 0.24181474 0.65545832 564.82399351
5727 0.69989668 0.22886177 0.63234745 563.77003109
5728 0.70008197 0.22941103 0.63728037 563.64490859
5729 0.70169304 0.23721469 0.65048004 564.86490118
5730 0.69906932 0.23609559 0.67082746 562.68695352
5731 0.69984418 0.23897172 0.64280086 563.63250611
5732 0.70102354 0.23762248 0.65805060 563.60816178
5733 0.69511031 0.23854546 0.64899871 564.26508158
5734 0.69851593 0.23971450 0.64457546 562.82342303
5735 0.70054988 0.26782200 0.66206563 565.47768573
5736 0.69945888 0.29995148 0.69011393 565.48800793
5737 0.69419257 0.29103649 0.69763458 565.25508727
5738 0.69739756 0.31497407 0.73178454 563.42765570
5739 0.70191410 0.32767529 0.77722912 563.45939202
5740 0.70017625 0.31043748 0.78186809 562.84173144
5741 0.70488708 0.29880637 0.81449880 563.78438053
5742 0.70141181 0.32344980 0.80466260 562.81198031
5743 0.70067320 0.33926034 0.78889849 563.30097056
5744 0.70449666 0.32816166 0.81347199 563.63868753
5745 0.69952481 0.32218320 0.83367500 567.29281722
5746 0.69811255 0.33007862 0.81352096 566.06665132
5747 0.69812328 0.35008308 0.80384725 564.47274962
5748 0.70080699 0.33741810 0.76916394 564.23687503
5749 0.69929008 0.32374738 0.79741778 563.72134859
5750 0.70069963 0.31166992 0.79644606 563.20853743
5751 0.70288214 0.33146811 0.83403900 563.24970990
5752 0.70315784 0.31025043 0.82936708 564.17695176
5753 0.70307852 0.30891237 0.81274888 563.21420045
5754 0.70687838 0.31044651 0.81840227 564.89923498
5755 0.70618867 0.33417734 0.83668719 564.57437927
5756 0.70066987 0.33510181 0.83798913 564.71245592
5757 0.70197133 0.34949061 0.84908154 563.72065749
5758 0.70227797 0.36068764 0.83349636 563.83592363
5759 0.70190572 0.32788893 0.82487488 563.29982672
5760 0.70634406 0.29532244 0.78256940 565.22523399
5761 0.70528525 0.30475382 0.76376466 566.04223025
5762 0.69521276 0.31788470 0.78039135 568.83405864
5763 0.70548856 0.32594625 0.78688530 566.66980413
5764 0.69823390 0.31952509 0.77376280 563.55680851
5765 0.70013511 0.30527327 0.76001715 562.40774874
5766 0.70113921 0.30560624 0.79179857 563.03037901
5767 0.70099404 0.28390317 0.77339200 563.54732242
5768 0.70543109 0.27752421 0.78704871 564.20116030
5769 0.70033845 0.29587684 0.76543293 562.64045130
5770 0.70133324 0.30157500 0.77102827 562.39504617
5771 0.70770850 0.29994763 0.79476268 566.77532086
5772 0.70094847 0.30681837 0.80010663 563.61230735
5773 0.70467658 0.32078273 0.81032700 563.52205994
5774 0.70116199 0.32858714 0.81889851 563.34737669
5775 0.70446427 0.30770856 0.81070329 563.25994402
5776 0.70090233 0.31147985 0.76930864 562.45562361
5777 0.69930795 0.31466883 0.76262047 562.69803609
5778 0.70138248 0.30133615 0.74524070 562.80559233
5779 0.70047129 0.29512629 0.74969417 562.28135685
5780 0.70000168 0.29944833 0.75023385 562.34233818
5781 0.69751783 0.29455382 0.73945761 563.44612349
5782 0.69736468 0.29131741 0.75302926 564.84357381
5783 0.70412026 0.29437450 0.75215297 564.33650342
5784 0.70174826 0.27690011 0.76675426 563.28724128
5785 0.70515367 0.24721664 0.76805847 565.87654059
5786 0.70923672 0.25117293 0.74921074 570.14285434
5787 0.70464133 0.22379498 0.75570980 568.63890721
5788 0.70829054 0.22386787 0.75841232 569.54861038
5789 0.70826943 0.21709079 0.74024769 569.60243649
5790 0.70428657 0.25012368 0.73407953 564.02767700
5791 0.70099599 0.25631968 0.71979398 562.68718493
5792 0.69638417 0.25873949 0.70486772 565.08903036
5793 0.70292550 0.26196486 0.69862457 564.35457776
5794 0.69702561 0.26886068 0.71326937 563.97335287
5795 0.70159055 0.27262460 0.71229831 562.87616838
5796 0.69441460 0.26649047 0.69664266 566.56056091
5797 0.70299888 0.27585231 0.71534690 564.24215170
5798 0.69952478 0.26626489 0.69494186 562.34038880
5799 0.70105212 0.28205507 0.72452230 562.49349240
5800 0.70037685 0.28828401 0.72590111 562.43342203
5801 0.70085410 0.28539446 0.69689569 564.35079455
5802 0.69627677 0.29933450 0.70040283 563.61879684
5803 0.69873174 0.31426965 0.70814678 564.99569452
5804 0.69692119 0.31520494 0.72258752 563.76613421
5805 0.70027565 0.27631613 0.69439060 563.16276961
5806 0.70249215 0.24483698 0.67368057 564.52025452
5807 0.69788279 0.26871698 0.68826064 562.48988215
5808 0.69751503 0.27445673 0.68139147 562.74416237
5809 0.69714114 0.26767983 0.68066877 562.70582336
5810 0.70199811 0.24080925 0.65646802 565.02814203
5811 0.69853483 0.21266868 0.67728830 565.93335280
5812 0.70334255 0.20924275 0.67499615 565.00135026
5813 0.69567954 0.23554305 0.64029488 563.51188463
5814 0.69540454 0.25725151 0.64087842 563.46835371
5815 0.69868162 0.28164411 0.67856214 563.66638418
5816 0.69579862 0.26062182 0.67577475 563.61224241
5817 0.69695481 0.24457526 0.67985091 563.77086076
5818 0.69645671 0.23918260 0.68917051 565.87968471
5819 0.70049194 0.23777743 0.68348588 562.75178292
5820 0.70069444 0.24840821 0.70851624 562.80503791
5821 0.70084486 0.23360277 0.71874955 564.92991547
5822 0.70566782 0.24894458 0.76658654 565.67377731
5823 0.70294272 0.28005096 0.76024926 562.76433421
5824 0.70170148 0.28438992 0.77459471 563.18757149
5825 0.70540645 0.29650777 0.78212103 564.17805993
5826 0.70401086 0.31117432 0.77167872 564.23928655
5827 0.70060625 0.28103684 0.72644630 562.28167672
5828 0.70014346 0.29281688 0.73502698 562.32627755
5829 0.69947923 0.30136208 0.75732772 562.58543653
5830 0.70161533 0.31082869 0.76251326 562.77317452
5831 0.70371486 0.33974986 0.78430773 566.23601569
5832 0.70137223 0.31196288 0.77011846 562.52913395
5833 0.70350911 0.29565933 0.76766494 563.02342063
5834 0.70063958 0.27134618 0.75934877 563.96137995
5835 0.70195928 0.26852547 0.73540763 562.56848147
5836 0.70532209 0.26874509 0.74473327 564.72775556
5837 0.69939582 0.27438699 0.74117736 563.22694615
5838 0.69857150 0.24679888 0.72442474 565.89009763
5839 0.69855637 0.23736593 0.73428302 569.31947999
5840 0.70133114 0.23460205 0.73312716 565.94617605
5841 0.70357341 0.24676348 0.73318814 563.86278193
5842 0.70054125 0.26722511 0.74892721 563.61199384
5843 0.69945783 0.28935965 0.74614906 562.57298362
5844 0.69681941 0.28817712 0.74096802 564.79346182
5845 0.70097445 0.26800201 0.75351275 563.60035846
5846 0.70245377 0.27703119 0.75819667 562.75405090
5847 0.70210171 0.29531540 0.74809808 562.77321732
5848 0.70298044 0.29575673 0.76591616 562.75239722
5849 0.69867975 0.29844148 0.77312573 564.31969552
5850 0.70165360 0.30516545 0.78411656 562.56002626
5851 0.69981441 0.30953936 0.78282490 563.14868832
5852 0.70173701 0.36775695 0.78685954 568.15412127
5853 0.70194162 0.37436719 0.79041241 569.33571171
5854 0.69922455 0.35919653 0.79664422 564.43115159
5855 0.69991983 0.35684579 0.80404054 564.01555163
5856 0.70033947 0.34814645 0.83596573 564.11751957
5857 0.70405894 0.35754279 0.83680382 564.42422193
5858 0.69965347 0.33822802 0.81322284 563.74915101
5859 0.69685148 0.33809803 0.80267474 566.30216640
5860 0.70211556 0.35267493 0.77715821 567.03869040
5861 0.70136013 0.35891487 0.80155968 564.82854157
5862 0.69768145 0.35802514 0.81697184 565.41031963
5863 0.69996334 0.37678180 0.80024920 566.54377113
5864 0.69568949 0.35687068 0.75158055 566.57293369
5865 0.70055682 0.31293208 0.75427611 562.77660279
5866 0.70200343 0.32477329 0.75998137 564.47871763
5867 0.70027838 0.32082326 0.76195697 562.90782122
5868 0.70267787 0.30152132 0.74475294 563.88934139
5869 0.70043790 0.28564382 0.73994141 562.25048979
5870 0.69635474 0.30051907 0.74454101 564.75262621
5871 0.69855398 0.32175277 0.76851491 563.15046664
5872 0.70310199 0.27479559 0.75452248 562.87666116
5873 0.70581463 0.26634748 0.77569834 564.72621139
5874 0.70604521 0.28480266 0.77674560 564.68505447
5875 0.70307307 0.30222576 0.78375085 562.68613268
5876 0.70669347 0.28747920 0.79842013 564.86273846
5877 0.70139986 0.29688723 0.80051848 564.23056267
5878 0.70061388 0.29539098 0.80776252 566.13869747
5879 0.70294758 0.30069652 0.80375885 563.27263085
5880 0.69752144 0.29745298 0.77012671 565.72048854
5881 0.69796701 0.31969175 0.80095874 565.97488762
5882 0.70534310 0.32630003 0.82996509 563.73957777
5883 0.70505983 0.33889504 0.81248694 565.18699068
5884 0.70149683 0.31315787 0.77645697 562.50161077
5885 0.70991346 0.26652627 0.78190944 569.78790439
5886 0.70252699 0.25640417 0.81158065 572.61925483
5887 0.70367179 0.27177439 0.81275048 567.50620783
5888 0.70276275 0.26109228 0.80087920 568.91757314
5889 0.69991598 0.25821211 0.78399712 571.10313382
5890 0.70202233 0.25326204 0.80007355 571.90135549
5891 0.70558123 0.26449535 0.75927565 564.53419468
5892 0.70354405 0.26338308 0.77760276 564.83747648
5893 0.70142524 0.26414518 0.79273243 568.66281688
5894 0.70364539 0.26987538 0.81321865 567.98905785
5895 0.71026850 0.29845818 0.81650624 569.69903082
5896 0.70601736 0.28732181 0.80870524 564.53926559
5897 0.70852748 0.30803966 0.80441142 568.15649871
5898 0.70451283 0.29903004 0.82187419 564.15646708
5899 0.70791429 0.29081232 0.81702710 565.86507825
5900 0.70663399 0.27598259 0.81020696 565.68695336
5901 0.70914880 0.27519171 0.80361386 567.71929431
5902 0.70150598 0.26443607 0.79382096 568.66599155
5903 0.70614509 0.27409801 0.78006922 564.70289189
5904 0.70139074 0.25851737 0.76006627 565.10746146
5905 0.70097250 0.27181953 0.75365814 563.24837280
5906 0.70033072 0.30277422 0.72288498 563.56320940
5907 0.69589866 0.31486054 0.74074947 564.53414614
5908 0.70306140 0.30526967 0.76826278 563.10493174
5909 0.70343112 0.33387278 0.77908556 565.53018179
5910 0.70580887 0.32824523 0.79888570 566.22066894
5911 0.69934203 0.33848559 0.78887549 563.32393163
5912 0.69733627 0.33128008 0.79172986 565.11410957
5913 0.70527029 0.30680863 0.78291450 564.59113970
5914 0.69821273 0.29446200 0.78535111 566.92139385
5915 0.70544989 0.31922049 0.79322496 565.16720604
5916 0.70367748 0.28667821 0.75086033 563.43464334
5917 0.70452520 0.29387438 0.77775805 563.43845771
5918 0.69782358 0.30745626 0.77330378 564.60404874
5919 0.69995686 0.28469533 0.76076542 563.29918466
5920 0.69707431 0.29493058 0.73403225 563.57860483
5921 0.70199028 0.25965816 0.72085717 562.68715442
5922 0.69378301 0.28488089 0.70716399 566.91217389
5923 0.69792977 0.25414352 0.66963860 562.49647873
5924 0.70242386 0.25090484 0.70198725 563.19800585
5925 0.70066524 0.23491201 0.70355132 563.65170553
5926 0.69970721 0.23048714 0.65816525 562.76912713
5927 0.70148882 0.22878585 0.68292700 563.27731901
5928 0.69807670 0.21931178 0.64999942 563.34269410
5929 0.70117021 0.21969758 0.66478975 563.42359719
5930 0.69539134 0.25208501 0.63368073 563.46356887
5931 0.69582549 0.24134541 0.65180086 563.53262038
5932 0.69519102 0.25004938 0.64216828 563.50786034
5933 0.69884606 0.23194799 0.64494785 562.76353375
5934 0.69963881 0.21528316 0.65589428 563.35762124
5935 0.69240121 0.22968593 0.63796888 568.59506630
5936 0.70236819 0.22993770 0.63309918 567.01522139
5937 0.69406564 0.20482273 0.62553073 567.61603609
5938 0.69826145 0.18680645 0.58680857 563.94332078
5939 0.69988774 0.18711995 0.60602389 564.26533665
5940 0.70179602 0.17809096 0.59964324 566.00769356
5941 0.69375017 0.18267576 0.57482507 566.14619272
5942 0.70126876 0.17869894 0.56027108 568.49800285
5943 0.69629572 0.15803214 0.57585576 566.68069412
5944 0.69775196 0.17572579 0.56704915 564.33666228
5945 0.69360961 0.22347242 0.55396657 565.61968645
5946 0.69677361 0.20697994 0.54462910 566.84998921
5947 0.69348929 0.21407799 0.53885504 565.91587889
5948 0.69226242 0.20002947 0.50293012 567.27314821
5949 0.69399550 0.22051767 0.56291413 564.88311361
5950 0.69300776 0.21589223 0.55547249 565.13432595
5951 0.69278924 0.18517557 0.57219859 566.98386143
5952 0.69597069 0.15909838 0.55671400 565.48405833
5953 0.70072745 0.13473456 0.56614868 567.87913743
5954 0.69798007 0.13067695 0.55151879 567.72467612
5955 0.70233126 0.13440041 0.54737515 569.53393010
5956 0.69581655 0.14756371 0.57768297 569.35477449
5957 0.70210695 0.17366532 0.58052641 567.51213646
5958 0.69817027 0.20586699 0.57382901 565.14983838
5959 0.69836676 0.21072497 0.59331818 564.13080863
5960 0.69278759 0.20514386 0.58370848 565.81867838
5961 0.69432687 0.19168362 0.59619736 566.04402420
5962 0.69643835 0.17332081 0.58409995 565.17221122
5963 0.69261190 0.17053627 0.53304358 566.12808283
5964 0.69238830 0.18638815 0.53986950 565.64621811
5965 0.69767350 0.14831119 0.52888145 565.67223685
5966 0.69379320 0.17362114 0.54159621 565.18574915
5967 0.69321524 0.21357076 0.53313869 566.25353295
5968 0.69905817 0.18171907 0.54668672 566.81469405
5969 0.69165681 0.19370785 0.55816549 566.78402047
5970 0.69080915 0.19779679 0.54919898 567.23240604
5971 0.69754413 0.18432073 0.55626168 564.69014073
5972 0.69636546 0.19483169 0.57139883 563.84372257
5973 0.69770663 0.20332341 0.61296575 563.37368097
5974 0.70530227 0.19930205 0.61541781 572.01349726
5975 0.69341083 0.20035761 0.59807888 566.45255765
5976 0.69785401 0.18785741 0.59064608 563.83011235
5977 0.69788365 0.18338625 0.59033655 564.02966153
5978 0.69754018 0.21482126 0.57243753 565.47635313
5979 0.69309128 0.24093702 0.57408219 565.70872434
5980 0.69744764 0.23039331 0.58577478 565.69569248
5981 0.69093702 0.24940915 0.58402216 566.95386513
5982 0.69575759 0.26257601 0.59553719 567.42531389
5983 0.69818440 0.27048408 0.59082355 573.64222096
5984 0.69756864 0.25373074 0.58693277 569.40888709
5985 0.69684815 0.24706052 0.62381717 563.62413852
5986 0.70006381 0.22411013 0.65111660 563.01901793
5987 0.70261966 0.22135459 0.65028935 565.04970092
5988 0.69638704 0.23083322 0.63672340 563.14606472
5989 0.69504318 0.25066199 0.64404780 563.62588404
5990 0.70272650 0.25778104 0.65800365 568.17846951
5991 0.69561458 0.23195022 0.62356015 563.32420628
5992 0.69837944 0.20896821 0.61357541 563.25377095
5993 0.69996249 0.23615230 0.60816414 567.01004013
5994 0.68864964 0.23153549 0.57341267 570.30179745
5995 0.69494110 0.21317807 0.55167227 565.32332882
5996 0.69522609 0.19338940 0.59017905 564.50695491
5997 0.69929760 0.19121862 0.57877742 564.93367095
5998 0.70057981 0.20381294 0.57959922 567.55455655
5999 0.70002106 0.21811643 0.57595980 569.07441705
6000 0.69723148 0.20289023 0.55959380 565.30790958
6001 0.69479488 0.18179941 0.52776017 564.96933712
6002 0.69543425 0.14861300 0.51905634 565.45104295
6003 0.69486813 0.17482914 0.54133498 564.60644878
6004 0.69344591 0.18100094 0.51499104 565.42159222
6005 0.69681542 0.18138835 0.53397342 565.54989019
6006 0.69436455 0.18588443 0.55732812 564.54237333
6007 0.69753384 0.16525292 0.58268341 565.35233595
6008 0.70325603 0.17910134 0.60741584 567.42905165
6009 0.69726803 0.18407508 0.62987330 566.87287298
6010 0.70125578 0.16779670 0.63711521 567.48579000
6011 0.70364485 0.16833901 0.63053153 567.66159373
6012 0.70306822 0.19650031 0.61812625 566.93136967
6013 0.69708721 0.20866169 0.64840318 565.14156056
6014 0.69924603 0.22530027 0.63650631 563.04015988
6015 0.69283144 0.20184615 0.60973197 568.48390906
6016 0.69910483 0.22107015 0.57789987 567.62670542
6017 0.69483329 0.23396132 0.55884659 566.84555328
6018 0.69254567 0.21659220 0.54776095 565.60026392
6019 0.69603950 0.21531827 0.56876874 564.70158437
6020 0.69383496 0.23043047 0.56881180 565.20185474
6021 0.69334649 0.21368355 0.56285822 564.73880241
6022 0.69448879 0.20273968 0.56495095 564.17864501
6023 0.69624588 0.20839491 0.57411961 564.03586413
6024 0.69939802 0.21548952 0.59758418 565.08012746
6025 0.69647183 0.23557682 0.58386233 565.61044646
6026 0.69733801 0.21082864 0.57879028 564.42050028
6027 0.69560470 0.20327934 0.58316742 563.69246435
6028 0.70072604 0.19963706 0.57601102 567.77835283
6029 0.69721483 0.18669404 0.58983940 563.93221067
6030 0.69537332 0.19182909 0.61845605 566.76441811
6031 0.70158733 0.19247287 0.63870849 564.75212043
6032 0.70297924 0.21374573 0.67172183 564.55669757
6033 0.69910147 0.22074593 0.70431213 567.23294467
6034 0.69339167 0.24673409 0.66587909 567.52553816
6035 0.70172331 0.24712394 0.65759633 565.13328282
6036 0.69934059 0.25877577 0.65721253 563.66029009
6037 0.70309081 0.23251402 0.65511792 566.04774397
6038 0.70337239 0.22819144 0.67139878 564.91310808
6039 0.70062542 0.26058365 0.70277273 562.39493503
6040 0.70408116 0.26286711 0.70898466 565.13326334
6041 0.69881586 0.27153422 0.72906578 563.11975951
6042 0.69496673 0.28064839 0.70392244 565.05226872
6043 0.69566700 0.28091695 0.71655394 564.98106219
6044 0.69381131 0.28782068 0.68832897 565.42734587
6045 0.70296924 0.26201155 0.68999498 565.17884933
6046 0.69367773 0.24776002 0.65520374 565.87909285
6047 0.69491411 0.23961839 0.66708403 565.84567283
6048 0.69854876 0.20747258 0.68411757 567.80039832
6049 0.69646571 0.22610663 0.67822612 566.60011573
6050 0.70350953 0.23459185 0.68733857 564.43008895
6051 0.69881191 0.25817286 0.69535609 562.44448943
6052 0.69779557 0.25156431 0.67928255 562.69127740
6053 0.69703805 0.28441577 0.68467797 563.11722689
6054 0.69908505 0.25596433 0.66239321 562.96444787
6055 0.69633281 0.29549623 0.68689970 563.76633906
6056 0.69911791 0.31632051 0.74488398 563.00686214
6057 0.70079263 0.28975154 0.73554617 562.36099429
6058 0.70214100 0.29820204 0.74938922 562.89621091
6059 0.70348320 0.29661475 0.72616136 566.24019300
6060 0.69727806 0.29670462 0.74525827 563.91168819
6061 0.70155981 0.31172126 0.74323437 563.94451351
6062 0.69975278 0.30289302 0.72313479 563.20618923
6063 0.69681002 0.29227991 0.68937200 563.41874278
6064 0.69743036 0.29868784 0.71887806 562.97012561
6065 0.69615531 0.30064497 0.72174706 563.81962449
6066 0.70280479 0.27864268 0.72002430 563.88699621
6067 0.69769632 0.28754514 0.71157094 562.69352298
6068 0.69743231 0.28183379 0.74337553 564.80153452
6069 0.69855438 0.25118035 0.73217216 566.18343211
6070 0.70008362 0.23194054 0.74652905 570.20282448
6071 0.69999382 0.23476894 0.75278010 570.83934252
6072 0.71060988 0.24226413 0.76059686 571.92378235
6073 0.70548797 0.24057930 0.77666767 567.65097475
6074 0.70264347 0.25710234 0.78399113 567.23165821
6075 0.70815213 0.25739637 0.76984635 567.31109636
6076 0.69925026 0.27067706 0.77337281 567.52830832
6077 0.70674140 0.28449863 0.79982546 564.94763556
6078 0.70611816 0.27336324 0.81280360 566.07960274
6079 0.70537224 0.27615432 0.79336684 564.47567187
6080 0.70595006 0.27446588 0.79173304 564.73933668
6081 0.70753566 0.29291357 0.79471571 566.07216749
6082 0.70311547 0.28868019 0.79635759 563.69573199
6083 0.70465991 0.26873660 0.76655657 563.83821724
6084 0.70493579 0.25555599 0.76068064 564.57672774
6085 0.70532158 0.26191555 0.77230172 564.66930681
6086 0.70321803 0.30711276 0.76834725 563.33664748
6087 0.69691848 0.33391451 0.73099127 564.96739375
6088 0.69574821 0.30971208 0.74712313 565.22665752
6089 0.69846699 0.32311780 0.73564099 563.82897437
6090 0.69900916 0.33199738 0.76511287 563.38110915
6091 0.69874055 0.34340558 0.77488541 563.89612184
6092 0.70066916 0.33425893 0.79254579 562.94918228
6093 0.69657305 0.36160543 0.76443217 566.25687530
6094 0.69731783 0.35223977 0.79577747 564.94942573
6095 0.70714977 0.34389198 0.82403394 568.00757962
6096 0.70400899 0.36525511 0.84270886 564.81347873
6097 0.70430645 0.38549024 0.88059941 565.13566858
6098 0.70055984 0.37861352 0.87395958 565.33549025
6099 0.70569333 0.38835083 0.87215391 567.36993948
6100 0.69880839 0.38733942 0.86016262 566.23316540
6101 0.70417292 0.39520999 0.88730915 565.71328709
6102 0.69772102 0.37816031 0.85329153 567.22103155
6103 0.70217258 0.37860724 0.86330811 564.40916166
6104 0.70529094 0.36336558 0.87885066 564.31683865
6105 0.71036392 0.32928073 0.88702737 567.81842497
6106 0.70937864 0.34863216 0.92377606 567.27142267
6107 0.71058478 0.35957123 0.91585600 568.23338698
6108 0.70989483 0.34988034 0.91097871 567.26508106
6109 0.70857726 0.35851091 0.92702908 566.62479551
6110 0.70748649 0.35312895 0.92736267 566.95927462
6111 0.70113657 0.35038171 0.87639499 566.78042346
6112 0.70296829 0.35233270 0.86981974 564.24294801
6113 0.70245156 0.35265279 0.86461949 564.19029004
6114 0.70876726 0.35216095 0.91030198 566.32663375
6115 0.70943842 0.37654053 0.92065062 567.55907964
6116 0.70426122 0.36286634 0.92919946 568.26313715
6117 0.70465593 0.38790003 0.92155961 565.40254925
6118 0.70675703 0.37008699 0.89166245 565.32985535
6119 0.71049138 0.34913347 0.91002813 567.91140456
6120 0.70830988 0.33268532 0.91680063 568.08188694
6121 0.70656617 0.36240948 0.94649388 568.48179972
6122 0.70229925 0.37826051 0.91374342 566.85581193
6123 0.70041925 0.37713690 0.89578013 567.40497644
6124 0.70795816 0.39459120 0.92321730 567.21808745
6125 0.70238361 0.39933155 0.87439407 565.85786816
6126 0.70663751 0.37746648 0.91124072 565.32896633
6127 0.70159135 0.38986380 0.88414205 565.15410276
6128 0.70396236 0.37933490 0.90032958 564.75507771
6129 0.70719761 0.34921375 0.87323361 565.11141968
6130 0.70550601 0.36450186 0.91002781 565.24048133
6131 0.70406091 0.39394862 0.92482223 565.67745998
6132 0.70571864 0.37950458 0.91947983 565.27366434
6133 0.70750894 0.36732870 0.93636546 566.56042065
6134 0.70841451 0.36111540 0.91189868 566.07664278
6135 0.70580749 0.38158808 0.91831039 565.24225077
6136 0.70711288 0.36947621 0.91850729 565.54061022
6137 0.70576762 0.35309531 0.91334664 566.24285869
6138 0.70611084 0.33585408 0.88821628 565.48525798
6139 0.71120814 0.33414417 0.85968268 571.11612890
6140 0.70202812 0.33218232 0.84931600 564.69362804
6141 0.70641677 0.33936865 0.82646268 565.93377402
6142 0.70095051 0.34273879 0.81504983 563.15272502
6143 0.70762044 0.34685830 0.84056238 567.47665421
6144 0.70578382 0.31733127 0.82080137 563.99923675
6145 0.70292287 0.30485811 0.82004634 564.05586682
6146 0.70706569 0.30757413 0.83060518 564.84410856
6147 0.70016159 0.33087104 0.82686689 564.60228496
6148 0.70220170 0.31317633 0.83557682 565.19155563
6149 0.70058243 0.30504915 0.81330186 565.47016414
6150 0.70858514 0.30826486 0.84008380 566.23334143
6151 0.70495298 0.31559416 0.83584482 563.78591592
6152 0.69953704 0.33135472 0.83336325 566.01980771
6153 0.70122588 0.30490059 0.83217297 567.19247923
6154 0.70582791 0.31664930 0.85323738 564.62704622
6155 0.70391781 0.35870440 0.83932712 564.29266656
6156 0.70580131 0.35427675 0.86837366 564.35141661
6157 0.70000629 0.37465284 0.88222117 566.73606332
6158 0.70324768 0.38414158 0.85984555 565.31917549
6159 0.69640750 0.42198496 0.88128034 570.78035988
6160 0.70127840 0.42538795 0.85590927 570.87314195
6161 0.70206924 0.42821482 0.86309675 571.47378101
6162 0.70164987 0.39530282 0.84438921 566.78712644
6163 0.70109634 0.35392596 0.84210148 563.79016302
6164 0.70387359 0.36857665 0.83277023 565.82856088
6165 0.69869435 0.40909348 0.86381218 567.36633608
6166 0.70150405 0.37162139 0.89226642 566.07889462
6167 0.70630416 0.36908028 0.87783465 565.36200463
6168 0.70693007 0.35741923 0.87878172 565.11669067
6169 0.70456679 0.35020064 0.87231932 563.99686240
6170 0.70511399 0.34521051 0.85928183 563.83361251
6171 0.70472876 0.35974352 0.85526171 564.27751033
6172 0.69855114 0.36358529 0.82797781 565.00872743
6173 0.69981741 0.37309699 0.81091842 565.24718847
6174 0.70468961 0.33763261 0.80536800 565.16577897
6175 0.70286053 0.34562613 0.80463220 564.20348953
6176 0.70350757 0.32540805 0.79958621 563.29150487
6177 0.70616705 0.33101086 0.79059618 568.25734209
6178 0.70746565 0.31213244 0.82776860 565.30590048
6179 0.70521356 0.26403081 0.82680384 569.98110277
6180 0.70980031 0.28166517 0.83958646 568.45721217
6181 0.71147024 0.28694025 0.85947437 570.41696413
6182 0.70117216 0.29682028 0.81797812 566.56694826
6183 0.71095597 0.28070850 0.82868377 569.82454127
6184 0.71017278 0.32619914 0.85533951 568.61578690
6185 0.70459466 0.30660517 0.86436886 567.60472309
6186 0.70765718 0.33086940 0.87228574 565.27543551
6187 0.70873118 0.34876447 0.87380133 566.82789382
6188 0.69671599 0.35979230 0.84261355 569.07155814
6189 0.70243985 0.35757387 0.84860576 563.57466182
6190 0.70201321 0.34656790 0.82332657 563.20623427
6191 0.70051548 0.35718418 0.78843375 565.04430669
6192 0.69818544 0.33260438 0.77295013 563.56179993
6193 0.69719404 0.32413697 0.74471892 563.75323173
6194 0.69530892 0.29309215 0.75930387 569.14924932
6195 0.70428156 0.28665844 0.76034542 563.57895669
6196 0.70626665 0.29362001 0.78902834 564.72817390
6197 0.70538986 0.29209201 0.77817587 564.15159660
6198 0.69794384 0.30070269 0.73968649 562.95090174
6199 0.70052219 0.28521004 0.73769114 562.23865405
6200 0.69911933 0.28387073 0.72266866 562.31669778
6201 0.69729412 0.29735616 0.70137597 563.27294869
6202 0.70055767 0.29168925 0.72157716 562.86778027
6203 0.70111093 0.28878080 0.71841197 563.20551923
6204 0.69890184 0.29848271 0.73763364 562.50024207
6205 0.69623770 0.30603147 0.71696307 563.73505214
6206 0.70118579 0.29806752 0.71360716 564.62432932
6207 0.69648115 0.30426420 0.69953388 563.87026105
6208 0.69999721 0.28174625 0.68895146 563.82599378
6209 0.69733179 0.27301901 0.69064288 562.67755783
6210 0.69703106 0.28794947 0.70123085 562.95512587
6211 0.69685956 0.28201472 0.67985059 563.16101732
6212 0.69316583 0.29896348 0.67528008 565.90702856
6213 0.69361533 0.27684356 0.66954042 565.19514474
6214 0.69927000 0.27593451 0.68239233 563.24983496
6215 0.69636337 0.27039602 0.68297440 563.10592572
6216 0.70049757 0.25337686 0.69217785 562.47518485
6217 0.70008702 0.25548417 0.69090140 562.39516972
6218 0.70101345 0.25274619 0.68603243 562.84192534
6219 0.70222458 0.24802679 0.69232421 563.32203304
6220 0.69979341 0.25265592 0.69130908 562.38224488
6221 0.69097082 0.26164785 0.66527616 570.93237786
6222 0.69023025 0.28176176 0.65817557 570.04324047
6223 0.69986033 0.27226231 0.68808088 562.98501262
6224 0.69791922 0.26626181 0.68289763 562.48857153
6225 0.70029673 0.26124326 0.70868390 562.33535466
6226 0.70532474 0.25583776 0.71780919 565.78248097
6227 0.70333501 0.29553023 0.73634475 564.77488236
6228 0.69923397 0.30477018 0.73092989 562.80079226
6229 0.69566007 0.31044333 0.71022432 564.25694633
6230 0.69815098 0.32396477 0.74985382 563.36859250
6231 0.69618594 0.29693141 0.74027593 564.90521562
6232 0.70081818 0.31057085 0.78149982 562.56812133
6233 0.70347189 0.31683366 0.79091110 563.11986423
6234 0.70050195 0.31264383 0.82925852 566.56161087
6235 0.70812998 0.31689770 0.83825389 565.89775991
6236 0.70263871 0.33058907 0.81416718 562.86817210
6237 0.69888635 0.33659558 0.76945086 563.56719426
6238 0.70035717 0.31600519 0.79513044 563.13485130
6239 0.69912952 0.31340934 0.78788319 563.82642539
6240 0.70161047 0.29219440 0.81582526 566.47160355
6241 0.70531860 0.27649685 0.81611335 566.08144742
6242 0.70543492 0.28864871 0.82351035 565.16631426
6243 0.70532533 0.31515099 0.82311603 563.64740951
6244 0.70491488 0.31943731 0.82749998 563.46795498
6245 0.69962488 0.34435569 0.83196011 564.68498554
6246 0.70344056 0.36334542 0.83724044 564.49216102
6247 0.69613808 0.37796249 0.83110980 568.00389216
6248 0.69394809 0.38967783 0.81806409 570.77726177
6249 0.69844559 0.39759517 0.83741920 566.85458939
6250 0.70423645 0.35932192 0.84014089 564.55470438
6251 0.70336784 0.35070990 0.81806779 564.28487845
6252 0.70211413 0.33800027 0.77748114 564.72185521
6253 0.70102978 0.31613020 0.75754562 563.04754486
6254 0.69851800 0.31664421 0.75277557 562.95471227
6255 0.69905415 0.28754894 0.75720260 563.57379221
6256 0.70092447 0.29673539 0.73461098 562.75742785
6257 0.69596262 0.32122525 0.71200878 564.78498286
6258 0.69960868 0.31834334 0.71805889 565.31843964
6259 0.70116957 0.31681017 0.69914599 569.91370948
6260 0.69428920 0.29088627 0.66621531 564.80249541
6261 0.69571475 0.30585661 0.66325825 566.37771084
6262 0.69874894 0.27922424 0.67161419 564.01739756
6263 0.70223260 0.26077736 0.69674286 563.63198119
6264 0.70421236 0.25407250 0.73930993 563.86989402
6265 0.70338331 0.26955403 0.76746365 563.54927762
6266 0.70258603 0.26439425 0.72244119 562.93383133
6267 0.70223249 0.25752552 0.72257121 562.81094566
6268 0.70511465 0.27198022 0.74307401 564.69393768
6269 0.70221147 0.28655244 0.75673464 562.47132062
6270 0.69970967 0.29981633 0.75047493 562.39682396
6271 0.69837042 0.31004964 0.75274404 562.93213103
6272 0.70115048 0.30365108 0.76368540 562.36359987
6273 0.69905336 0.29572003 0.77828217 564.63848916
6274 0.70141376 0.32048195 0.77426130 562.82086513
6275 0.70005556 0.33546632 0.76217981 564.06027139
6276 0.69916282 0.34565843 0.78462286 563.76037554
6277 0.70021472 0.33162551 0.80278635 563.10908328
6278 0.70118728 0.32608265 0.78578108 562.75170910
6279 0.69796993 0.31740685 0.76855033 563.60917327
6280 0.70257086 0.30407677 0.74681077 563.86572379
6281 0.69920140 0.31915617 0.75242671 562.95813151
6282 0.70317522 0.33155265 0.73199123 571.56934763
6283 0.69806805 0.36034897 0.72711121 570.46898971
6284 0.69206341 0.35418909 0.74429931 570.08756095
6285 0.69556219 0.35483691 0.79239889 566.83513741
6286 0.70051555 0.34381336 0.82541779 563.58860632
6287 0.70108241 0.35889648 0.82367502 563.74061966
6288 0.70253873 0.37420995 0.85806328 564.24381048
6289 0.69942962 0.37402457 0.82929492 564.81374945
6290 0.70041779 0.36795113 0.81688062 564.55900492
6291 0.69956899 0.36187704 0.81321402 564.20231156
6292 0.69857032 0.35821516 0.83536111 565.48358987
6293 0.70454047 0.34588519 0.84146716 563.74265832
6294 0.70072249 0.33591748 0.78835329 563.11356888
6295 0.70099906 0.32179356 0.81630616 563.65955004
6296 0.70159367 0.33967047 0.82529047 563.15516630
6297 0.69357690 0.36091351 0.80985820 571.89443858
6298 0.70220999 0.37448770 0.80658274 567.57211926
6299 0.70280866 0.36210421 0.81169577 565.65748411
6300 0.70148845 0.31719079 0.78499825 562.53644149
6301 0.70150869 0.33344357 0.80168126 562.86401687
6302 0.69885353 0.33854048 0.78437530 563.48793005
6303 0.69793356 0.29264946 0.79799191 569.86695803
6304 0.70552909 0.28206981 0.76924519 564.32828359
6305 0.70312038 0.32003224 0.78925540 563.12182799
6306 0.70109365 0.31039549 0.77727851 562.44887945
6307 0.69794851 0.30883905 0.77013961 564.10531567
6308 0.70111388 0.31791916 0.72523046 566.13461615
6309 0.69381285 0.31096370 0.72299321 566.50077571
6310 0.69635599 0.30815153 0.74456406 564.36514212
6311 0.69937378 0.29087115 0.75943829 563.20010458
6312 0.69593086 0.28885438 0.75788593 568.25223804
6313 0.69761934 0.28568244 0.78926951 570.43650764
6314 0.69779117 0.30301187 0.80715157 569.73857515
6315 0.69928847 0.32121318 0.81455797 565.36191161
6316 0.70121585 0.33813881 0.82111185 563.17294878
6317 0.69386172 0.35357375 0.80565400 571.33048027
6318 0.70519970 0.34028461 0.80534401 566.22708689
6319 0.70076774 0.35917599 0.81496902 563.93747874
6320 0.70540148 0.35572661 0.83564426 565.70340278
6321 0.70353936 0.35247088 0.80560849 565.66381994
6322 0.70404006 0.33197832 0.80906072 563.70693255
6323 0.70197527 0.31613571 0.83215746 564.69243276
6324 0.70495796 0.30128202 0.83007831 564.44413312
6325 0.70583503 0.31320260 0.83850822 564.15849493
6326 0.70679823 0.29787274 0.82531898 564.85602501
6327 0.70311231 0.30197202 0.80064497 563.02644038
6328 0.70480599 0.31757394 0.80432009 563.67706888
6329 0.70673895 0.34867697 0.82339924 568.06779451
6330 0.71131281 0.30262803 0.85009472 569.81204525
6331 0.70403549 0.30344644 0.85335346 567.11761077
6332 0.70197453 0.31358366 0.85503255 568.10821913
6333 0.70976070 0.29380239 0.86206916 568.38615920
6334 0.70787936 0.27350331 0.84926271 569.77680926
6335 0.71011993 0.28981360 0.83125009 568.40100465
6336 0.70539451 0.30316325 0.77933275 564.71007079
6337 0.70284163 0.30120297 0.79000761 562.73094707
6338 0.69751698 0.30798941 0.75547802 563.70747862
6339 0.69705563 0.31168513 0.74613351 563.65531084
6340 0.70014582 0.33208681 0.75419662 564.29621066
6341 0.69543363 0.31648003 0.71012638 564.69146351
6342 0.69392291 0.28871613 0.70130007 565.94057934
6343 0.69535810 0.24999063 0.67595759 564.86595966
6344 0.70281451 0.22020985 0.70426528 564.83459731
6345 0.69752623 0.23779020 0.67630749 563.61173538
6346 0.69970211 0.24598333 0.67904415 562.46571140
6347 0.70019163 0.25707491 0.69532494 562.37205040
6348 0.70591875 0.24839855 0.70568723 567.29286907
6349 0.69541459 0.26814467 0.69633275 564.78729350
6350 0.70282848 0.25668804 0.70871290 563.39187692
6351 0.69753315 0.27866631 0.73441951 564.17907169
6352 0.69462329 0.28840043 0.70983130 565.47483743
6353 0.70313930 0.28909749 0.69239604 569.19012646
6354 0.70126672 0.30381439 0.69396652 568.19786910
6355 0.69384420 0.31832023 0.67050784 567.18808739
6356 0.69342805 0.32257213 0.68255868 567.09261596
6357 0.69360231 0.33280424 0.69956592 567.26280522
6358 0.69111481 0.31898366 0.69763296 569.55498718
6359 0.69420124 0.27869428 0.68584926 565.10721937
6360 0.69697918 0.28532231 0.69148780 563.00277670
6361 0.69594826 0.29655784 0.66070256 565.44481973
6362 0.69821939 0.31184481 0.68824053 566.32725861
6363 0.69537345 0.33328045 0.68137080 568.76274891
6364 0.69273843 0.29948965 0.65680743 566.52936642
6365 0.69647992 0.28334745 0.64389001 565.53777854
6366 0.69595118 0.25443754 0.64549118 563.15807561
6367 0.69564103 0.24787912 0.66026877 563.71244524
6368 0.69917485 0.26768647 0.66172460 563.99183201
6369 0.69609645 0.26067254 0.65906748 563.08611336
6370 0.69639721 0.26160020 0.65945204 562.98601581
6371 0.69645227 0.30748412 0.68727485 564.81072051
6372 0.69129725 0.29311101 0.67442556 568.51239236
6373 0.69577099 0.29485826 0.67586542 564.25057654
6374 0.69720244 0.29020839 0.66812921 564.58168889
6375 0.69980742 0.26971939 0.66271226 564.73959921
6376 0.69543673 0.27669223 0.64987299 564.12931959
6377 0.69382817 0.28391471 0.65952552 564.89723498
6378 0.69518019 0.27585374 0.66772399 563.73910742
6379 0.69753138 0.25100288 0.66977998 562.63003409
6380 0.69881218 0.26293327 0.66614476 563.04403753
6381 0.69634494 0.26731690 0.65307402 563.35425127
6382 0.69343849 0.27028572 0.64400953 564.91103512
6383 0.69772072 0.26815310 0.63297041 565.59593757
6384 0.69990870 0.25387391 0.64482711 564.83991783
6385 0.70016178 0.24548473 0.61695782 567.52130595
6386 0.69900978 0.24092635 0.59616243 567.93541121
6387 0.69636368 0.25881188 0.60256259 566.52132882
6388 0.69220062 0.26950443 0.59644566 567.04355642
6389 0.69292524 0.26757661 0.59211300 567.07860827
6390 0.69084536 0.27133071 0.56424967 570.10699124
6391 0.69867143 0.24365977 0.59827278 567.54299457
6392 0.68903742 0.20250959 0.58892945 574.69797521
6393 0.70043116 0.21250751 0.60699055 565.20868052
6394 0.69495848 0.24039340 0.62076085 563.59876007
6395 0.69679978 0.22700776 0.60802782 563.35478122
6396 0.69429847 0.20593511 0.61536349 565.99941374
6397 0.69809032 0.18637774 0.58443327 563.94270372
6398 0.69623086 0.20136154 0.57882162 563.68813030
6399 0.69425221 0.18448931 0.55555474 564.63759661
6400 0.69415365 0.20079462 0.55393406 564.47162674
6401 0.69639663 0.17439530 0.55949492 564.33366255
6402 0.69395471 0.18564482 0.54256212 564.68461790
6403 0.69361990 0.19382154 0.55378826 564.68895887
6404 0.69645947 0.18666255 0.56852272 563.95004593
6405 0.69531715 0.18542514 0.54709389 564.36676494
6406 0.69203028 0.18937638 0.55704127 566.55253017
6407 0.69243203 0.19958950 0.54796788 565.35307451
6408 0.70115568 0.19212084 0.60829940 565.02909930
6409 0.69356754 0.19717673 0.59234973 566.11275028
6410 0.70159584 0.20016570 0.61263905 565.47053327
6411 0.69375819 0.20802954 0.60502456 565.67078954
6412 0.69450010 0.25031747 0.60757817 564.42937670
6413 0.69255615 0.24338415 0.64196952 567.07173468
6414 0.69821044 0.25895591 0.62642431 565.57508660
6415 0.70197309 0.25104767 0.65170061 566.65750065
6416 0.69545908 0.26575369 0.64620605 563.62972282
6417 0.69733431 0.27946127 0.65729495 564.33710157
6418 0.69409276 0.28811647 0.65215559 565.15575929
6419 0.69368360 0.27974446 0.65411440 564.91117311
6420 0.69452659 0.26647497 0.64668893 564.03950441
6421 0.69606909 0.26252909 0.63322338 563.99319734
6422 0.69520206 0.26575108 0.62927878 564.37779714
6423 0.69430065 0.27225166 0.67477103 564.70370613
6424 0.69546040 0.24736748 0.69222357 566.67951087
6425 0.69986227 0.28403866 0.67781654 565.03416936
6426 0.69924634 0.27151568 0.67300749 563.51251141
6427 0.69995825 0.25709233 0.67690281 562.77286734
6428 0.70304582 0.23252232 0.69301954 563.88062479
6429 0.70504011 0.24230201 0.67578901 568.28038139
6430 0.69426998 0.24644507 0.69177509 569.16162255
6431 0.69775918 0.22516492 0.69494567 566.97995068
6432 0.70405872 0.22294467 0.68333273 565.08544131
6433 0.70223382 0.20163253 0.68373162 565.84910321
6434 0.70108802 0.17266456 0.69042617 574.45499020
6435 0.70696109 0.15056163 0.66659061 574.20335346
6436 0.70415547 0.15365646 0.62555703 569.43925370
6437 0.70754469 0.16475983 0.63893973 572.95655329
6438 0.70537739 0.15943715 0.64692687 570.41948499
6439 0.69922779 0.17678585 0.63167920 566.46942950
6440 0.70164247 0.17768428 0.60233513 565.75735372
6441 0.69802817 0.21835268 0.61799104 563.09184515
6442 0.69990953 0.23766463 0.64839408 563.27377068
6443 0.69675725 0.24239524 0.65278160 562.90592037
6444 0.69566826 0.24958884 0.62778513 563.46325427
6445 0.69447997 0.24031927 0.63816797 564.29475309
6446 0.70024744 0.23800916 0.63723409 564.37357895
6447 0.70276226 0.20569517 0.63433807 565.68129769
6448 0.69749210 0.20131168 0.57678006 564.13492190
6449 0.69313918 0.18683775 0.56218912 565.67014155
6450 0.69372400 0.20923920 0.58134769 564.52032249
6451 0.69729305 0.21346183 0.56898846 565.44454137
6452 0.69519453 0.19910605 0.58513854 564.00243538
6453 0.69833548 0.19580881 0.56940457 564.96080225
6454 0.69526643 0.19823604 0.57659970 563.89875791
6455 0.68884755 0.21830407 0.55900361 569.80706347
6456 0.69194007 0.24066617 0.57789849 565.94957129
6457 0.69577615 0.24785474 0.58167784 566.89430330
6458 0.69462804 0.24613636 0.60282196 564.38514296
6459 0.69775452 0.22934413 0.61773399 563.29728217
6460 0.69737796 0.25160330 0.61570790 565.00096801
6461 0.70026044 0.26351645 0.62820616 569.14100740
6462 0.69189788 0.25011509 0.61912788 566.26886411
6463 0.69338424 0.23379657 0.63276216 565.83604992
6464 0.69006006 0.24510646 0.62045224 569.97043799
6465 0.69625829 0.21068269 0.61463579 563.56840284
6466 0.69490666 0.22227087 0.58742418 563.88249270
6467 0.70010791 0.22796697 0.61118467 565.80355674
6468 0.69798489 0.19774513 0.54642860 567.02668563
6469 0.69205881 0.17358251 0.55009370 567.64386297
6470 0.69465680 0.18050995 0.57123778 565.14958747
6471 0.70184853 0.18197791 0.59215816 566.56307636
6472 0.70016464 0.17947918 0.56480234 566.38609173
6473 0.69625791 0.16326820 0.57013993 565.58654768
6474 0.69228519 0.20530068 0.53957244 565.56313769
6475 0.69332031 0.18483238 0.51566237 565.52506737
6476 0.69594500 0.16611390 0.51355150 565.62571162
6477 0.69683627 0.18168969 0.54921561 564.59666795
6478 0.69544271 0.16989195 0.54136513 564.62309510
6479 0.69824106 0.14457170 0.53752848 565.90069625
6480 0.69532030 0.14009929 0.52631398 566.35814819
6481 0.69597293 0.12305456 0.53360331 568.81382860
6482 0.69747443 0.10513193 0.51336973 569.16095219
6483 0.69478118 0.11342815 0.49628178 568.25059640
6484 0.69274680 0.13547935 0.44694359 567.30666482
6485 0.69145630 0.15094721 0.42956126 569.10510683
6486 0.68938749 0.14736950 0.42926394 568.97804766
6487 0.68923847 0.15427955 0.46798020 568.74938670
6488 0.69461776 0.15626154 0.46657705 567.96194411
6489 0.69822991 0.13752415 0.49072486 568.16140744
6490 0.69618368 0.16232859 0.49321952 567.25892463
6491 0.69999315 0.16714745 0.51559515 570.83054849
6492 0.69587667 0.16942478 0.49610121 567.27715461
6493 0.69004084 0.15318994 0.48987382 568.61772192
6494 0.69799715 0.13955298 0.48106493 568.94468530
6495 0.69002960 0.15298629 0.45924693 567.91857679
6496 0.69629478 0.15004056 0.48032838 567.68672108
6497 0.69088497 0.14994443 0.49580100 568.06338154
6498 0.68790516 0.15197508 0.49255008 573.08062954
6499 0.69597994 0.13823873 0.50397160 565.92711263
6500 0.69842152 0.11687728 0.50616517 567.70880346
6501 0.69603267 0.13939779 0.52101425 565.94654260
6502 0.69810331 0.14788359 0.51189557 566.76027273
6503 0.69536182 0.12899253 0.49138914 566.37416164
6504 0.69538863 0.10631634 0.47197155 567.72649893
6505 0.69279793 0.12548786 0.48250059 567.62193419
6506 0.69410393 0.12643557 0.50533516 567.67025066
6507 0.69259361 0.14602428 0.50059095 566.72198034
6508 0.69512234 0.13838483 0.52446156 566.57609038
6509 0.69873684 0.15095102 0.50258190 568.55919148
6510 0.69235820 0.14880884 0.49163562 566.47804186
6511 0.69042000 0.16936058 0.48075126 567.33360083
6512 0.69043999 0.21371200 0.48825871 569.84722867
6513 0.68968492 0.21419111 0.49389310 569.41194314
6514 0.69359951 0.20156858 0.49266857 569.42821732
6515 0.69159367 0.17202239 0.52089859 566.63798458
6516 0.69701000 0.14977542 0.54512892 565.51211661
6517 0.69827291 0.14564047 0.55398721 565.99538872
6518 0.69608360 0.14212387 0.55310031 567.32962435
6519 0.69748827 0.11357476 0.51748228 568.18869040
6520 0.70025480 0.12212757 0.51984643 568.52625345
6521 0.69681675 0.11713461 0.51406645 567.73108212
6522 0.70009780 0.15011314 0.51492223 569.28516218
6523 0.69241823 0.15973863 0.53937560 567.94902952
6524 0.69568943 0.15185901 0.53621893 565.47242692
6525 0.69708839 0.14855571 0.53058388 565.45796928
6526 0.69867081 0.15614428 0.53160298 566.23719727
6527 0.69874077 0.13888943 0.52112143 566.73908428
6528 0.69753403 0.13954210 0.52165578 566.03029447
6529 0.70082215 0.16331280 0.54568663 568.13081719
6530 0.70371698 0.15508895 0.56177265 571.25674731
6531 0.69524856 0.17455067 0.56545788 564.92238024
6532 0.69367041 0.20447213 0.56477106 564.51129981
6533 0.69452574 0.18886140 0.56822460 564.52672375
6534 0.69919583 0.17336943 0.56217541 565.30085281
6535 0.69620704 0.19902802 0.55513062 564.66985513
6536 0.69328624 0.22699646 0.55882579 565.55469994
6537 0.69212908 0.22049556 0.57579357 565.55773047
6538 0.69348888 0.20391031 0.58913559 565.35061229
6539 0.69724926 0.19355475 0.56254864 564.49837276
6540 0.69901337 0.19862823 0.57103073 565.73163049
6541 0.69214914 0.21766434 0.56888133 565.49625364
6542 0.68929558 0.21746197 0.59977039 572.96348518
6543 0.70107853 0.22718686 0.59296285 569.97786185
6544 0.69561571 0.23494949 0.56914072 566.42413241
6545 0.69054234 0.23139132 0.58504782 567.53931751
6546 0.69368640 0.21299156 0.60475821 565.29077634
6547 0.69344371 0.23503652 0.60501069 564.54310625
6548 0.69686659 0.21645302 0.59861223 563.40471675
6549 0.69535817 0.25561420 0.59492211 566.15035289
6550 0.69920736 0.22639760 0.59722392 565.99743623
6551 0.69368285 0.22503219 0.59260931 564.36058422
6552 0.69908114 0.21197634 0.60420410 564.03553444
6553 0.69480398 0.20551287 0.59072241 564.08197034
6554 0.69579375 0.19317561 0.58528355 563.98307698
6555 0.69716245 0.17814744 0.56673931 564.18068458
6556 0.69952112 0.17837575 0.57619068 564.94808114
6557 0.69324705 0.19538018 0.60258708 567.86540419
6558 0.69759789 0.19545992 0.61740780 564.05722442
6559 0.69317557 0.24111024 0.62809941 565.32318684
6560 0.69749629 0.21021950 0.59788379 563.44449087
6561 0.69712162 0.24182150 0.62192901 563.48970422
6562 0.69609892 0.23896360 0.62005781 563.28484832
6563 0.69570726 0.23176497 0.63521943 563.49831886
6564 0.69264513 0.26690344 0.62736823 565.54614457
6565 0.69259612 0.27912873 0.62124807 566.40400984
6566 0.69332193 0.28796435 0.60339585 568.99218324
6567 0.69193462 0.27448365 0.63344682 566.41667060
6568 0.69273463 0.26900988 0.63570191 565.50465819
6569 0.69269809 0.26540862 0.62460284 565.47903032
6570 0.69785734 0.26565874 0.64945347 563.85169661
6571 0.69445319 0.26747182 0.68288089 565.21116870
6572 0.70370522 0.25322114 0.68854301 565.58892074
6573 0.70541255 0.26069929 0.71568247 566.46111250
6574 0.70367512 0.25995839 0.69443656 565.60175446
6575 0.70310675 0.28768374 0.70227877 567.34684753
6576 0.69861505 0.28746376 0.71030954 562.52243479
6577 0.69782438 0.28171391 0.72417458 563.02974184
6578 0.69676087 0.26863306 0.70819475 563.92764353
6579 0.70062558 0.27160373 0.69798239 562.87836333
6580 0.69872094 0.24624393 0.69366846 563.05907185
6581 0.70056174 0.25797369 0.68898132 562.64153017
6582 0.69767770 0.26933815 0.69898184 562.68952916
6583 0.70220352 0.27045684 0.69304749 564.68900892
6584 0.70272912 0.27715810 0.71393785 564.14383424
6585 0.70108592 0.30136791 0.72252618 564.08091831
6586 0.69797679 0.27565050 0.68324122 562.74444661
6587 0.69796442 0.26666226 0.68958593 562.47079246
6588 0.69641506 0.25699379 0.67665791 563.27128522
6589 0.70060520 0.27152293 0.69946703 562.78745674
6590 0.70261904 0.22386118 0.69438151 564.07285622
6591 0.69942854 0.24263556 0.71482777 564.45659000
6592 0.70187812 0.22351692 0.70432866 564.56674603
6593 0.70313742 0.22959598 0.69912624 564.02076011
6594 0.70098208 0.25669632 0.68332692 563.09438984
6595 0.69643811 0.25838565 0.66985482 563.01405883
6596 0.69496254 0.25744902 0.64286038 563.65593850
6597 0.69728313 0.22552390 0.61695532 563.08601982
6598 0.69519757 0.22100726 0.63070158 564.45342166
6599 0.69824892 0.25083716 0.63441082 563.92182162
6600 0.69845934 0.26644669 0.65019208 564.28715473
6601 0.69748109 0.26231041 0.63975068 564.06823854
6602 0.69947330 0.25604933 0.63713040 565.41909078
6603 0.69483413 0.24924063 0.65069586 564.02822960
6604 0.69498608 0.25739561 0.65102514 563.69024946
6605 0.69949457 0.23525864 0.67325056 562.70684182
6606 0.69739926 0.24559554 0.67675648 563.13895335
6607 0.70258614 0.26609823 0.70317925 563.92009088
6608 0.70110206 0.25725689 0.72176879 562.68722437
6609 0.70269274 0.26623014 0.72813263 562.89522740
6610 0.70180933 0.27219386 0.72048921 562.68383755
6611 0.70143960 0.28572502 0.70005104 564.75883267
6612 0.69653082 0.32684077 0.69333969 566.94538867
6613 0.69712474 0.32477920 0.72783535 564.25015437
6614 0.70191242 0.30012273 0.73417991 563.79339407
6615 0.69662773 0.29320568 0.69129591 563.43363051
6616 0.69916294 0.29009885 0.69743624 563.39839113
6617 0.69891142 0.28221702 0.69822295 562.68893035
6618 0.69989218 0.30164126 0.73194063 562.73753311
6619 0.69815263 0.27337392 0.74252505 564.72153528
6620 0.69625143 0.28661876 0.72191345 564.20004175
6621 0.70001980 0.29320122 0.68853248 565.30200039
6622 0.69404599 0.29864888 0.70455385 565.56296817
6623 0.69646859 0.31258134 0.68570663 565.55236396
6624 0.70056666 0.27807512 0.66484265 566.67828055
6625 0.69815454 0.23192958 0.64225646 562.71448174
6626 0.69394659 0.24200900 0.64097951 564.96246939
6627 0.69895142 0.21320450 0.66834210 564.57625481
6628 0.70316717 0.20848994 0.67287465 564.92101345
6629 0.70396067 0.21500088 0.66185183 565.83979260
6630 0.70500144 0.21210185 0.67442228 566.56348180
6631 0.70521897 0.20098825 0.66632796 567.25770552
6632 0.69471771 0.22472801 0.66862196 568.71558405
6633 0.70655212 0.21329419 0.69572860 567.87829885
6634 0.69964109 0.20036467 0.68419514 567.89714612
6635 0.69935869 0.21012656 0.68310365 566.16359417
6636 0.70168530 0.22237214 0.67182761 563.53273933
6637 0.70115692 0.20102104 0.67410180 565.47462572
6638 0.69807498 0.19507100 0.67404771 569.75537301
6639 0.69472999 0.21919566 0.68286212 572.41234109
6640 0.70172263 0.20947386 0.68354763 564.89955039
6641 0.69840032 0.20430131 0.66464456 566.05152276
6642 0.70153821 0.23147852 0.66692014 563.43166318
6643 0.69703566 0.22266520 0.65507954 564.06682631
6644 0.70235024 0.21385789 0.66728383 564.17648867
6645 0.69684997 0.23849349 0.66088009 563.26383823
6646 0.69748457 0.23928873 0.67795732 563.62047459
6647 0.69943055 0.27661869 0.67362330 564.11123129
6648 0.70490941 0.23634022 0.68668819 566.39301087
6649 0.70746746 0.21833942 0.69282237 569.62226807
6650 0.70640482 0.23262291 0.69731433 567.88383569
6651 0.69934448 0.24924984 0.67614497 562.42768574
6652 0.69815718 0.28165933 0.69190414 562.75727594
6653 0.70132488 0.28098573 0.70503801 563.67621555
6654 0.69733635 0.26820408 0.67479576 562.70808883
6655 0.69771246 0.29933372 0.72666478 562.87490146
6656 0.70383543 0.28943234 0.75273540 563.63439642
6657 0.70053061 0.32658853 0.77895486 562.81547129
6658 0.70570561 0.31337907 0.78546714 565.59214427
6659 0.70375050 0.30897369 0.79073054 563.00085736
6660 0.70466150 0.26591972 0.76251181 563.89370602
6661 0.69562376 0.26200664 0.75499053 574.19692132
6662 0.69667876 0.25456786 0.74347001 570.91394552
6663 0.69373443 0.25970123 0.71639284 572.04259348
6664 0.70627119 0.28275854 0.73515733 568.40579186
6665 0.70750610 0.26596375 0.73631906 568.86475269
6666 0.70639217 0.26081235 0.77865390 565.47857098
6667 0.70401154 0.25576913 0.79594596 567.97940220
6668 0.71120460 0.28742170 0.80677601 571.77172150
6669 0.70736280 0.30679829 0.79421156 566.83303117
6670 0.69739356 0.30595685 0.79439604 567.95786763
6671 0.70208442 0.31550576 0.80591529 562.86713267
6672 0.70756408 0.32141586 0.83748084 565.41057804
6673 0.70491586 0.32626952 0.83393515 563.49704746
6674 0.70742660 0.31569731 0.83186977 565.24193508
6675 0.69728267 0.33267983 0.81356027 567.20071300
6676 0.69555010 0.32390458 0.78041913 567.48621974
6677 0.70185557 0.33755374 0.79958490 563.18152070
6678 0.70119920 0.31708144 0.78785490 562.56048877
6679 0.70210372 0.32261997 0.78934266 562.75990411
6680 0.69930094 0.30924555 0.76299096 562.69420328
6681 0.69943349 0.32436137 0.75172146 563.36178019
6682 0.69650360 0.30915611 0.74959485 564.43275984
6683 0.70541201 0.31782905 0.76774213 567.65110221
6684 0.69606865 0.29628033 0.76203096 567.45123435
6685 0.69703143 0.31098699 0.77725375 565.80045232
6686 0.69619835 0.29937970 0.76370404 567.00740217
6687 0.70307428 0.31685642 0.78043092 563.27105612
6688 0.70391614 0.30520941 0.77467114 563.50534074
6689 0.70022315 0.29999301 0.75765210 562.37102666
6690 0.70279144 0.31531926 0.75261690 564.87138730
6691 0.70091318 0.32336953 0.76215076 563.33048739
6692 0.70237077 0.32225360 0.77542385 563.41814427
6693 0.70269110 0.33860829 0.77311210 565.90471240
6694 0.70584025 0.29943662 0.74296972 568.96016758
6695 0.70432934 0.30482893 0.74185559 566.96287322
6696 0.69625890 0.30949048 0.74544776 564.47643396
6697 0.69505863 0.33195957 0.75221355 565.80825116
6698 0.70176713 0.33938088 0.76909636 565.34320529
6699 0.70073532 0.34713916 0.75096701 567.56188552
6700 0.69527471 0.30596169 0.75617476 567.10789095
6701 0.70658158 0.32737714 0.76853924 571.99362689
6702 0.69578034 0.36517659 0.79216575 566.67034529
6703 0.70003998 0.36531230 0.82632834 564.17407098
6704 0.70181687 0.38005653 0.85895478 564.53225190
6705 0.70164831 0.38370260 0.88462771 565.04924485
6706 0.70252107 0.37539750 0.87646178 564.35884291
6707 0.70736412 0.35824022 0.86417122 566.38607478
6708 0.70957210 0.34226401 0.90030372 566.92867610
6709 0.70797113 0.36724346 0.93105597 566.29769336
6710 0.70794505 0.37452557 0.91607934 566.03586917
6711 0.70982052 0.37755007 0.92057453 568.15833347
6712 0.70413646 0.35820026 0.92065964 567.85524906
6713 0.70801620 0.39141969 0.89737300 568.86874298
6714 0.70663653 0.38133825 0.92582456 565.58227838
6715 0.70595193 0.36499804 0.91975272 565.76361475
6716 0.70404236 0.38224457 0.93807556 567.34468069
6717 0.70815066 0.35806878 0.95376378 569.04912956
6718 0.70686966 0.39397401 0.95845816 566.82078131
6719 0.71074265 0.38428934 0.94639964 568.81756156
6720 0.70588891 0.41761579 0.94719110 566.87439090
6721 0.70560494 0.41498675 0.95031204 566.65254522
6722 0.70657162 0.39689400 0.92801382 566.07355262
6723 0.70382999 0.40118000 0.93212765 566.08072186
6724 0.70817793 0.40334857 0.96010471 567.17266526
6725 0.70979185 0.39405815 0.98584976 568.67588771
6726 0.70670036 0.38459647 0.95616340 567.16671644
6727 0.71134108 0.35910914 0.94005047 568.90125219
6728 0.70662896 0.39197597 0.93817865 565.97128623
6729 0.70747288 0.36836439 0.93814620 566.62526422
6730 0.70987131 0.38674649 0.94946281 567.86866970
6731 0.70738431 0.38838381 0.95314352 566.66086460
6732 0.70299215 0.39121804 0.93778904 567.63120293
6733 0.70148869 0.40123607 0.88116250 565.73936199
6734 0.70232311 0.40462715 0.89509637 565.79455271
6735 0.70255499 0.40096949 0.91197027 565.78748439
6736 0.70124522 0.39290160 0.90361113 566.27664372
6737 0.70855508 0.39661937 0.89391595 571.22909279
6738 0.70583767 0.32935442 0.91361069 569.79392708
6739 0.70882994 0.33008401 0.92364212 569.13636219
6740 0.71111205 0.31955467 0.89727312 569.04079220
6741 0.70859750 0.35884433 0.86515643 568.35718154
6742 0.70864908 0.34205893 0.87498003 566.27095052
6743 0.70867747 0.32835346 0.91813595 568.76934408
6744 0.71043156 0.33751012 0.94681200 570.60906435
6745 0.70263529 0.35842666 0.92024127 569.88985620
6746 0.71222964 0.33521651 0.92179492 570.13108281
6747 0.71163983 0.31534610 0.89695804 569.80996635
6748 0.70478942 0.33427289 0.91023660 569.47835821
6749 0.70469889 0.37416441 0.91280663 565.23595693
6750 0.70444497 0.39650014 0.92070089 565.47810328
6751 0.70342650 0.36725611 0.91549350 566.85317642
6752 0.70795921 0.34743989 0.91586945 566.49139245
6753 0.70029637 0.37844253 0.90513451 568.63285945
6754 0.70357555 0.41382098 0.90354677 566.70150807
6755 0.70230446 0.39825672 0.90692530 565.68177805
6756 0.70133596 0.39801835 0.89224690 565.69679261
6757 0.69973787 0.39479696 0.87481296 566.10889814
6758 0.69990934 0.38930136 0.83949071 565.73821424
6759 0.70379099 0.37109917 0.84890935 564.89187747
6760 0.70340139 0.37050111 0.86434767 564.11720958
6761 0.70752462 0.35227488 0.89531818 565.31633396
6762 0.70613629 0.35338435 0.91004398 565.77709477
6763 0.69627549 0.36809557 0.85646350 571.01987430
6764 0.69551433 0.36499061 0.85124583 572.46265770
6765 0.69901960 0.39933149 0.87274950 566.74566890
6766 0.70314784 0.41708002 0.88044051 568.44369968
6767 0.70163246 0.40804974 0.88522002 566.23292201
6768 0.69960488 0.38918621 0.90149275 568.32926848
6769 0.70022558 0.39189036 0.90100193 567.22949773
6770 0.70395693 0.37787835 0.90035670 564.75963531
6771 0.70732884 0.36297522 0.91789400 565.70299946
6772 0.70610945 0.37967597 0.90795722 565.15768327
6773 0.70455230 0.37695828 0.92131857 565.75554738
6774 0.71133765 0.36544638 0.95971323 569.27286982
6775 0.70944783 0.39959636 0.97309225 567.97363967
6776 0.70768560 0.41308231 0.96329300 567.34142101
6777 0.70519145 0.40286297 0.96576710 567.66421387
6778 0.70820600 0.37368182 0.94298294 566.70345959
6779 0.71050212 0.33437944 0.89063111 567.97710617
6780 0.70079729 0.34685450 0.84521742 564.38271873
6781 0.70652709 0.33299237 0.84876389 564.47769407
6782 0.70592703 0.34476554 0.85167979 564.38366659
6783 0.69991774 0.34587888 0.82787724 564.07897281
6784 0.69806221 0.37826263 0.82806710 565.74296123
6785 0.69671479 0.37090894 0.81709480 566.51305772
6786 0.69655928 0.37408940 0.78538798 566.73000521
6787 0.69870680 0.36155734 0.80050681 564.57952096
6788 0.70167498 0.39602505 0.81811176 569.78321008
6789 0.70613096 0.40715824 0.87360075 571.54328787
6790 0.70678499 0.42041851 0.90830576 570.83858901
6791 0.70315733 0.43863542 0.91960215 568.94296560
6792 0.70724816 0.41693385 0.92853516 568.81098749
6793 0.70276138 0.40978572 0.92044832 566.18186053
6794 0.70942607 0.39253502 0.93229082 568.36514128
6795 0.70971501 0.37817316 0.93060612 567.65473165
6796 0.70464419 0.40066780 0.94757420 566.61982968
6797 0.70437439 0.41330359 0.94636252 566.57875746
6798 0.70448203 0.40696125 0.94662409 566.52134565
6799 0.70883279 0.40685061 0.97196531 567.76139850
6800 0.70576386 0.40299050 0.94873434 566.32655897
6801 0.71005122 0.37832380 0.96073406 568.06504238
6802 0.70884824 0.37433231 0.94457984 566.95705248
6803 0.70765014 0.38184761 0.92324434 566.04565190
6804 0.70357088 0.36759267 0.91452203 566.56165260
6805 0.70466477 0.34976258 0.92093704 568.57394023
6806 0.70361674 0.36849364 0.89575531 564.85007810
6807 0.70679578 0.35754023 0.88360716 564.92641310
6808 0.70300729 0.33644320 0.87160531 565.64139797
6809 0.70647936 0.34497171 0.86723096 564.51375981
6810 0.70415989 0.33066030 0.86766187 564.97819777
6811 0.70543769 0.31779690 0.88196851 567.42418057
6812 0.70711290 0.36218920 0.90116282 565.20119306
6813 0.70168345 0.36492535 0.89863903 567.16132925
6814 0.70266844 0.36402743 0.89893005 566.11141883
6815 0.70490060 0.34344876 0.86352359 563.85470395
6816 0.69959215 0.36987233 0.85954787 565.58425631
6817 0.70492541 0.36380417 0.86638806 564.33182584
6818 0.70330451 0.35391124 0.88155071 564.78071910
6819 0.70647290 0.33081853 0.89368278 566.38946410
6820 0.70637310 0.33448621 0.88136842 565.08208344
6821 0.70278614 0.34498956 0.87530797 565.33660904
6822 0.70931142 0.33214882 0.87520947 566.74152787
6823 0.70259208 0.32868261 0.86830615 566.70748748
6824 0.70568271 0.34137489 0.89177758 565.40994881
6825 0.70873061 0.36701716 0.87925163 568.32010072
6826 0.70200503 0.40001648 0.90377196 565.75119704
6827 0.70498619 0.38235786 0.91394019 565.08762614
6828 0.70575336 0.38012802 0.92789169 565.64063393
6829 0.70057477 0.38209725 0.91633980 569.30012645
6830 0.70717217 0.39211934 0.92392525 566.24350330
6831 0.70209429 0.39991901 0.94788598 569.25022079
6832 0.70094334 0.40703260 0.95070825 570.79773166
6833 0.70773687 0.40122550 0.96550130 567.08191133
6834 0.70322479 0.40481865 0.95300397 568.00857541
6835 0.71162702 0.38329714 0.96698578 569.50534824
6836 0.70547769 0.40513395 0.92014600 566.21648967
6837 0.70459806 0.40431425 0.93728135 566.07180414
6838 0.70133276 0.41171610 0.91988223 567.01023631
6839 0.70186352 0.40574178 0.89969181 565.93510992
6840 0.70780178 0.39612566 0.94519807 566.63630141
6841 0.70540841 0.38638102 0.93479722 565.92688384
6842 0.70539229 0.40515392 0.92259198 566.11509635
6843 0.70420348 0.39332616 0.90468407 565.18273132
6844 0.70765931 0.39433178 0.92242123 566.90854096
6845 0.70750603 0.40697496 0.94342839 567.10461806
6846 0.70602943 0.41541111 0.96307160 566.96623349
6847 0.70596864 0.40991105 0.95096736 566.52119662
6848 0.70491512 0.40374545 0.92917409 565.86068800
6849 0.69997562 0.41592870 0.90553386 567.55825888
6850 0.70778081 0.40286755 0.89667873 570.56482386
6851 0.70580522 0.41197610 0.91305653 567.58851886
6852 0.70636024 0.41164999 0.92456427 567.36555486
6853 0.70307207 0.43396446 0.90024347 569.58176619
6854 0.70499714 0.43911187 0.87785196 576.96317331
6855 0.70530070 0.43314777 0.87944593 575.57588818
6856 0.70743913 0.41851840 0.91589312 570.64749760
6857 0.70531602 0.41251185 0.91633614 567.01772619
6858 0.70757986 0.37894194 0.93276792 566.03618618
6859 0.70365706 0.40894629 0.93006951 566.14528511
6860 0.70377844 0.39936163 0.90359115 565.46532889
6861 0.70374414 0.37963870 0.92385651 566.34977277
6862 0.70693206 0.37305604 0.92906834 565.85361015
6863 0.70305148 0.36474339 0.92703346 569.29507692
6864 0.70730565 0.39281971 0.90254701 567.53699201
6865 0.69900187 0.40451082 0.88376750 567.30515783
6866 0.69422986 0.41457806 0.85500909 572.76766398
6867 0.70402585 0.40965554 0.83550026 574.37385208
6868 0.69688484 0.42618878 0.83715285 570.91830619
6869 0.70287369 0.40442454 0.87237335 566.86732147
6870 0.70135907 0.39839838 0.83662062 567.75833230
6871 0.69814911 0.39420260 0.84558342 566.66247775
6872 0.70458351 0.37597015 0.87645829 564.66733778
6873 0.70530877 0.37232573 0.85556457 566.05710652
6874 0.70058078 0.36325920 0.86062818 564.90241965
6875 0.69943397 0.37452480 0.81911013 565.02990284
6876 0.69982895 0.36495855 0.82177085 564.23413280
6877 0.70306686 0.37251508 0.82798318 565.96544588
6878 0.70136731 0.37788606 0.82904281 565.32643265
6879 0.70534505 0.34482546 0.84158926 564.25091440
6880 0.70685423 0.30896305 0.81435858 564.96279102
6881 0.70632158 0.31220863 0.79602218 565.52034178
6882 0.70099593 0.33344515 0.81942483 563.29608292
6883 0.70336525 0.30707489 0.82435267 563.97042208
6884 0.70759758 0.31758866 0.85638645 565.27776749
6885 0.69862324 0.32918549 0.82410208 566.57202177
6886 0.70248073 0.36862515 0.82929274 564.86173882
6887 0.70437577 0.35367231 0.81408330 566.07005284
6888 0.70067446 0.34226016 0.80120253 563.19181320
6889 0.70025711 0.32121038 0.79755401 563.11077515
6890 0.69737058 0.33052566 0.78375818 564.58687143
6891 0.70038293 0.35111610 0.78572461 564.42625110
6892 0.70222966 0.34391904 0.78349240 565.08682523
6893 0.69389039 0.34386590 0.76095294 567.78145340
6894 0.69550884 0.33664180 0.80865612 569.71507581
6895 0.69677412 0.36397237 0.79363271 565.73634949
6896 0.69460235 0.39584894 0.78421994 570.20641380
6897 0.69739804 0.40202710 0.80370176 569.34316822
6898 0.70011949 0.41333653 0.83065963 570.21887036
6899 0.70082157 0.40980302 0.82258668 571.20381705
6900 0.69876453 0.38351691 0.87328825 567.15084868
6901 0.70303843 0.39918513 0.91371644 565.62568140
6902 0.69863035 0.42027745 0.89010333 568.40824134
6903 0.70111498 0.40408560 0.87934502 566.02394674
6904 0.69993394 0.40577278 0.89161721 566.80158546
6905 0.70365527 0.37829653 0.89148347 564.54269558
6906 0.70530851 0.37870219 0.88147346 565.17075476
6907 0.70362126 0.38188524 0.88401720 564.57985565
6908 0.70386371 0.36257513 0.90151539 565.46150886
6909 0.70368293 0.35574143 0.91458030 567.88384442
6910 0.70346436 0.35125608 0.91493947 568.94309528
6911 0.71220395 0.36672418 0.91981249 571.30041421
6912 0.71314223 0.35413623 0.93064997 571.48382507
6913 0.70824854 0.36546431 0.94329087 567.17441861
6914 0.70564272 0.37261730 0.90498416 564.84506972
6915 0.70632074 0.36033665 0.88173065 564.73026932
6916 0.70873860 0.35051603 0.89749965 566.19846893
6917 0.70829252 0.36760653 0.90485852 566.23405874
6918 0.70531418 0.40972877 0.90872041 567.10642804
6919 0.70450725 0.41276327 0.93580651 566.30004299
6920 0.70046834 0.41283834 0.92308783 568.06232705
6921 0.69872217 0.40412413 0.89830900 568.58944555
6922 0.70499124 0.39672902 0.87726899 567.31359424
6923 0.70883845 0.40448373 0.89741230 573.02331401
6924 0.70089648 0.43491658 0.91081650 568.38718013
6925 0.70376047 0.37704048 0.87562343 564.42380084
6926 0.70405570 0.37202054 0.91634185 565.95979952
6927 0.70324629 0.37311823 0.92953366 568.18722161
6928 0.69854488 0.39978161 0.91563191 571.13232110
6929 0.70501447 0.39082831 0.92129779 565.36641703
6930 0.70585395 0.39823377 0.93833306 565.94907420
6931 0.70956709 0.37050953 0.94604211 567.44708031
6932 0.70218901 0.38142585 0.91502293 566.86261393
6933 0.70324440 0.37255752 0.88013548 564.25979178
6934 0.70449549 0.36845139 0.83497321 566.34678563
6935 0.69944456 0.36671773 0.83866067 564.68875056
6936 0.70125838 0.36418849 0.85389759 564.08811653
6937 0.70265204 0.38114938 0.86178079 564.67937497
6938 0.69840624 0.35487432 0.84095260 566.34300932
6939 0.69728024 0.36044650 0.82989184 566.71098334
6940 0.70337002 0.35914049 0.84592563 563.79239464
6941 0.70343022 0.35192155 0.85384840 563.52857322
6942 0.70024118 0.35602254 0.83748187 564.09587765
6943 0.70606190 0.32522100 0.83557507 564.13687663
6944 0.70622294 0.33301552 0.81913974 565.57134882
6945 0.69617415 0.34490410 0.78468454 565.73848962
6946 0.69778932 0.35615542 0.79222684 564.69773453
6947 0.70006242 0.33576960 0.78052097 563.23076099
6948 0.69638333 0.32850301 0.78841964 566.42863544
6949 0.69348224 0.34528576 0.75555454 568.15095640
6950 0.69538259 0.35802783 0.76833635 566.49416525
6951 0.69811588 0.32882099 0.76933118 563.48304304
6952 0.69930706 0.32496635 0.77627348 562.95141837
6953 0.70001351 0.31120117 0.76002653 562.50856366
6954 0.70170203 0.28559698 0.74537001 562.38324422
6955 0.69918181 0.30799982 0.73971746 562.70861096
6956 0.69748206 0.29425374 0.71427476 562.86913857
6957 0.69648126 0.29468244 0.70435140 563.33285383
6958 0.69515356 0.27438427 0.70048910 564.97880725
6959 0.70411246 0.25920395 0.71806553 564.31625299
6960 0.70216037 0.25668121 0.69728121 563.32910147
6961 0.70198439 0.25978427 0.69983052 563.18689790
6962 0.69663483 0.29082081 0.69917761 563.19111950
6963 0.70006021 0.26810638 0.72911803 562.62223000
6964 0.70251560 0.24082837 0.72200315 563.73792181
6965 0.70137719 0.24827978 0.70996516 562.81777941
6966 0.70449783 0.23519841 0.73044273 564.93872433
6967 0.69896791 0.25433552 0.72928545 564.80960513
6968 0.69880652 0.26642480 0.72014022 562.97280026
6969 0.69851717 0.27187295 0.71761794 562.72587346
6970 0.69869012 0.27350326 0.68694821 562.62886778
6971 0.70102122 0.28018518 0.68103218 565.58900823
6972 0.70003986 0.28282266 0.69205082 563.71757523
6973 0.69767385 0.30762279 0.69802815 564.41801089
6974 0.70349681 0.27094977 0.72686630 563.70297112
6975 0.70202167 0.29350903 0.73128490 563.50407111
6976 0.69900070 0.28662988 0.74836539 563.09799378
6977 0.70042961 0.29537793 0.77410244 563.04987457
6978 0.70220912 0.29688906 0.78334263 562.71639380
6979 0.70253070 0.30650495 0.77942244 562.57951127
6980 0.70172438 0.29688001 0.79210086 563.32575324
6981 0.70052960 0.27988759 0.77058834 564.09957155
6982 0.69720862 0.29963054 0.75564038 564.54881385
6983 0.70167789 0.26985221 0.73596408 562.50187683
6984 0.70412777 0.26699393 0.74499559 563.53939750
6985 0.70196535 0.29284165 0.73460930 563.18945893
6986 0.69837114 0.31037084 0.75110256 562.90478480
6987 0.69932439 0.29207375 0.78519055 565.50515011
6988 0.70400820 0.32331417 0.77825161 564.98342171
6989 0.70104541 0.31418538 0.79127204 562.70351889
6990 0.70315703 0.32091476 0.77783193 563.81052382
6991 0.70009390 0.35759012 0.79888663 564.28565241
6992 0.70208358 0.36812064 0.82506657 564.81336432
6993 0.69846552 0.39055696 0.82883943 566.39355348
6994 0.69884034 0.40847783 0.85553571 567.36400710
6995 0.70063300 0.39403873 0.87106857 565.50532247
6996 0.70521943 0.38368303 0.86500777 566.71597005
6997 0.69959215 0.37600914 0.86184568 565.57904623
6998 0.70238515 0.37628687 0.85680164 564.37569939
6999 0.70263425 0.38745797 0.85377139 565.68001621
7000 0.70445436 0.35472743 0.87984040 564.19814057
7001 0.70781590 0.36801346 0.89219822 566.20158536
7002 0.70204731 0.36662485 0.88692712 565.38234090
7003 0.70233131 0.35268043 0.87425329 564.98513867
7004 0.70176193 0.36223807 0.87173092 564.69937488
7005 0.70067640 0.36683979 0.88506728 566.73587307
7006 0.70051898 0.36411779 0.88346907 567.03039579
7007 0.70481182 0.36693972 0.86188274 564.62528034
7008 0.70299057 0.36931583 0.87676234 564.19445661
7009 0.70533428 0.38761524 0.90979531 565.17940814
7010 0.70198741 0.40741938 0.89930647 565.99979161
7011 0.70213995 0.41939410 0.91285377 566.77323330
7012 0.70043149 0.42766571 0.92531786 568.30260684
7013 0.70623596 0.41107863 0.91829892 567.55317225
7014 0.70754197 0.41536045 0.92286138 569.48283875
7015 0.70492641 0.39466539 0.88369550 566.44046595
7016 0.70344706 0.39505598 0.88947180 565.30642131
7017 0.70116692 0.36826508 0.88820731 566.31884635
7018 0.70241887 0.37863306 0.87538612 564.43238440
7019 0.70836300 0.33364167 0.87101067 565.81211175
7020 0.70516003 0.34196356 0.87876366 564.56571749
7021 0.70286590 0.34385354 0.85727125 563.92429859
7022 0.70274939 0.35727730 0.82495514 564.10107630
7023 0.70175654 0.34607054 0.80550148 563.52897029
7024 0.70414677 0.34158325 0.80148491 565.31381119
7025 0.70289849 0.34773278 0.80531720 564.41662859
7026 0.69812854 0.34741206 0.81994687 565.37450556
7027 0.70152107 0.35124236 0.82587452 563.35398109
7028 0.70244949 0.36033251 0.84120636 563.69114903
7029 0.70032625 0.35402160 0.78219097 564.99493629
7030 0.69670953 0.35878700 0.82122166 566.95404296
7031 0.69363926 0.38080061 0.80897003 570.77294169
7032 0.69770023 0.38787385 0.79778256 567.60820887
7033 0.69962475 0.34730968 0.84465312 565.57674558
7034 0.70483752 0.33899546 0.85955310 563.81450493
7035 0.70594373 0.33592370 0.81771292 565.60549236
7036 0.70210711 0.34964713 0.83696843 563.32776918
7037 0.70211680 0.37741101 0.84143899 564.93579186
7038 0.69458616 0.39535395 0.82868231 570.34083693
7039 0.69507778 0.40061014 0.82290446 569.67300258
7040 0.69702801 0.37997599 0.81769092 566.50439187
7041 0.69493726 0.36628217 0.80125133 568.15573616
7042 0.70322611 0.35404646 0.76359720 571.33007933
7043 0.69762283 0.34498763 0.78546660 564.34846314
7044 0.70030839 0.34124396 0.80562758 563.19277032
7045 0.70407574 0.32394714 0.84446297 563.81674688
7046 0.70498537 0.30775488 0.84883298 565.29219346
7047 0.71049695 0.32060135 0.83796334 570.23573849
7048 0.70468764 0.30486607 0.86174624 567.45010090
7049 0.70724953 0.28454147 0.84082623 567.05365728
7050 0.70509898 0.31377999 0.82622325 563.59846149
7051 0.70285001 0.32400049 0.79122932 563.11233871
7052 0.70323834 0.32579643 0.77343187 564.76578031
7053 0.69914907 0.35705815 0.77346464 565.44729306
7054 0.69832155 0.35024229 0.77734030 564.38609432
7055 0.70162355 0.34459135 0.78714002 564.33582675
7056 0.70290202 0.35084364 0.81690945 564.01754730
7057 0.70374648 0.32755915 0.83754909 563.37230392
7058 0.70498759 0.30070117 0.81267121 563.65637302
7059 0.70062221 0.29876740 0.77330426 562.71875848
7060 0.70023907 0.28025572 0.76812666 564.09465984
7061 0.69949121 0.27823810 0.80014283 570.18866190
7062 0.70778016 0.26629776 0.81108918 567.17152354
7063 0.70377773 0.30226407 0.79231828 562.93122024
7064 0.70248845 0.30165173 0.76526196 562.68952170
7065 0.69850313 0.28839420 0.75290081 563.72282340
7066 0.69937899 0.29521855 0.76899949 563.52938348
7067 0.70119421 0.28000989 0.75687133 562.73456794
7068 0.70271065 0.23657385 0.75945240 567.81392540
7069 0.70459001 0.21360276 0.71119607 566.26127792
7070 0.70433162 0.22391682 0.71467949 565.27913301
7071 0.70336129 0.20540155 0.72321381 568.91200001
7072 0.70698542 0.23605153 0.71647793 567.66451425
7073 0.70190976 0.22383836 0.67956375 563.59400342
7074 0.70493058 0.23552042 0.70962841 565.16013774
7075 0.70001223 0.24183244 0.72795334 565.38659387
7076 0.70039459 0.23668750 0.69018009 562.95114171
7077 0.70048017 0.23147678 0.69112074 563.34805934
7078 0.70115855 0.19259183 0.65753417 565.40407481
7079 0.70144797 0.18682605 0.62285251 564.94230395
7080 0.69816412 0.19987490 0.63061318 564.02501435
7081 0.69063929 0.23792695 0.63562241 571.19527346
7082 0.69845374 0.23487161 0.61464062 564.29586358
7083 0.70061464 0.22110360 0.60016459 567.08664982
7084 0.69282296 0.22602826 0.58179777 564.95691843
7085 0.69249909 0.22741224 0.56277712 565.54442342
7086 0.69212870 0.21715968 0.58286549 565.86151328
7087 0.69373504 0.22052985 0.57811300 564.40489125
7088 0.69596497 0.20807748 0.57579371 563.87995950
7089 0.69471548 0.19956800 0.57479926 564.08998912
7090 0.69244840 0.21417396 0.56570220 565.25325214
7091 0.69153495 0.21490415 0.54044417 566.21756466
7092 0.69532023 0.19147839 0.55347789 564.24438708
7093 0.69910861 0.19669794 0.54803582 568.39493285
7094 0.69433669 0.22067016 0.55497537 565.47441773
7095 0.69873471 0.19302367 0.57190812 564.97895623
7096 0.69578823 0.19648277 0.53748801 565.59427888
7097 0.69527370 0.18390288 0.56529664 564.29556473
7098 0.69755699 0.16904338 0.54974153 564.76028965
7099 0.70113749 0.12156384 0.55494141 569.20659733
7100 0.70122958 0.13102207 0.57394501 568.78911688
7101 0.70035786 0.13695010 0.56755729 567.56392865
7102 0.70077853 0.14228006 0.56826585 567.22737232
7103 0.69489780 0.14021821 0.55306201 568.99917559
7104 0.70137238 0.13822144 0.57057794 567.93956433
7105 0.69990553 0.15096732 0.54357442 566.70343238
7106 0.69928332 0.15998232 0.54604972 566.03891488
7107 0.69975606 0.13176871 0.53087180 567.42282798
7108 0.69308281 0.14677675 0.51121530 566.67116387
7109 0.69330364 0.15913937 0.46857076 567.13489557
7110 0.68835341 0.18042246 0.44450753 570.39018129
7111 0.69039451 0.15997903 0.43881439 568.83420716
7112 0.69053192 0.15816652 0.46510181 567.48517608
7113 0.68995642 0.14258556 0.44681987 568.19834774
7114 0.68851919 0.15843932 0.46106630 569.34171230
7115 0.69460442 0.18189410 0.48097806 569.20604746
7116 0.69139564 0.15883913 0.47959150 566.75918857
7117 0.69000632 0.17651098 0.48270572 567.65348250
7118 0.69074331 0.18455834 0.49206574 567.13386450
7119 0.69104170 0.18515511 0.46319641 569.10781543
7120 0.68638040 0.18057096 0.46092474 571.92339429
7121 0.68645701 0.17619411 0.44999811 571.76613910
7122 0.69335227 0.17461531 0.47209713 568.19263619
7123 0.69287142 0.16948465 0.50829097 565.61170875
7124 0.69469705 0.16965896 0.51778741 565.10092873
7125 0.69541663 0.16848946 0.50090902 566.34553132
7126 0.69434705 0.15463606 0.49771396 565.63602384
7127 0.69394650 0.16103543 0.50533776 565.43923796
7128 0.69433114 0.17134290 0.51336409 565.26332525
7129 0.69806176 0.14077503 0.52511865 566.14603708
7130 0.69738077 0.13043558 0.51723630 566.49851092
7131 0.69732375 0.15547857 0.50380136 566.94987968
7132 0.69647911 0.11089503 0.51244894 568.64772497
7133 0.69724594 0.11411241 0.54063092 570.13343130
7134 0.69663626 0.12189665 0.49427790 566.85217973
7135 0.69248273 0.12489819 0.50417024 569.77989729
7136 0.69207325 0.12496871 0.50233069 570.21790859
7137 0.69397041 0.13301982 0.48258970 566.37865999
7138 0.69372949 0.11832441 0.45105831 567.21600941
7139 0.69142035 0.10837257 0.43896190 568.62734717
7140 0.69460350 0.11257300 0.41716521 569.52836844
7141 0.69177666 0.13785613 0.43328143 568.03073551
7142 0.69419864 0.11781416 0.44965517 567.31398731
7143 0.68918512 0.14022488 0.45851149 569.34208430
7144 0.69117259 0.16026466 0.46208330 567.37117973
7145 0.69853682 0.17367872 0.48942310 573.24564320
7146 0.69301680 0.17993825 0.50067378 566.08355658
7147 0.69273035 0.17868535 0.49728988 566.19878033
7148 0.69227538 0.19414341 0.51255345 566.17979163
7149 0.69200157 0.19144777 0.52908848 565.75009880
7150 0.69261199 0.18421967 0.51690888 565.59263846
7151 0.68956622 0.18280157 0.51883549 568.58810007
7152 0.69763903 0.17103851 0.49105797 570.66602384
7153 0.69970325 0.15893709 0.49887039 571.71907178
7154 0.69755149 0.17703907 0.52317203 566.96440056
7155 0.69546550 0.21219116 0.53906563 566.80601677
7156 0.69089556 0.18776102 0.53461481 567.06870918
7157 0.69369346 0.19398592 0.53570922 564.96595901
7158 0.69923926 0.20506569 0.56936484 566.85249803
7159 0.69793985 0.21089677 0.54597092 568.86359853
7160 0.69373948 0.17698153 0.55677488 565.57991121
7161 0.69768915 0.19108671 0.54862544 565.77707792
7162 0.70013112 0.18690879 0.56273097 567.08616970
7163 0.70048106 0.18054802 0.56643386 566.73227355
7164 0.69746494 0.16001795 0.59853447 567.45388455
7165 0.69570170 0.16062770 0.59036802 568.51323698
7166 0.69830508 0.17768228 0.59356619 564.41816137
7167 0.69284496 0.19770027 0.59120254 567.04906761
7168 0.69223738 0.19701585 0.60376403 569.75602966
7169 0.69273159 0.19707497 0.60465067 568.82691405
7170 0.70006105 0.18161873 0.59437539 564.68947193
7171 0.69959921 0.16831012 0.57539303 565.12939349
7172 0.69661689 0.16516177 0.59082950 566.63873986
7173 0.69746183 0.17226053 0.57800855 564.54639936
7174 0.69982198 0.18993281 0.56934892 566.21803183
7175 0.70194227 0.17972658 0.59161041 566.65628534
7176 0.69654351 0.18634426 0.55981769 564.14828636
7177 0.69500719 0.17323610 0.54732181 564.64577035
7178 0.69873947 0.16006882 0.54566935 565.60661271
7179 0.69966148 0.15166318 0.56836350 566.01931918
7180 0.69655017 0.16105076 0.56494218 565.36634582
7181 0.69492652 0.17636440 0.56495868 564.98232717
7182 0.69802996 0.18223356 0.57603541 564.13859717
7183 0.69874039 0.16337993 0.57016136 565.02473478
7184 0.69911849 0.14804314 0.56390541 566.09909101
7185 0.70101193 0.18208872 0.58173257 566.23706219
7186 0.69434696 0.20764875 0.56855510 564.18968077
7187 0.69194470 0.19384579 0.55913034 566.43048085
7188 0.69612088 0.17891417 0.60205066 566.11647920
7189 0.69771901 0.15138802 0.59226437 568.11942023
7190 0.69905016 0.16997680 0.61357677 566.05763513
7191 0.70428925 0.16064533 0.61394956 568.87089303
7192 0.70396029 0.15270826 0.62581705 569.44069817
7193 0.70606671 0.15589237 0.64451993 571.40650562
7194 0.70160486 0.18666244 0.66411077 566.65430828
7195 0.70444971 0.19870651 0.67967939 566.52193996
7196 0.70093501 0.20110446 0.67198390 565.37726271
7197 0.70168040 0.21345753 0.66082688 563.85663862
7198 0.70001294 0.22485335 0.65927740 562.94663728
7199 0.70213518 0.25564445 0.64998805 567.86870783
7200 0.69947865 0.28108152 0.64626543 568.22901721
7201 0.69019681 0.29724020 0.62947633 569.34391167
7202 0.69598868 0.30115343 0.65577021 566.58001081
7203 0.69750543 0.25559322 0.69844268 563.54155536
7204 0.69689707 0.25721241 0.71138806 565.20265555
7205 0.70238017 0.26664547 0.69719722 564.18202150
7206 0.70357793 0.28593078 0.71758870 565.93886760
7207 0.69756026 0.30432372 0.72247369 563.06870743
7208 0.69947744 0.29207420 0.75268412 562.70924618
7209 0.70294903 0.28444340 0.76134765 562.70143693
7210 0.70051868 0.32342608 0.77269548 562.79310722
7211 0.70144408 0.33057904 0.77839788 563.36509492
7212 0.69709435 0.34000778 0.77844882 564.53705356
7213 0.69693465 0.31000803 0.75193986 564.04440327
7214 0.69962439 0.32298856 0.73695392 564.21928610
7215 0.69704725 0.33223461 0.75814976 564.10503170
7216 0.69681096 0.37289106 0.77851439 566.81359951
7217 0.69673993 0.36009575 0.77306265 565.73851661
7218 0.69599848 0.33746988 0.73597763 565.24300776
7219 0.69412649 0.35066448 0.73241413 567.46027631
7220 0.69372389 0.33798313 0.73775401 567.10704431
7221 0.69981578 0.33931797 0.73984646 566.45718771
7222 0.69884523 0.33136426 0.73210811 565.20990137
7223 0.69833712 0.31475063 0.72682294 563.52157762
7224 0.70204935 0.29974117 0.75548824 562.68145217
7225 0.70446474 0.27103754 0.73723182 564.19693334
7226 0.70203243 0.28927333 0.71507956 564.42120317
7227 0.70124135 0.27331871 0.76046412 563.43332090
7228 0.70542164 0.28426292 0.78751041 563.96301222
7229 0.70842989 0.26008157 0.79679666 567.55568231
7230 0.70656502 0.27785293 0.78594865 564.96573226
7231 0.69862109 0.27437463 0.77006356 567.38726759
7232 0.70755256 0.27959651 0.77861713 566.40230955
7233 0.70109687 0.25949325 0.77259497 566.86310665
7234 0.70136798 0.28909132 0.75207424 562.31310564
7235 0.70487878 0.29861086 0.76916052 564.40446043
7236 0.70351917 0.30680504 0.79342258 562.83771343
7237 0.70122396 0.28182485 0.79402492 565.71610528
7238 0.70390437 0.31184938 0.79462267 563.09015350
7239 0.70693218 0.31658877 0.81521630 565.41567938
7240 0.70309399 0.33230150 0.82657685 563.02104126
7241 0.70227827 0.32684031 0.81178375 562.80097880
7242 0.70743613 0.31932441 0.82854461 565.52906311
7243 0.70526293 0.32843211 0.83646408 563.67408311
7244 0.69875959 0.32457830 0.80987199 565.26316831
7245 0.70134291 0.35954941 0.80165916 564.88895358
7246 0.70457901 0.37268875 0.85356210 565.46070756
7247 0.70166028 0.40705789 0.87945733 566.30358873
7248 0.70303904 0.40087544 0.92118663 565.92568039
7249 0.70252909 0.42237558 0.91857881 566.93032069
7250 0.69977044 0.43414419 0.91089636 568.75901871
7251 0.70095239 0.43165822 0.91028315 568.05742046
7252 0.69981131 0.41425941 0.88564701 567.15782135
7253 0.70294805 0.41764539 0.88772849 567.77164142
7254 0.70383841 0.37342016 0.92486613 566.89067237
7255 0.69962536 0.40517496 0.89487525 567.21978852
7256 0.70031100 0.41694235 0.90274254 567.25322610
7257 0.70352122 0.42623721 0.89545117 569.03013905
7258 0.70123328 0.41639622 0.92928324 567.64080678
7259 0.70581458 0.42389730 0.93845364 567.65535811
7260 0.69942320 0.41439078 0.91778259 568.94567276
7261 0.70085432 0.40421300 0.92297322 567.85802528
7262 0.70530767 0.38867126 0.96527977 568.75429517
7263 0.70432615 0.38159110 0.95289664 569.02721937
7264 0.70607790 0.40125558 0.95819836 566.75013282
7265 0.70468655 0.36963880 0.94072106 568.46841854
7266 0.70328005 0.37598337 0.91779292 566.44148165
7267 0.70475153 0.36499743 0.92829807 567.34002339
7268 0.70553149 0.37189005 0.92877916 566.18414393
7269 0.70535715 0.39089411 0.93616045 565.90343228
7270 0.70368047 0.38428493 0.92797732 566.46991151
7271 0.70694587 0.36823444 0.93449124 566.43142367
7272 0.69935057 0.40406553 0.90067653 567.91574622
7273 0.70431206 0.40730985 0.90068749 566.49411292
7274 0.70715555 0.38898597 0.89802567 567.18815311
7275 0.70585157 0.38877718 0.88032797 566.90804477
7276 0.69998717 0.37348628 0.84054931 564.58823389
7277 0.70479915 0.36551099 0.83113495 566.69168966
7278 0.69788042 0.35274283 0.84365015 567.67114047
7279 0.70496499 0.33780754 0.88003426 565.00725642
7280 0.70407823 0.36044321 0.89040557 564.64919736
7281 0.70464502 0.38239760 0.87443455 565.33587474
7282 0.70544730 0.39184219 0.89544044 565.88765354
7283 0.71056716 0.36988570 0.89423424 570.75300792
7284 0.71301620 0.33892658 0.91154148 571.40621725
7285 0.70821783 0.35073067 0.94048670 568.39365285
7286 0.71018486 0.32500868 0.92754617 570.24201285
7287 0.71077914 0.31291701 0.90441659 569.77928190
7288 0.70965949 0.36896493 0.91641089 567.50002029
7289 0.70598226 0.39596915 0.92440753 565.76619150
7290 0.70590405 0.40692803 0.94899573 566.39063945
7291 0.70556890 0.41456235 0.96174039 566.94048231
7292 0.70177420 0.43027330 0.96501261 569.59501294
7293 0.70576278 0.39681015 0.98031091 569.36125570
7294 0.71040717 0.38988772 0.98720370 569.12236797
7295 0.70730850 0.41919959 0.99500041 568.37814145
7296 0.70873935 0.41351324 0.97803930 567.99626463
7297 0.70700910 0.42159260 0.93987524 568.36501556
7298 0.70705174 0.42001479 0.94878413 567.75655365
7299 0.70572578 0.39488054 0.92820043 565.65982727
7300 0.70206388 0.37448935 0.92337859 568.82265940
7301 0.70083353 0.37759116 0.90681974 568.07641743
7302 0.70118961 0.39317492 0.91269549 567.03960621
7303 0.70368977 0.39904671 0.91235329 565.45850644
7304 0.70240912 0.39799228 0.89072802 565.38030033
7305 0.70415580 0.39508841 0.93305212 566.06885590
7306 0.70075594 0.40355108 0.91486579 567.32029514
7307 0.70495376 0.40014786 0.90178418 566.08133702
7308 0.70071696 0.39270344 0.86990038 565.39937601
7309 0.70070230 0.40201451 0.87565041 565.98014019
7310 0.69775364 0.39854557 0.87899809 568.60474782
7311 0.70042242 0.40762533 0.85797840 567.08680587
7312 0.69941979 0.42205269 0.86606179 568.49449261
7313 0.70492233 0.39606227 0.89966819 565.74807251
7314 0.70426443 0.36369302 0.89923177 564.99010068
7315 0.71218146 0.37090327 0.89564060 574.64622897
7316 0.70466992 0.32178668 0.86554352 565.43492306
7317 0.70567691 0.31374737 0.84930006 564.60501420
7318 0.70597316 0.30972549 0.84570626 564.70603367
7319 0.70130907 0.34597590 0.83100568 563.37922953
7320 0.70204374 0.32235249 0.81904708 563.18653056
7321 0.70254843 0.33011905 0.85048417 564.55696549
7322 0.70368089 0.33556009 0.81970679 563.30023512
7323 0.70666309 0.33670513 0.81560455 567.03011299
7324 0.69665716 0.37330669 0.80402912 566.35645411
7325 0.69406300 0.37202163 0.79177915 569.06246731
7326 0.69984872 0.35390477 0.80791457 563.76236315
7327 0.69674039 0.34345397 0.81800448 567.63137806
7328 0.69522617 0.37383800 0.80817132 568.08657121
7329 0.69841384 0.34582556 0.75136531 565.33341450
7330 0.69939077 0.34275624 0.75896594 564.80289927
7331 0.69920452 0.33569465 0.75724310 564.04054377
7332 0.70408328 0.31126754 0.76822261 564.60791396
7333 0.69830439 0.32136562 0.77003263 563.33886733
7334 0.70493679 0.32552626 0.78435437 565.98947350
7335 0.70754868 0.29562092 0.78940815 566.59118930
7336 0.70280583 0.31001611 0.77466626 562.92992649
7337 0.70464888 0.27955622 0.78261556 563.68416450
7338 0.70261265 0.28435227 0.77176052 562.83516102
7339 0.70204460 0.29181746 0.78663011 563.21070880
7340 0.70027180 0.31239506 0.81725395 565.37898344
7341 0.70076497 0.31982071 0.82467281 564.75356213
7342 0.69831860 0.31237881 0.82183432 569.38214370
7343 0.69965697 0.30230764 0.83055409 570.23222133
7344 0.70872410 0.28582536 0.82288947 566.83023744
7345 0.70883552 0.26807031 0.81279809 567.77198173
7346 0.70878163 0.27925974 0.80958782 567.09676678
7347 0.70755568 0.28979509 0.80055578 565.75283653
7348 0.70661061 0.32854472 0.81795266 565.76866538
7349 0.70486466 0.33369737 0.80869661 564.68736409
7350 0.70658137 0.35904489 0.85214745 566.31807628
7351 0.70342273 0.35119756 0.83251413 563.68646227
7352 0.70341369 0.38509979 0.84645552 566.55205797
7353 0.70408801 0.36985087 0.82197099 567.42524808
7354 0.70530434 0.34095467 0.82009403 565.11928924
7355 0.70540630 0.34487013 0.80453634 567.35902197
7356 0.70014093 0.36094477 0.79299854 564.99529744
7357 0.70515538 0.33340214 0.79562273 566.21822969
7358 0.70295678 0.33519421 0.79198813 564.05482584
7359 0.70013106 0.33504758 0.79108033 563.02843426
7360 0.70154512 0.33697888 0.76041344 565.64027205
7361 0.69831637 0.32476134 0.74055019 563.70743963
7362 0.70164052 0.31161973 0.74576208 563.80863399
7363 0.70137333 0.32080728 0.75068365 564.19260072
7364 0.70104668 0.31053651 0.78232968 562.53214122
7365 0.70129865 0.34165749 0.78161319 564.16357614
7366 0.70059170 0.32442579 0.78192569 562.70093330
7367 0.70233356 0.31079312 0.77643604 562.66991264
7368 0.70401333 0.30264526 0.78702756 563.07806372
7369 0.70526344 0.31678896 0.80313561 564.10918964
7370 0.70770580 0.28956019 0.80917221 565.73079794
7371 0.70616521 0.29289674 0.79448061 564.44093620
7372 0.70032943 0.32558721 0.80923571 563.49140106
7373 0.69953285 0.32291009 0.80147375 563.80347816
7374 0.70468110 0.31645123 0.78743092 564.36519163
7375 0.69660740 0.34362354 0.77346042 564.90872468
7376 0.69910946 0.34343855 0.76364939 564.44646521
7377 0.69984779 0.33579717 0.79380759 563.11604453
7378 0.69875877 0.36012345 0.81395607 564.43731219
7379 0.69759836 0.35688663 0.78487031 564.89347534
7380 0.69643590 0.35538081 0.79231807 565.75206381
7381 0.70315977 0.35706126 0.80203172 566.25791534
7382 0.69752552 0.35909333 0.78336534 565.10679898
7383 0.69700754 0.36052025 0.78001170 565.49208625
7384 0.70147330 0.35281699 0.78493465 565.47512326
7385 0.70484591 0.33892247 0.79900095 566.16585234
7386 0.70043061 0.31527861 0.81973092 565.11449058
7387 0.70211450 0.33927719 0.84178186 563.61442973
7388 0.70390824 0.35349329 0.85873382 563.64546640
7389 0.70434800 0.35016256 0.87121521 563.97050611
7390 0.71099169 0.35405430 0.89008515 569.99974756
7391 0.70552782 0.35937556 0.91295794 565.76667783
7392 0.70835901 0.36604857 0.92491434 566.24800391
7393 0.70955077 0.36974352 0.93829670 567.23788937
7394 0.70529696 0.38010844 0.93823696 566.55742137
7395 0.70991754 0.37071743 0.92651824 567.61533548
7396 0.70556378 0.37208809 0.91117422 565.04565147
7397 0.70289103 0.38265970 0.92290989 566.82412525
7398 0.70710863 0.39286812 0.92624057 566.19686841
7399 0.70327441 0.37809120 0.90551705 565.30100048
7400 0.70470143 0.36971025 0.91296655 565.44909275
7401 0.70329158 0.36868991 0.88497204 564.41114243
7402 0.70132239 0.36695370 0.86305313 564.39213738
7403 0.70026755 0.34967934 0.83717880 564.19431086
7404 0.70459013 0.34703699 0.83114514 564.23973918
7405 0.70493460 0.35048173 0.82681035 565.21524474
7406 0.69891781 0.34794173 0.80006723 563.83620667
7407 0.70362128 0.36119915 0.81833115 565.80403541
7408 0.70059250 0.33215940 0.81297176 563.27091922
7409 0.70237332 0.33593518 0.80490740 563.11853922
7410 0.70349178 0.29964174 0.80322815 563.21881269
7411 0.70536737 0.29288100 0.80319972 563.86786169
7412 0.70043938 0.32116448 0.82285142 564.79433041
7413 0.70524535 0.34255536 0.80796196 566.34497675
7414 0.70480238 0.33039164 0.78309373 566.61688258
7415 0.70605049 0.32941297 0.78985674 567.86097147
7416 0.70359271 0.31561821 0.79818301 562.96076848
7417 0.70482377 0.32145882 0.82293049 563.42072789
7418 0.70197866 0.32768759 0.82978954 563.54831003
7419 0.70311031 0.32299639 0.82317948 563.06271431
7420 0.70318062 0.33412689 0.82976393 563.07269694
7421 0.70137549 0.36613820 0.84417784 563.92609019
7422 0.70277806 0.36036426 0.83809965 563.84914633
7423 0.70408715 0.36514851 0.85275790 564.35755275
7424 0.70445208 0.35585815 0.87339607 563.96138535
7425 0.70188965 0.34112425 0.84992462 564.17108663
7426 0.69804998 0.35362706 0.83702600 566.58828971
7427 0.69782997 0.34879791 0.84128459 567.88072222
7428 0.70955779 0.36196526 0.84254762 574.34295577
7429 0.70962567 0.35392829 0.84948332 571.70298745
7430 0.70628222 0.32825684 0.85263830 564.26170479
7431 0.70286101 0.32437353 0.83606392 563.69353407
7432 0.70349134 0.32525097 0.82343212 563.02942519
7433 0.69924852 0.32138192 0.82751256 567.00305000
7434 0.70518741 0.33422817 0.82077289 564.32494135
7435 0.70237716 0.34136009 0.82321962 563.07207691
7436 0.70021735 0.37840084 0.82722714 565.12439799
7437 0.69676478 0.39337997 0.82479515 567.56792805
7438 0.70130980 0.38857817 0.82725999 566.94417794
7439 0.69965953 0.40357742 0.83386131 567.83988173
7440 0.70593549 0.38474003 0.87274061 567.09308370
7441 0.70457176 0.38326836 0.86322191 566.08039545
7442 0.69843436 0.38475530 0.86373940 566.84350676
7443 0.70420469 0.38597770 0.86853294 565.71616004
7444 0.70418990 0.39476212 0.87419522 566.44260786
7445 0.69929535 0.38950766 0.86549615 566.03415936
7446 0.69610217 0.38903887 0.83242299 568.17571891
7447 0.70327476 0.34752018 0.84087299 563.33889605
7448 0.70490455 0.33942842 0.84106802 563.69086919
7449 0.69737650 0.35609074 0.83262468 567.05425674
7450 0.69869849 0.36660429 0.83985138 565.40118433
7451 0.69926040 0.35944270 0.81051862 564.17282146
7452 0.70161041 0.31808340 0.81010776 563.12111630
7453 0.70155450 0.33023591 0.80262576 562.77682484
7454 0.70200682 0.32462852 0.80216989 562.69489567
7455 0.69860851 0.30664536 0.78699002 564.92379206
7456 0.69909308 0.28872970 0.78086130 565.77276245
7457 0.70408249 0.29083161 0.80144566 563.65000381
7458 0.70804115 0.25666839 0.79961778 567.70775374
7459 0.69884513 0.30915132 0.78959988 564.62617482
7460 0.69776827 0.33006904 0.77399044 563.81240047
7461 0.70442194 0.30889762 0.77511464 564.26783356
7462 0.70085917 0.29384110 0.74759304 562.28933735
7463 0.69844085 0.30687254 0.75114670 562.87429271
7464 0.70208820 0.28020449 0.75040808 562.48744440
7465 0.70018890 0.30602380 0.75894164 562.40324355
7466 0.70210642 0.34469418 0.76185456 567.54126766
7467 0.69391755 0.35887161 0.76243637 568.01650454
7468 0.69726784 0.36360094 0.74143024 568.53045152
7469 0.69308067 0.35962246 0.72881486 569.19675392
7470 0.69739002 0.37177324 0.74093972 570.33512745
7471 0.69881704 0.36587736 0.74511197 569.90931193
7472 0.70001048 0.35096105 0.73462707 569.74687743
7473 0.69299729 0.35151145 0.74425953 568.60145052
7474 0.70227366 0.34802045 0.75463164 569.59602173
7475 0.69845272 0.36028594 0.73253841 570.08872063
7476 0.69805381 0.32714449 0.69590059 567.93034288
7477 0.69554270 0.35419833 0.73011716 567.51134893
7478 0.69728708 0.34477193 0.74246900 565.52905658
7479 0.70105695 0.31360048 0.74144740 563.84970110
7480 0.69830059 0.24980685 0.69812632 563.32106726
7481 0.69510388 0.26559375 0.66966801 563.86638669
7482 0.69703105 0.27167813 0.66772980 563.03630534
7483 0.69366980 0.26125584 0.67102781 565.99837520
7484 0.69858868 0.26574048 0.65647235 563.78318542
7485 0.69522661 0.26430432 0.66717440 563.71660437
7486 0.70075082 0.22553900 0.65857299 563.16865863
7487 0.69714146 0.24403050 0.64094278 562.83584426
7488 0.69470242 0.23616745 0.61692839 563.73475882
7489 0.69644466 0.22904511 0.58726993 564.60217673
7490 0.69970254 0.21819388 0.58137783 567.70393151
7491 0.69130258 0.21290990 0.60062552 568.91722283
7492 0.70356815 0.18933409 0.60505289 568.57595327
7493 0.70732573 0.18353696 0.63165840 573.42818513
7494 0.70349115 0.20586967 0.60729382 569.74448809
7495 0.69486547 0.24236442 0.62138633 563.65443238
7496 0.69462811 0.26879048 0.60550866 566.42857994
7497 0.69618239 0.24879120 0.58574229 566.91653770
7498 0.69442344 0.24978436 0.59768486 564.94563720
7499 0.69377918 0.22611754 0.58328339 564.39643879
7500 0.69412822 0.21007340 0.59141121 564.40590683
7501 0.70076441 0.20175509 0.60440176 565.14798002
7502 0.70076371 0.21972685 0.60850669 566.15513924
7503 0.69890999 0.20999878 0.60693385 563.69538838
7504 0.69668251 0.21390255 0.61533904 563.24807400
7505 0.70003673 0.23630079 0.64321805 563.60361841
7506 0.69362057 0.24497792 0.62001630 564.47632375
7507 0.69507093 0.23090358 0.64753745 564.85938176
7508 0.70115662 0.22966076 0.66394636 563.25763013
7509 0.69706525 0.24778411 0.62738693 563.53698557
7510 0.69299676 0.25473211 0.63341100 565.23610765
7511 0.69521292 0.26374846 0.65908671 563.58811226
7512 0.69308582 0.24028898 0.65433893 567.66048123
7513 0.70057818 0.24730472 0.65736807 563.82419291
7514 0.69980899 0.23481948 0.70318467 564.10584217
7515 0.70297642 0.23050352 0.69136139 563.89691557
7516 0.69974188 0.27588196 0.70173013 562.50077677
7517 0.70331324 0.26342410 0.72517343 563.35757167
7518 0.70185855 0.26396980 0.73194899 562.64146537
7519 0.69387491 0.28990203 0.71509484 567.04779633
7520 0.69717232 0.28443608 0.73145710 563.90422578
7521 0.70284999 0.26697780 0.74988052 563.02436277
7522 0.70207756 0.28804352 0.75357145 562.44284529
7523 0.70121652 0.28121891 0.73776946 562.30074925
7524 0.69697723 0.27675101 0.69223033 562.84376595
7525 0.69829056 0.28750248 0.69251719 563.11130958
7526 0.69771512 0.28024888 0.69055602 562.72680223
7527 0.69679625 0.27939359 0.70645328 563.22034960
7528 0.69865629 0.26915231 0.68795852 562.43886619
7529 0.70081922 0.23901149 0.69388779 562.89425097
7530 0.69899770 0.27716087 0.72771991 562.61096522
7531 0.69894907 0.24482168 0.72921472 566.33546301
7532 0.70120612 0.24612852 0.71879661 563.30577342
7533 0.69959406 0.28287780 0.72150371 562.26141016
7534 0.69993651 0.29534295 0.73832684 562.32767293
7535 0.69788897 0.27797299 0.72462563 563.19270235
7536 0.70133627 0.24711365 0.72113945 563.31100165
7537 0.70440676 0.25452860 0.71064998 564.90805105
7538 0.69789839 0.26595972 0.70604337 562.93455490
7539 0.70061688 0.27567433 0.72085803 562.28390352
7540 0.70020541 0.29753606 0.75554782 562.36411491
7541 0.70157104 0.29577011 0.74002632 562.81775881
7542 0.69812319 0.29441498 0.78488078 567.02013340
7543 0.70152354 0.29161274 0.80165598 564.87678389
7544 0.70674316 0.29011776 0.82536752 565.29359041
7545 0.70835347 0.30024301 0.80296286 567.27335353
7546 0.70292774 0.31680073 0.80938668 562.83204171
7547 0.70394400 0.29541259 0.83218553 565.75830591
7548 0.70861661 0.33219223 0.86176854 566.25691786
7549 0.70312442 0.35765849 0.85761221 563.65282014
7550 0.70250353 0.34957922 0.86705522 564.48027513
7551 0.70667148 0.32547965 0.85143724 564.48966277
7552 0.70400975 0.34146053 0.84526392 563.39198323
7553 0.70284972 0.34307555 0.83876619 563.23473693
7554 0.70563377 0.34451830 0.85897609 564.05091442
7555 0.69921395 0.38199553 0.85817413 565.72572397
7556 0.70626091 0.38285534 0.89771379 565.63090749
7557 0.70209621 0.38921594 0.89995509 565.46083651
7558 0.70846079 0.36024863 0.87569854 567.35992154
7559 0.70757932 0.31801513 0.86685563 565.59307608
7560 0.70674187 0.32524857 0.86629052 564.89437696
7561 0.70697833 0.35406898 0.90304110 565.28716843
7562 0.70547570 0.39861590 0.89209772 566.91763710
7563 0.70208933 0.38930109 0.90019774 565.47658049
7564 0.69972263 0.40626755 0.87873891 566.65818491
7565 0.70427751 0.40171489 0.87340631 567.64774873
7566 0.70185718 0.39155301 0.87782811 565.08497541
7567 0.70747683 0.38445832 0.89689116 567.13308553
7568 0.70702478 0.39506141 0.91537197 566.66505523
7569 0.70759381 0.35822799 0.93305792 566.97686331
7570 0.70851066 0.35559514 0.91055251 566.12588224
7571 0.70283803 0.37400250 0.89195519 564.84990755
7572 0.70620418 0.37227606 0.92295224 565.56857643
7573 0.70317984 0.40840603 0.93623202 566.59259019
7574 0.70171955 0.39882664 0.93955863 568.83263016
7575 0.70360712 0.43814573 0.93651385 568.24872278
7576 0.69946233 0.46026985 0.91635454 571.66422902
7577 0.69802297 0.47495926 0.92450021 574.05845860
7578 0.70310871 0.46774103 0.93546617 572.93510223
7579 0.69920565 0.46200096 0.89297781 573.38248688
7580 0.69753116 0.41801091 0.89480389 569.88191601
7581 0.70004344 0.40865867 0.87336827 566.69676762
7582 0.70139193 0.42451357 0.88075068 568.43367971
7583 0.70032886 0.40486593 0.85465086 566.88741423
7584 0.69716989 0.38840584 0.85369002 567.82468309
7585 0.70090152 0.38611829 0.81819693 567.06335843
7586 0.70264551 0.37947848 0.83393382 566.06702761
7587 0.69794132 0.38695127 0.83809330 566.35679942
7588 0.69935701 0.38096355 0.82778269 565.35921856
7589 0.70261457 0.39299283 0.82429377 569.56154656
7590 0.69967074 0.40093707 0.83206201 567.56919055
7591 0.70189956 0.38229365 0.81670256 567.47850926
7592 0.69678693 0.38718876 0.82824594 567.21437554
7593 0.70358938 0.37715657 0.82788210 567.33781765
7594 0.70210854 0.39509150 0.84474648 567.06783871
7595 0.70225567 0.37187679 0.86458677 564.12721375
7596 0.70755473 0.37519504 0.87861453 567.53938017
7597 0.70318239 0.36420660 0.87393487 564.06416549
7598 0.70717150 0.36838459 0.87448654 566.48067645
7599 0.70599899 0.38314918 0.88691898 565.92547415
7600 0.70247481 0.37860814 0.86195888 564.45024315
7601 0.70387856 0.36605956 0.82056907 566.64600345
7602 0.70501018 0.37429669 0.82772738 569.01991081
7603 0.70837178 0.36285037 0.84090176 571.73829498
7604 0.70229917 0.35379349 0.81657385 563.94018185
7605 0.69967478 0.38416856 0.84973203 565.26974629
7606 0.70587462 0.38192118 0.86442624 567.37372416
7607 0.70609824 0.38824970 0.85370379 570.23135035
7608 0.70554047 0.39933181 0.85723985 571.08786409
7609 0.69985256 0.39764954 0.81709112 568.41608877
7610 0.69752643 0.37116943 0.83808665 566.59963173
7611 0.70482501 0.38011144 0.86304217 565.94315848
7612 0.70089017 0.37343142 0.88440170 565.93075483
7613 0.70098426 0.38203626 0.89298872 566.11526208
7614 0.70134339 0.40280132 0.89796380 565.98631226
7615 0.69723712 0.38743503 0.86109344 568.27365823
7616 0.70469615 0.36942066 0.85649149 565.02343563
7617 0.70508408 0.36503265 0.87328766 564.34382086
7618 0.69745188 0.36522516 0.84475546 567.51322743
7619 0.70514917 0.34693445 0.84652726 564.05524838
7620 0.69846790 0.39804164 0.83236433 567.05730500
7621 0.70043490 0.39591553 0.81849701 568.39161766
7622 0.69653839 0.39792469 0.81929841 568.17438549
7623 0.69584326 0.36832454 0.80900861 567.23490016
7624 0.70126465 0.37006172 0.82113368 564.83273481
7625 0.69965511 0.36680302 0.82262170 564.37425621
7626 0.70046806 0.34632664 0.82150131 563.46593547
7627 0.70180219 0.33326137 0.81323447 562.87689942
7628 0.70521431 0.30666735 0.81387140 563.61021004
7629 0.70748195 0.30262681 0.80226846 566.07726051
7630 0.70476685 0.30370883 0.79427249 563.45638631
7631 0.69885995 0.30746455 0.80534960 566.61932287
7632 0.70101154 0.28720434 0.80380576 566.40690187
7633 0.70577476 0.31285099 0.81237085 564.06871053
7634 0.70045100 0.30111715 0.80391216 565.04817674
7635 0.69999044 0.30882265 0.79563089 563.92241104
7636 0.70410184 0.31539831 0.77904854 564.19602301
7637 0.69945201 0.30807809 0.80935291 566.12503570
7638 0.70107373 0.29114098 0.79835839 565.03060099
7639 0.70289857 0.27506886 0.78836769 564.61904695
7640 0.70220249 0.27979303 0.77563763 563.42620571
7641 0.70363075 0.30600915 0.77524810 563.28128675
7642 0.69986494 0.30879883 0.78228550 563.12045026
7643 0.69909788 0.31172797 0.77099197 563.00329987
7644 0.70006399 0.31395306 0.77007983 562.55350108
7645 0.70392401 0.29202160 0.76719369 563.22275404
7646 0.69760881 0.31008347 0.74600611 563.24857368
7647 0.69889929 0.32979878 0.75127988 563.72293857
7648 0.69635006 0.29660029 0.72537796 563.83797203
7649 0.69919078 0.27853761 0.73193715 562.61099684
7650 0.70261600 0.28164333 0.77152678 562.96889292
7651 0.70058515 0.28194010 0.77338894 564.07599849
7652 0.70370184 0.27459502 0.77625434 563.58938223
7653 0.70134487 0.29665984 0.78703061 563.21759936
7654 0.70241910 0.31898872 0.79437188 562.66522057
7655 0.70004410 0.33592100 0.81754577 563.74488708
7656 0.69823280 0.33979968 0.77765692 563.78326705
7657 0.69672763 0.31439759 0.77783321 566.02236946
7658 0.69824362 0.33435763 0.80617373 564.87575516
7659 0.69794088 0.33338387 0.79831044 564.72307421
7660 0.70119171 0.31828379 0.79769867 562.76637008
7661 0.69868630 0.31858109 0.74705845 563.07171703
7662 0.69835287 0.31351853 0.74134757 562.98443755
7663 0.70113064 0.32198202 0.76562481 563.14914350
7664 0.69957773 0.33418636 0.76359120 563.66873325
7665 0.70355335 0.31784328 0.77884694 563.85042924
7666 0.70408078 0.32117253 0.78803788 564.07393625
7667 0.70200059 0.31908882 0.79686286 562.61747005
7668 0.70233707 0.33140756 0.79681779 563.08939818
7669 0.70311732 0.35613652 0.83399894 563.82568023
7670 0.69755033 0.39915806 0.85773301 567.66581620
7671 0.70275390 0.40066626 0.87039247 566.40446814
7672 0.70519363 0.38881833 0.88585845 565.85106747
7673 0.70082514 0.35438246 0.87526731 566.62219898
7674 0.70150397 0.37999345 0.88240781 565.04902707
7675 0.69958609 0.41546724 0.87426835 567.43022575
7676 0.70319232 0.39929879 0.88246010 565.83531397
7677 0.70306131 0.39910494 0.87938228 565.89097333
7678 0.69941242 0.36618579 0.85289239 565.44704418
7679 0.70139284 0.38819776 0.85966765 565.09129661
7680 0.69946086 0.41577115 0.86528634 567.73176749
7681 0.70199446 0.40639163 0.86279450 567.26990819
7682 0.69761736 0.38202244 0.85594572 567.45694448
7683 0.69800394 0.38423927 0.85834055 567.04785602
7684 0.70139232 0.37789744 0.84936900 564.52471020
7685 0.70045444 0.35247322 0.84118067 564.18533584
7686 0.70400159 0.38210279 0.87551800 564.86360437
7687 0.70504167 0.37931817 0.87478425 565.32276866
7688 0.70435712 0.38231823 0.87580691 565.06809082
7689 0.70229992 0.37924095 0.86333891 564.45054791
7690 0.70576226 0.37101843 0.86985610 565.41897225
7691 0.69893408 0.38516103 0.85743918 565.97993277
7692 0.70290712 0.37668861 0.84312296 565.22274000
7693 0.70157615 0.38683969 0.80000706 570.17071849
7694 0.69644511 0.39516379 0.79681907 568.76771518
7695 0.69437370 0.39586882 0.80877937 570.03793802
7696 0.70307370 0.37669122 0.80310698 569.76391429
7697 0.70000707 0.37142445 0.80984740 565.16138821
7698 0.69719504 0.33835903 0.79036585 564.92727355
7699 0.69647304 0.34150342 0.76566464 564.85484903
7700 0.69917105 0.31559336 0.76597444 562.78960900
7701 0.69836941 0.31906884 0.72851859 563.82117918
7702 0.69887851 0.29577817 0.73260600 562.46557477
7703 0.70243257 0.28970160 0.75843192 562.53015721
7704 0.70413648 0.26306251 0.75356852 563.63761128
7705 0.69625843 0.28127362 0.73051900 565.31104581
7706 0.70571936 0.24679615 0.74622903 565.23168368
7707 0.70723968 0.28964345 0.77845946 566.47392056
7708 0.70979333 0.28935207 0.81834568 568.28402399
7709 0.70986363 0.27688640 0.82282039 568.47038043
7710 0.70985668 0.29894069 0.83466746 567.94976981
7711 0.70585637 0.31400022 0.84378848 564.32200874
7712 0.70270600 0.28899476 0.84151414 569.82350857
7713 0.70189015 0.31542438 0.83895836 565.62077894
7714 0.70179921 0.32688501 0.83776963 564.32060071
7715 0.70497306 0.29939331 0.82908725 564.54592115
7716 0.70696282 0.29604954 0.81910165 564.92840148
7717 0.70464066 0.29865925 0.80508281 563.44394897
7718 0.70413407 0.31599591 0.82899964 563.46335747
7719 0.70396647 0.32939587 0.78634445 564.93145098
7720 0.69811899 0.36385493 0.77574888 565.86118089
7721 0.69335273 0.35979026 0.77482964 569.31732582
7722 0.69965763 0.39710181 0.78175348 572.80035846
7723 0.69759469 0.40354976 0.80237256 569.77636021
7724 0.69692062 0.38224817 0.83022774 566.96040693
7725 0.70329574 0.37453264 0.84349555 565.23087548
7726 0.69959517 0.34854823 0.87218523 568.99759476
7727 0.70185315 0.33421882 0.86215080 566.04540541
7728 0.70363507 0.37810526 0.86738898 564.62945598
7729 0.70156879 0.37134462 0.87448857 564.72529668
7730 0.70797945 0.35409033 0.88454902 565.78925885
7731 0.70850271 0.35153248 0.87565081 566.61873969
7732 0.70441497 0.34979660 0.88112818 564.46693332
7733 0.70710259 0.33995799 0.86025662 564.96440824
7734 0.70599588 0.38104826 0.88781780 565.66682501
7735 0.70282028 0.38967770 0.87802914 564.98891748
7736 0.70077845 0.35209569 0.85671840 564.98433088
7737 0.70631331 0.33964886 0.86298877 564.34271581
7738 0.70461260 0.30675547 0.83369606 564.27182463
7739 0.70488021 0.30813752 0.84343218 564.81007284
7740 0.70760872 0.32040107 0.84114968 565.31634689
7741 0.70130953 0.33740362 0.83991626 564.11260046
7742 0.70355487 0.33857396 0.83428639 563.19709817
7743 0.70416200 0.34346764 0.83560507 563.55228837
7744 0.70600807 0.35079136 0.87757406 564.37009625
7745 0.69937872 0.37729755 0.86453757 565.94060485
7746 0.69667103 0.37028326 0.83944809 568.03536982
7747 0.69797319 0.38689664 0.83914299 566.34537073
7748 0.69571684 0.39046877 0.84008873 569.13141579
7749 0.70008320 0.37555798 0.84875133 564.71994843
7750 0.70567619 0.38884240 0.86051679 568.69459521
7751 0.70624854 0.37985763 0.86284190 567.76631258
7752 0.69886294 0.38198039 0.86744143 566.62343720
7753 0.69928929 0.38604561 0.82509837 565.95155346
7754 0.70368509 0.38641011 0.84360098 567.34977288
7755 0.69753280 0.37613307 0.83631867 566.43987918
7756 0.69816129 0.38539301 0.85148347 566.49323648
7757 0.69947264 0.36903056 0.81194196 564.76841802
7758 0.70324668 0.33469093 0.78630703 564.72706858
7759 0.70179801 0.33098953 0.76943119 564.23803570
7760 0.70213741 0.32774684 0.78134865 563.38581788
7761 0.69781155 0.32656291 0.77105565 563.69936924
7762 0.70519357 0.29417963 0.75798477 565.30896009
7763 0.70340601 0.30967200 0.74251443 566.05656217
7764 0.70636439 0.31851477 0.73669675 575.65869029
7765 0.69560608 0.33108660 0.76982145 565.99444121
7766 0.70005582 0.32930630 0.75566383 563.83285467
7767 0.70422256 0.33560098 0.79684538 565.07320212
7768 0.69963987 0.34234086 0.79359710 563.37754776
7769 0.69686317 0.35461495 0.79536682 565.39771856
7770 0.69871007 0.33464858 0.80145165 564.05199687
7771 0.70384623 0.32694472 0.81879550 563.09885932
7772 0.69877560 0.33761375 0.81575626 564.78368942
7773 0.69674862 0.35056239 0.78985702 565.29487198
7774 0.69645687 0.35199222 0.76162444 565.49001927
7775 0.70060805 0.36048166 0.78845418 565.55558290
7776 0.70241056 0.34689499 0.76171116 568.48291722
7777 0.70230805 0.33074424 0.76875603 564.76420907
7778 0.69650445 0.31888568 0.76651728 565.05555211
7779 0.70154620 0.32966911 0.77334844 563.62799900
7780 0.69924573 0.34981952 0.76127461 565.48078735
7781 0.70174207 0.35659382 0.78104068 566.78895415
7782 0.70013169 0.34762205 0.77221578 564.82018671
7783 0.69589797 0.35848907 0.75888992 566.37601143
7784 0.69941361 0.34958525 0.74784321 566.92113210
7785 0.70012275 0.37530648 0.75712707 572.06482035
7786 0.69960066 0.38397556 0.77955830 569.91662120
7787 0.69712302 0.36873468 0.77707681 566.35409422
7788 0.69884650 0.34824405 0.76312679 564.94799407
7789 0.70102150 0.32585705 0.76526820 563.43388306
7790 0.69932823 0.28230436 0.78055008 566.37822564
7791 0.70528060 0.24514697 0.76889694 566.21933789
7792 0.70675063 0.26094237 0.75750486 565.81328751
7793 0.69974073 0.28091970 0.76934879 564.65534189
7794 0.70381826 0.27715146 0.76759198 563.19958450
7795 0.70246196 0.28065420 0.74678558 562.59551090
7796 0.70499397 0.28252093 0.73065945 566.43490243
7797 0.70699490 0.28557329 0.74100757 569.62627810
7798 0.70092726 0.31341804 0.72925249 564.78689003
7799 0.69914877 0.26972156 0.72482444 562.78356513
7800 0.70339645 0.25168575 0.74704547 564.01273411
7801 0.70144702 0.26846225 0.72318889 562.43239085
7802 0.69943646 0.27837946 0.74099836 562.89759627
7803 0.69829387 0.28743739 0.72848635 562.68054562
7804 0.70131542 0.25805279 0.72739084 562.80405816
7805 0.69585590 0.28549802 0.71950768 564.60650209
7806 0.70241144 0.27427526 0.74672587 562.63343995
7807 0.69861325 0.29805676 0.76575045 563.81613681
7808 0.70076865 0.29664748 0.76947135 562.59268331
7809 0.70283785 0.29912038 0.75088820 563.42401383
7810 0.69941321 0.27990099 0.72821646 562.36043590
7811 0.69869885 0.28106860 0.70037413 562.52804468
7812 0.69785479 0.26354398 0.68781506 562.52031693
7813 0.69870431 0.26080920 0.70661200 562.73000644
7814 0.69854317 0.25300197 0.69652630 562.83988041
7815 0.70144689 0.28249394 0.73208738 562.46474118
7816 0.69878876 0.28269958 0.69888677 562.66079083
7817 0.69713215 0.24734209 0.67738997 563.25873243
7818 0.69167411 0.26515255 0.65106845 567.65537270
7819 0.69241813 0.26364663 0.62348747 565.68579890
7820 0.69614203 0.26122852 0.61521446 565.30678489
7821 0.69239188 0.25602419 0.58434863 566.47820185
7822 0.69517958 0.25301675 0.62079200 563.93456830
7823 0.69882266 0.24335574 0.62281230 564.71384053
7824 0.69480794 0.25793625 0.65841558 564.00862300
7825 0.70083256 0.25657633 0.67911469 563.20621112
7826 0.69574667 0.23814312 0.66233015 564.43670202
7827 0.70037666 0.23510371 0.66459583 562.86399891
7828 0.70499815 0.21367557 0.64954931 568.45598815
7829 0.69416666 0.23288847 0.64598337 565.80527460
7830 0.69446482 0.24155862 0.62091069 563.87339802
7831 0.69441807 0.19182908 0.63143738 570.27582784
7832 0.69576758 0.17285396 0.60410255 567.80205849
7833 0.69479954 0.17449170 0.58270782 566.52878566
7834 0.69559945 0.21392704 0.59551043 563.51462093
7835 0.69185301 0.22532113 0.60625634 567.04899196
7836 0.70187525 0.18756837 0.60188469 566.10430552
7837 0.70059767 0.17844252 0.62312658 565.25218877
7838 0.70247462 0.17818672 0.63372246 566.12893080
7839 0.70270942 0.19252975 0.60842295 566.98683762
7840 0.70314781 0.18388632 0.61268552 567.02574632
7841 0.70042435 0.19575404 0.61538030 564.19391585
7842 0.69843317 0.20273608 0.60903256 563.40274338
7843 0.69545910 0.21902298 0.59292077 563.59441028
7844 0.69877870 0.20157100 0.59890613 563.78457851
7845 0.70057039 0.18380513 0.59271534 565.12768176
7846 0.69594714 0.19552141 0.56868765 563.88821498
7847 0.69875249 0.16936382 0.57489770 564.73641594
7848 0.69818032 0.16683742 0.55872792 564.81391120
7849 0.69459457 0.17265296 0.56509443 565.62641847
7850 0.69422205 0.18660154 0.55190712 564.53998489
7851 0.69341105 0.17409367 0.53849123 565.35933448
7852 0.69047024 0.18344427 0.52097439 567.34587451
7853 0.69109029 0.19342610 0.51669273 566.50946556
7854 0.69162352 0.17374063 0.48255504 566.83106758
7855 0.69564675 0.17761340 0.49963119 567.47830065
7856 0.69625499 0.18325315 0.50808455 567.80519087
7857 0.68878782 0.17819961 0.49683143 569.11121403
7858 0.69199618 0.15659314 0.52806045 568.01692264
7859 0.69233195 0.15944517 0.50714361 566.24743205
7860 0.69312871 0.15034633 0.51918634 566.69206388
7861 0.68927859 0.17394680 0.48359217 568.33043819
7862 0.69365034 0.18399554 0.48218283 568.37059636
7863 0.69122349 0.15778837 0.50617619 567.48108818
7864 0.69111900 0.16780021 0.50237557 566.83522942
7865 0.69865783 0.17244248 0.51712157 568.79990484
7866 0.69152592 0.14472681 0.48874731 567.39837134
7867 0.69571497 0.16616683 0.49827415 566.64073393
7868 0.69693535 0.15993374 0.50458537 566.76082951
7869 0.69357703 0.14938660 0.51134138 566.05967490
7870 0.69513964 0.12061216 0.47151953 566.87756815
7871 0.69768892 0.11628272 0.47377927 568.22269821
7872 0.69285999 0.13197214 0.45951901 566.85209297
7873 0.69490876 0.14011476 0.46363283 567.31139220
7874 0.69070864 0.13553074 0.46512734 568.07352532
7875 0.69110255 0.15209690 0.47721819 567.10060759
7876 0.69092661 0.15985611 0.46840077 567.21633465
7877 0.69280932 0.13094030 0.47956266 567.01510776
7878 0.69104838 0.12618813 0.45662604 568.12828810
7879 0.69409104 0.14337014 0.46675496 566.79108405
7880 0.69573560 0.15292473 0.48939466 566.57225849
7881 0.69239616 0.15011595 0.47890294 566.39416381
7882 0.69377880 0.13908576 0.46718936 566.58624349
7883 0.69279900 0.12241522 0.45578470 567.19033639
7884 0.69715244 0.13629161 0.44490753 572.02692273
7885 0.69337186 0.13675166 0.41040941 571.35632724
7886 0.68866750 0.14250862 0.40605323 570.20578260
7887 0.69361866 0.14292348 0.42663390 570.23031805
7888 0.69840014 0.14500639 0.46684577 572.19023789
7889 0.69298006 0.15210334 0.44547043 568.47154169
7890 0.69223500 0.16504032 0.43955939 570.01557428
7891 0.69647306 0.16990617 0.47795756 570.53015095
7892 0.69577521 0.15808437 0.49383605 566.53477751
7893 0.69541130 0.13064161 0.47447972 566.69550595
7894 0.69674920 0.11312334 0.49172376 567.44806155
7895 0.69888549 0.14545467 0.48335581 570.69557532
7896 0.69364697 0.13795988 0.47597421 566.32866203
7897 0.69437579 0.14211572 0.47263590 566.52832055
7898 0.70041503 0.11885946 0.47139904 572.66525793
7899 0.69885127 0.13582086 0.48628718 569.37384803
7900 0.69105502 0.13472851 0.47045561 567.95880929
7901 0.69251643 0.16376034 0.45626024 568.20678241
7902 0.69431581 0.14413648 0.48435908 566.05036929
7903 0.69706791 0.13637368 0.50825050 566.19886181
7904 0.69718329 0.12248766 0.52671725 567.59941908
7905 0.69674478 0.11239213 0.52831812 569.57914538
7906 0.70159332 0.13450131 0.53349752 569.29603497
7907 0.70268095 0.13726855 0.54810280 569.99502447
7908 0.69629521 0.13170830 0.51764420 566.44351493
7909 0.69723678 0.10778484 0.47922984 567.92837652
7910 0.69494688 0.10003265 0.45006075 568.01487077
7911 0.69055060 0.09970923 0.41552254 569.36467145
7912 0.69698226 0.07589309 0.42562540 570.49764469
7913 0.69607793 0.07101960 0.43949482 570.42197384
7914 0.69467989 0.07194372 0.43745017 570.51345002
7915 0.69210669 0.08790019 0.44107817 570.45031991
7916 0.69917694 0.08571793 0.45139639 571.30263031
7917 0.69580250 0.11990440 0.42791093 570.33192523
7918 0.69339528 0.10020334 0.41736075 568.45151843
7919 0.69339798 0.07259426 0.42495727 570.43731906
7920 0.69683417 0.07998345 0.44320680 569.80867145
7921 0.69997101 0.09453775 0.41686965 577.35457398
7922 0.69871119 0.13247324 0.43857891 575.95380115
7923 0.68864550 0.13396428 0.41289151 569.69259025
7924 0.68863254 0.14402420 0.41785200 569.72059817
7925 0.68644840 0.14370868 0.42997386 572.22557565
7926 0.69889838 0.11556679 0.45059913 572.11636181
7927 0.69424703 0.08221331 0.45403878 570.29957827
7928 0.69515192 0.08893533 0.43938218 568.74336631
7929 0.68922560 0.10324910 0.44752672 573.04711059
7930 0.69110818 0.07116218 0.44350244 575.58527129
7931 0.69446284 0.05400276 0.45600401 576.32110787
7932 0.68974522 0.06923918 0.42871695 576.60822559
7933 0.69248744 0.06135873 0.39557471 571.00381208
7934 0.69300684 0.08359452 0.37901869 570.18073185
7935 0.68918727 0.08449779 0.37470468 570.76001137
7936 0.69176093 0.07390248 0.37212812 570.18224641
7937 0.69137775 0.08967764 0.36316309 570.70635647
7938 0.68849911 0.09828944 0.38293643 570.73198289
7939 0.68991113 0.08766750 0.37964817 570.13053991
7940 0.68835231 0.08934845 0.37292265 571.21114317
7941 0.68873720 0.10030599 0.39436042 570.55129901
7942 0.69409910 0.08128653 0.39345710 569.90108771
7943 0.69359797 0.06580284 0.40357002 570.34272527
7944 0.69075796 0.09019998 0.39610658 569.54279300
7945 0.68949392 0.10803513 0.41790750 569.83659813
7946 0.68866386 0.12245790 0.43477548 570.42027722
7947 0.69810236 0.12339393 0.44914997 571.59830404
7948 0.69993774 0.09183627 0.49261051 570.56331977
7949 0.70301430 0.10112367 0.51143161 573.22513306
7950 0.69842336 0.10785183 0.50083590 568.36959247
7951 0.69947982 0.10981075 0.51094078 568.77207922
7952 0.70153150 0.13902149 0.52588412 569.91899838
7953 0.69767374 0.11289931 0.51868233 568.30372724
7954 0.70089141 0.11156494 0.52555575 569.61515304
7955 0.69535651 0.09285256 0.52602929 575.77176936
7956 0.69449722 0.10039617 0.53033396 575.93373547
7957 0.70315953 0.09807064 0.53040624 573.06024979
7958 0.70096645 0.12516534 0.54134669 568.59080828
7959 0.70032945 0.13062676 0.58946376 570.12431962
7960 0.69591463 0.15755332 0.56543894 566.24323668
7961 0.69877433 0.17893498 0.56358828 564.99712988
7962 0.69929036 0.18653410 0.55813541 566.35259814
7963 0.69244334 0.21500398 0.55367134 565.38766257
7964 0.69335336 0.23101284 0.54233844 567.36114376
7965 0.68846094 0.25057224 0.56833766 570.05902270
7966 0.69759706 0.26909872 0.59696087 570.95041777
7967 0.69359348 0.25743420 0.57227880 567.87221207
7968 0.69470859 0.25622406 0.59454590 565.92223524
7969 0.69722562 0.25661494 0.61719294 565.33096108
7970 0.69446928 0.27275173 0.65240553 564.18453880
7971 0.69475197 0.27818787 0.65332171 564.24849523
7972 0.69441730 0.30883882 0.66640653 566.27301574
7973 0.69328128 0.30089656 0.68156838 565.87480535
7974 0.70062797 0.29177436 0.72425762 562.77811368
7975 0.70059484 0.29298009 0.73585818 562.40318993
7976 0.70342087 0.28464218 0.74097976 563.59069031
7977 0.70315766 0.26180083 0.75176438 563.41881563
7978 0.70445881 0.28043046 0.76243905 563.52186415
7979 0.69577725 0.31528986 0.72512785 564.31050243
7980 0.69255716 0.35214591 0.71563394 569.30132454
7981 0.69294421 0.36058451 0.71605456 569.98640643
7982 0.70172521 0.34890448 0.74780095 569.94081703
7983 0.69440448 0.37165177 0.74444780 569.16313992
7984 0.69206157 0.35878044 0.74094737 570.16619450
7985 0.70077308 0.33490872 0.75179425 565.40678919
7986 0.69868818 0.35620503 0.75652009 566.54205573
7987 0.70143913 0.34433826 0.76053720 566.71967423
7988 0.69603906 0.33811843 0.75301844 564.99021584
7989 0.70337713 0.32571384 0.75876822 566.52911871
7990 0.69999650 0.34850369 0.77778143 564.46162317
7991 0.69726544 0.36904790 0.79715491 565.71130090
7992 0.70076628 0.33782263 0.82156739 563.40246795
7993 0.70403909 0.31852608 0.84894794 564.57046958
7994 0.70236635 0.33371507 0.83267173 563.27043388
7995 0.70466173 0.32821371 0.82581427 563.43667786
7996 0.70123288 0.33482368 0.83038456 563.67385017
7997 0.70140703 0.33104597 0.85610982 566.25937467
7998 0.70501692 0.31709360 0.82268539 563.49101012
7999 0.70097703 0.35201449 0.79245644 564.40150608
8000 0.70321455 0.35456789 0.79260656 566.99889656
8001 0.69928960 0.36084561 0.79261948 564.75331631
8002 0.70110949 0.35473301 0.79453976 564.65620695
8003 0.69913918 0.35707196 0.80729369 564.11035240
8004 0.69891936 0.35601120 0.80341563 564.15168944
8005 0.69700713 0.33675975 0.79544846 565.55290124
8006 0.69772778 0.34304917 0.79733424 564.61094372
8007 0.70073721 0.34003271 0.80592748 563.07604886
8008 0.70455935 0.31747922 0.78720024 564.33025987
8009 0.70617115 0.29389400 0.78186469 564.95850088
8010 0.70138166 0.25645954 0.75839923 565.24399204
8011 0.70655431 0.24681131 0.76781308 566.32470124
8012 0.70621196 0.27796061 0.75930032 565.49364288
8013 0.69936862 0.27634204 0.74449568 563.31376574
8014 0.69767053 0.28506236 0.72985386 563.27024239
8015 0.69910848 0.25796171 0.73309129 564.55877138
8016 0.69915892 0.29294227 0.71899414 562.55944424
8017 0.69492068 0.30318120 0.69931388 564.53745022
8018 0.69244831 0.31560709 0.67167292 567.50247784
8019 0.69423934 0.31008877 0.68527714 565.51815350
8020 0.69784779 0.28811446 0.75116448 564.34806338
8021 0.69867187 0.28994141 0.76033282 564.00426467
8022 0.70058733 0.26594030 0.73918774 563.03674660
8023 0.69729431 0.28229222 0.73412258 564.12337192
8024 0.69741951 0.31447495 0.74253028 563.34883708
8025 0.69540262 0.29675673 0.70516156 564.10579154
8026 0.69464600 0.32209610 0.71161057 565.45985557
8027 0.69719357 0.31706012 0.75448714 563.74930447
8028 0.70321842 0.30171052 0.76483165 563.17866418
8029 0.69981052 0.31013249 0.76374055 562.52928575
8030 0.69805212 0.32478793 0.75670788 563.35595573
8031 0.69807668 0.33566891 0.74392841 564.53067129
8032 0.69770451 0.34195219 0.71962339 567.37838375
8033 0.69340092 0.35143166 0.71526270 568.64985739
8034 0.69751909 0.34637437 0.70195324 570.50143745
8035 0.69954784 0.34573891 0.71621583 570.85831700
8036 0.69440057 0.34198899 0.75366211 566.74560754
8037 0.69539545 0.35360765 0.74814385 566.50681574
8038 0.69957495 0.35735361 0.76727854 566.28103917
8039 0.69577422 0.35614824 0.74403157 566.83557932
8040 0.69468942 0.32665427 0.73688582 565.73247200
8041 0.70400930 0.33199253 0.75761679 568.97651810
8042 0.69800422 0.32099036 0.72962057 563.86744555
8043 0.69755303 0.31460818 0.74643089 563.31336453
8044 0.69983095 0.33086208 0.74496193 564.67812152
8045 0.69691786 0.33709406 0.72618394 565.64258165
8046 0.70433433 0.31492205 0.72052851 572.51599052
8047 0.69644701 0.29962225 0.75028824 565.15072981
8048 0.70087800 0.30146000 0.76052009 562.33074558
8049 0.69550681 0.32711619 0.77332403 566.61528214
8050 0.70535818 0.33413319 0.79822831 566.36240138
8051 0.69675611 0.35100706 0.75548594 565.51860696
8052 0.69836663 0.34909277 0.74994968 565.87940983
8053 0.70287975 0.33476539 0.75114246 568.40791282
8054 0.69465648 0.32848725 0.75918280 566.83804780
8055 0.69835358 0.33156032 0.77178167 563.44655104
8056 0.69203320 0.33127255 0.75506204 571.66265463
8057 0.69802616 0.30069596 0.75880215 563.75264237
8058 0.69871474 0.30462799 0.75595348 562.88005087
8059 0.70409015 0.31521249 0.76575596 565.29463311
8060 0.69809416 0.29788445 0.77824668 565.71152725
8061 0.69722130 0.31595935 0.77522646 564.92156027
8062 0.69647241 0.33456204 0.78956556 565.98571931
8063 0.69544723 0.35483324 0.78919253 566.83048425
8064 0.69562259 0.33431719 0.78335366 566.83809693
8065 0.69733100 0.35731509 0.78791088 565.02257901
8066 0.70256360 0.34540794 0.77984204 566.06600637
8067 0.69933500 0.34459245 0.78986899 563.57843618
8068 0.69922027 0.32525747 0.77822218 563.01291017
8069 0.70354791 0.30949341 0.79293140 562.87862976
8070 0.70303102 0.30006046 0.77665840 562.69023126
8071 0.70258581 0.33058399 0.82491634 563.02084466
8072 0.69941457 0.35972701 0.83045071 564.39295169
8073 0.69865095 0.33917000 0.82740908 565.87709845
8074 0.70045869 0.34712704 0.82155750 563.47473561
8075 0.69968109 0.31850934 0.80550663 564.26361361
8076 0.69672865 0.30957763 0.77480224 566.17876453
8077 0.70155648 0.32736494 0.77987704 563.10581394
8078 0.69666503 0.31561261 0.75401848 564.26122184
8079 0.70130158 0.30433543 0.71849498 565.08504791
8080 0.70227814 0.29089023 0.69574672 567.32038390
8081 0.69760900 0.27553235 0.71058403 562.89084398
8082 0.69463483 0.26484339 0.69822573 566.52120414
8083 0.69994292 0.27622014 0.68947656 563.24200067
8084 0.70187137 0.28670694 0.70176808 565.26673948
8085 0.70182006 0.29190445 0.70079551 566.05005318
8086 0.69645197 0.27860701 0.71120132 563.79310401
8087 0.70113154 0.27314288 0.70575457 562.90145781
8088 0.69738517 0.27594541 0.67249252 563.10459932
8089 0.69809948 0.28864296 0.68575930 563.52481608
8090 0.69855082 0.28508713 0.68511038 563.45192617
8091 0.69514772 0.27848453 0.71327723 565.70213394
8092 0.69833963 0.29246529 0.68924534 563.75490154
8093 0.69746190 0.27947021 0.74359236 565.04671146
8094 0.69735631 0.29967403 0.72895677 563.09068780
8095 0.69921063 0.29478838 0.71892364 562.65945131
8096 0.70214193 0.28477713 0.72251991 563.50835022
8097 0.69863423 0.30760063 0.74148304 562.72493446
8098 0.70110697 0.27616684 0.74016670 562.38358600
8099 0.69804706 0.29416128 0.72072973 562.66613834
8100 0.69834717 0.31713498 0.75513448 563.03334060
8101 0.69563269 0.32891644 0.72803280 564.99181403
8102 0.70359678 0.29051871 0.76673177 562.97919905
8103 0.70370669 0.30235591 0.79069570 562.90182665
8104 0.70370524 0.32785189 0.79811595 563.67262120
8105 0.69957052 0.33029911 0.79679925 563.28047896
8106 0.70022509 0.30769363 0.74811795 562.60363162
8107 0.69705475 0.29441257 0.73731248 563.79561246
8108 0.69680406 0.28086859 0.72334765 564.01795429
8109 0.70326934 0.29758872 0.74786564 563.93533935
8110 0.70399012 0.31168539 0.76505634 564.80654950
8111 0.70153683 0.30169753 0.80690907 564.19154834
8112 0.70535586 0.29042063 0.81444177 564.40123150
8113 0.70383873 0.30864257 0.81295592 563.17212207
8114 0.70276696 0.33223658 0.83931051 563.49575012
8115 0.70200920 0.36806282 0.82830860 564.58007371
8116 0.70010678 0.34577425 0.85439271 566.08691594
8117 0.70476773 0.33397717 0.82995239 563.61592543
8118 0.70553580 0.33371422 0.80566520 565.82802103
8119 0.70265122 0.36309505 0.80133696 566.69418573
8120 0.70051521 0.29625264 0.80113649 565.29382316
8121 0.70463103 0.33313407 0.83257584 563.46771979
8122 0.70259908 0.33469147 0.83737979 563.36663089
8123 0.70086914 0.32816428 0.81869564 563.54148480
8124 0.70864663 0.30683621 0.83057816 566.52907463
8125 0.70513490 0.30046782 0.77864967 564.25460780
8126 0.70312290 0.31728427 0.79873255 562.79749491
8127 0.70430804 0.32069312 0.81849542 563.19216647
8128 0.69785002 0.32449268 0.81061772 566.76460957
8129 0.71019609 0.30821463 0.82749673 569.39491570
8130 0.69848438 0.34017410 0.82292901 565.59506481
8131 0.70190706 0.31685597 0.76647822 563.15584439
8132 0.69843820 0.28863474 0.74349362 563.15274688
8133 0.70540514 0.28018502 0.79580127 564.30285307
8134 0.70273754 0.30228099 0.79489842 562.83716876
8135 0.70518208 0.30849122 0.81388419 563.57738073
8136 0.70316613 0.31797814 0.79872556 562.82828174
8137 0.69709474 0.30418685 0.73968812 563.52094251
8138 0.69845843 0.28626208 0.70298517 562.65024242
8139 0.69948928 0.29857483 0.69653734 564.64493442
8140 0.69646936 0.26125138 0.67326436 563.00424995
8141 0.69475012 0.26159805 0.65308890 563.86534948
8142 0.69557569 0.25978911 0.65778875 563.35237699
8143 0.69580982 0.24237940 0.64587817 563.31493914
8144 0.69492994 0.25003895 0.65597098 564.11627455
8145 0.70139232 0.21469687 0.69947000 565.56616171
8146 0.70730270 0.21289191 0.70371142 568.73046829
8147 0.69798705 0.22337448 0.67356767 564.54518688
8148 0.70160853 0.20799633 0.67473385 564.57203644
8149 0.69957188 0.20806717 0.66619024 564.65285934
8150 0.70439344 0.20506607 0.67229484 566.05319832
8151 0.70409605 0.21004386 0.66677486 565.75318774
8152 0.69873771 0.19199554 0.65313078 566.52845873
8153 0.69598860 0.24200290 0.66098479 563.77494471
8154 0.70401076 0.24088292 0.66729453 567.13170309
8155 0.70497587 0.22796438 0.67309492 567.14315602
8156 0.70218081 0.20013038 0.64754400 564.69339576
8157 0.70101345 0.19785055 0.63043908 564.22577125
8158 0.69902808 0.21995332 0.65916129 563.28594035
8159 0.69961229 0.22665428 0.68898097 564.09204140
8160 0.70622272 0.21599059 0.71594311 567.19788673
8161 0.70750366 0.20861022 0.73243816 569.54665055
8162 0.70417320 0.21234267 0.72152137 567.11098846
8163 0.70693470 0.22314233 0.72101852 567.53458663
8164 0.70094242 0.20908925 0.70306386 567.30205597
8165 0.70413243 0.19609233 0.67612160 566.46890276
8166 0.69750089 0.21448940 0.66326269 565.29926957
8167 0.69971028 0.24759427 0.66214379 562.90091519
8168 0.69920193 0.24378208 0.64584193 563.26126499
8169 0.69373055 0.23008969 0.62623685 565.20444867
8170 0.69205601 0.23060051 0.60482182 566.25742629
8171 0.69802192 0.21580411 0.59855293 563.83557715
8172 0.69628049 0.21620570 0.60758152 563.26486467
8173 0.69451616 0.19880845 0.58170720 564.37590913
8174 0.70009596 0.18335444 0.60161242 564.53075089
8175 0.70049604 0.18445448 0.61423660 564.59720333
8176 0.69762912 0.20646245 0.60218593 563.33234471
8177 0.70072974 0.22118734 0.61941408 565.13497918
8178 0.69909967 0.23729629 0.63028798 563.79150799
8179 0.70133451 0.23618445 0.63493887 565.82335650
8180 0.69845296 0.21256596 0.67946100 566.30639148
8181 0.69771818 0.24958502 0.66363348 562.55688530
8182 0.69733423 0.22361656 0.66143521 564.15049275
8183 0.70170794 0.24485494 0.67277132 563.71923776
8184 0.69461004 0.25855077 0.65975765 564.23683617
8185 0.69856914 0.22529936 0.65207497 562.88010042
8186 0.69810691 0.21526773 0.65462736 563.93268776
8187 0.69808262 0.24239353 0.62646310 563.71396661
8188 0.69831644 0.24626308 0.63138499 563.81310711
8189 0.70235413 0.22920964 0.63144076 567.10943098
8190 0.69987537 0.22835433 0.60085119 566.75926461
8191 0.69156732 0.23370878 0.60318513 566.72240319
8192 0.69740707 0.25778181 0.62814543 564.53866762
8193 0.69667784 0.25212851 0.61261682 564.83662417
8194 0.69530302 0.22084658 0.63608965 564.71183111
8195 0.69934335 0.19939814 0.65919676 565.41699042
8196 0.69840513 0.18996944 0.66515824 568.98876186
8197 0.70228092 0.19381159 0.65471785 565.22730371
8198 0.69289714 0.23477066 0.62495423 565.93907371
8199 0.69467898 0.23319364 0.59358235 564.09102226
8200 0.69289304 0.21516966 0.59842051 565.76572766
8201 0.70155494 0.23340861 0.63074691 566.33245618
8202 0.70147909 0.21171288 0.60924013 566.37591985
8203 0.69812483 0.18760803 0.59932934 563.91101654
8204 0.69828331 0.18091943 0.60707579 564.64287850
8205 0.70058213 0.16670912 0.60659321 565.80940625
8206 0.70051687 0.16950209 0.58525386 565.47782022
8207 0.70012977 0.17906947 0.57484096 565.58169246
8208 0.69450371 0.17735772 0.57550482 565.90806363
8209 0.69458230 0.17001299 0.55120375 565.17783429
8210 0.69828097 0.16969193 0.57581261 564.63190069
8211 0.70328952 0.17905381 0.57408356 570.82421981
8212 0.70223245 0.20715172 0.61082240 567.01008173
8213 0.69486052 0.21642350 0.60322157 563.88118910
8214 0.69853869 0.22924224 0.61385552 563.98095542
8215 0.69600911 0.25314335 0.60638970 565.11103368
8216 0.69800778 0.23357947 0.59826225 565.30023065
8217 0.70039935 0.20848587 0.61587208 564.30400726
8218 0.69972594 0.19144809 0.60453545 564.10851361
8219 0.69867679 0.14735079 0.60768414 569.95975337
8220 0.69620184 0.16962942 0.59043070 566.33601071
8221 0.69766145 0.16503034 0.55844094 564.73418601
8222 0.69856549 0.15391824 0.57341564 565.83301239
8223 0.69883592 0.16284788 0.55002976 565.49470110
8224 0.69891797 0.14813717 0.56612223 566.13339338
8225 0.69802747 0.15547127 0.54679962 565.27983766
8226 0.69443927 0.16164452 0.56459266 567.17493339
8227 0.69976768 0.13423458 0.56466153 567.68448550
8228 0.70386280 0.12766323 0.56633975 571.17822132
8229 0.69588753 0.13418651 0.54986484 568.55334775
8230 0.69895541 0.14933579 0.53891807 566.10036230
8231 0.69273472 0.15116706 0.52911962 567.75865493
8232 0.69863899 0.15553321 0.52991409 566.29788386
8233 0.69588584 0.14788795 0.51852832 565.44216591
8234 0.69653362 0.13519527 0.50769816 566.09660093
8235 0.69194052 0.15662959 0.50509295 566.71512884
8236 0.69586128 0.14084765 0.50219563 565.85798830
8237 0.69944632 0.12617099 0.48857499 569.48848674
8238 0.69237578 0.11048737 0.48099548 570.01626763
8239 0.70065383 0.10194538 0.50047282 570.39845775
8240 0.69496556 0.09666051 0.50542297 572.06561361
8241 0.70106069 0.08555979 0.49456312 572.08168726
8242 0.69831962 0.08971183 0.46321325 569.81768979
8243 0.69290916 0.08236785 0.44441869 570.71435042
8244 0.69519007 0.07844376 0.43389281 569.53141809
8245 0.69504211 0.12229834 0.43216734 569.14570731
8246 0.68799929 0.13257179 0.42357799 570.30161266
8247 0.69113941 0.13899260 0.39816907 571.06732090
8248 0.68790980 0.12796379 0.40160567 570.47880606
8249 0.69332364 0.11414216 0.41689153 568.66515819
8250 0.68859575 0.11295227 0.38713229 570.27785936
8251 0.69226590 0.10596900 0.43125185 568.13473816
8252 0.69512416 0.09630006 0.43502809 568.45203990
8253 0.69592841 0.08776456 0.45463375 569.02910699
8254 0.69552757 0.07762619 0.46591699 571.10263619
8255 0.69648396 0.06659958 0.44402731 571.12701422
8256 0.69669545 0.05827436 0.42561154 571.61285327
8257 0.69897460 0.07871663 0.45257506 571.24554893
8258 0.69412880 0.09720299 0.45457524 568.46739479
8259 0.69759630 0.12479586 0.44739524 571.08661537
8260 0.69267293 0.14343041 0.45482706 567.10752574
8261 0.69605645 0.14993733 0.50582800 565.71758001
8262 0.69768011 0.17444329 0.54411042 565.16275552
8263 0.69338313 0.16387724 0.53098452 565.81360713
8264 0.69268566 0.19509495 0.54054405 565.23356852
8265 0.69329851 0.21797864 0.53352416 566.67582218
8266 0.69283014 0.19528051 0.50942583 566.46265586
8267 0.69487846 0.17635331 0.50580622 566.13485062
8268 0.69035172 0.16064833 0.52126957 569.64759841
8269 0.69453934 0.13498699 0.53317052 568.23998896
8270 0.69249204 0.15077911 0.50182599 566.50112830
8271 0.69368020 0.15558493 0.50595427 565.60021732
8272 0.69396694 0.15203564 0.53271872 566.47075261
8273 0.69371735 0.17873707 0.52872448 564.97393196
8274 0.69521193 0.16563200 0.54801846 565.00578211
8275 0.69425415 0.16788961 0.53076868 565.01926668
8276 0.69448658 0.17887262 0.54673055 564.62974377
8277 0.69702205 0.18749901 0.52664055 566.99334388
8278 0.69754063 0.17688749 0.50675914 568.97390066
8279 0.69392794 0.18557189 0.49852269 566.98249986
8280 0.69063805 0.17120337 0.49425082 567.08248941
8281 0.69592771 0.18147331 0.51426292 566.57144207
8282 0.69281973 0.17025288 0.51208414 565.59020266
8283 0.69618151 0.15239798 0.50655861 565.76425898
8284 0.69140984 0.16831586 0.51633704 566.91425621
8285 0.69262899 0.15877781 0.51810875 566.38081100
8286 0.69855756 0.16279472 0.53015817 566.46001713
8287 0.69719117 0.17427037 0.54146654 564.98634663
8288 0.69696026 0.15228688 0.51954202 565.58185571
8289 0.69331339 0.14976985 0.50091983 565.97395956
8290 0.69718337 0.16147775 0.51848139 565.96526885
8291 0.69435687 0.15879568 0.51968345 565.27229358
8292 0.69933182 0.15437727 0.52347318 567.53338082
8293 0.69260965 0.16113814 0.53296196 566.99713928
8294 0.69873538 0.14060992 0.55090822 566.40087093
8295 0.69531126 0.16703603 0.58031624 566.77510938
8296 0.69443368 0.17465458 0.57299885 566.12478317
8297 0.70197925 0.18376078 0.56827904 569.34624243
8298 0.69685898 0.20515772 0.55077200 566.03672071
8299 0.69141980 0.20882343 0.55905926 566.27357258
8300 0.69851294 0.21296312 0.58153380 565.40497066
8301 0.69427443 0.19727319 0.57988886 564.59605411
8302 0.70299966 0.16401634 0.59283303 567.83229169
8303 0.69784143 0.16377514 0.59022055 565.84049838
8304 0.69811158 0.20267283 0.59889970 563.51560518
8305 0.69841669 0.16286512 0.58662744 565.49943238
8306 0.69939146 0.15494731 0.57945008 565.92359572
8307 0.69778441 0.15655828 0.58946672 566.87018496
8308 0.69611722 0.17755864 0.59062085 565.36357432
8309 0.69775791 0.17471559 0.57144329 564.32731072
8310 0.69651639 0.15444368 0.54340456 565.21432913
8311 0.69643260 0.17098891 0.52784206 565.21327352
8312 0.69821112 0.17248455 0.54203451 565.66064231
8313 0.69455622 0.14802246 0.52555458 566.02345387
8314 0.69613040 0.16549549 0.51126128 565.86768135
8315 0.69190391 0.17733125 0.52287989 566.10429538
8316 0.69615743 0.19495792 0.56525453 563.99788312
8317 0.69554370 0.18536576 0.56485851 564.13179696
8318 0.69654937 0.19020458 0.57133800 563.86842290
8319 0.69251176 0.19661121 0.55060783 565.37693934
8320 0.69981743 0.21548358 0.56522383 569.98351662
8321 0.69308004 0.17307436 0.54101603 565.80648953
8322 0.68941565 0.18434663 0.54290922 570.55857958
8323 0.69829742 0.20455881 0.56285892 566.27630096
8324 0.69355231 0.18868212 0.58087228 566.18624496
8325 0.69782417 0.22875991 0.59392165 565.03867455
8326 0.69424827 0.20150435 0.55092912 564.56996974
8327 0.69597769 0.19389143 0.55554980 564.32388464
8328 0.69741616 0.19302795 0.55933143 564.79327262
8329 0.69976919 0.21223803 0.58464697 566.61683545
8330 0.69289110 0.21438379 0.61380311 567.05214307
8331 0.69536336 0.21289895 0.64648401 566.62981122
8332 0.69406320 0.21801725 0.63890208 567.16061689
8333 0.69308845 0.22161223 0.58071862 564.76437219
8334 0.69236105 0.22648123 0.57741876 565.32099569
8335 0.69027283 0.24639443 0.58243751 567.62061423
8336 0.69046073 0.23581744 0.57141256 567.23149798
8337 0.69234922 0.21831958 0.58169305 565.51486611
8338 0.69817888 0.21921204 0.58730231 565.08243473
8339 0.69638961 0.21182339 0.59806877 563.35047927
8340 0.70362268 0.18106196 0.61694783 567.41136338
8341 0.69818937 0.18518747 0.64034718 566.84737501
8342 0.70541678 0.15313718 0.62226591 570.66479251
8343 0.70376555 0.21114201 0.64866985 566.28588639
8344 0.69886609 0.23253664 0.64844287 562.70659518
8345 0.69438079 0.24243948 0.65407092 565.21150962
8346 0.69787619 0.24045341 0.62401883 563.61831218
8347 0.69983861 0.19857669 0.63161354 563.82977681
8348 0.70209969 0.17526103 0.62365360 565.99837720
8349 0.69803220 0.20375190 0.61947335 563.39910409
8350 0.69850946 0.22102104 0.62501149 563.05866591
8351 0.69976511 0.21833150 0.63380343 563.28076271
8352 0.70303721 0.22562207 0.60548417 572.05439810
8353 0.69899443 0.23703473 0.59961801 566.81188432
8354 0.70020127 0.21842301 0.62826196 563.79405490
8355 0.69679800 0.21689049 0.63764083 563.73149772
8356 0.69919898 0.27430430 0.67946760 563.26759188
8357 0.69788609 0.27187284 0.69872727 562.53787271
8358 0.69563104 0.27207125 0.68085612 563.57306526
8359 0.69724609 0.25471332 0.67445492 562.74526144
8360 0.69851349 0.24819676 0.67490372 562.46980777
8361 0.69766904 0.25293161 0.66467631 562.55934336
8362 0.69748536 0.26532026 0.67854737 562.59221624
8363 0.70028797 0.28663117 0.69700893 563.91415156
8364 0.69699701 0.30472948 0.69174872 564.33112872
8365 0.69293278 0.28191437 0.65637654 565.64691458
8366 0.69784851 0.29931136 0.69432590 563.86845398
8367 0.69869520 0.29611269 0.71144835 562.91826309
8368 0.69606076 0.30355842 0.68347405 564.60268491
8369 0.69344316 0.30038601 0.67573450 565.70215883
8370 0.69151227 0.32595354 0.68813280 568.88687390
8371 0.70172306 0.33176344 0.73163481 568.77559224
8372 0.69904954 0.35222384 0.75275093 566.52398537
8373 0.69621491 0.31627776 0.78080472 567.05095821
8374 0.70550459 0.31937502 0.78734030 565.78555766
8375 0.70094334 0.30872263 0.75375366 562.68912195
8376 0.70092908 0.29104256 0.74146085 562.31988568
8377 0.70168323 0.27106391 0.72339868 562.52581843
8378 0.70293863 0.24861193 0.70817009 563.39169524
8379 0.70247647 0.25784120 0.72267663 562.89191100
8380 0.70174049 0.23665867 0.70258870 563.29485796
8381 0.70162987 0.23224775 0.70120909 563.56097856
8382 0.70110704 0.24020349 0.68817554 562.81714147
8383 0.69934735 0.24513412 0.68353127 562.52778594
8384 0.69829878 0.27617816 0.70742941 562.44744127
8385 0.69779492 0.24091434 0.68952692 564.00952654
8386 0.70342577 0.26434012 0.68395105 566.88636370
8387 0.70126688 0.28147735 0.68230923 565.97274886
8388 0.70092969 0.26597295 0.67488473 564.37873881
8389 0.70236071 0.29259380 0.69198996 568.35116474
8390 0.69831107 0.32491069 0.67979633 570.23189191
8391 0.69005041 0.32842640 0.67771618 571.01352409
8392 0.69854428 0.31268466 0.68178255 567.66692650
8393 0.69665557 0.31353439 0.69423251 565.04704291
8394 0.69491835 0.31624159 0.68286891 565.98992403
8395 0.69252494 0.27433333 0.65652606 566.18917963
8396 0.69248492 0.27371130 0.65927662 566.38525790
8397 0.69619578 0.26001736 0.67189422 563.18025341
8398 0.69672579 0.24109719 0.66074193 563.19861301
8399 0.69763963 0.25517234 0.66404709 562.58725752
8400 0.70204858 0.25188255 0.70591012 562.89474163
8401 0.69864869 0.23690043 0.66032037 562.58723665
8402 0.69736671 0.26245514 0.66757129 562.69151977
8403 0.69516386 0.28150817 0.64502187 564.80042166
8404 0.70222518 0.26662004 0.68772721 564.83150036
8405 0.70279686 0.25248513 0.67894808 565.08052742
8406 0.70124446 0.25255096 0.71392955 562.70388618
8407 0.70089482 0.29450684 0.73839553 562.48770410
8408 0.70199326 0.29742737 0.77017011 562.43108922
8409 0.70036636 0.30907059 0.76458825 562.43218680
8410 0.69982887 0.31502060 0.79249419 563.41195814
8411 0.70364095 0.28480223 0.80639618 564.69223487
8412 0.70466956 0.28943387 0.78657231 563.43341815
8413 0.69550650 0.29916241 0.75392680 567.15927985
8414 0.69788587 0.29400043 0.75915900 564.45813133
8415 0.70382699 0.26736431 0.74447937 563.34127372
8416 0.70162348 0.27488299 0.75632098 562.89950684
8417 0.70109698 0.28464663 0.76379532 562.82072265
8418 0.70224825 0.28608542 0.76648869 562.61669768
8419 0.69990083 0.26797072 0.76779352 566.20648313
8420 0.70673211 0.26963319 0.79066148 565.44279738
8421 0.70423094 0.28401578 0.78434094 563.40119829
8422 0.70367989 0.31311486 0.79226381 563.05299288
8423 0.70412113 0.31877937 0.77561132 564.83766409
8424 0.70286956 0.31774243 0.74883556 565.71161753
8425 0.69696145 0.32248576 0.72832518 564.07050255
8426 0.69393631 0.29765877 0.70127116 565.58742796
8427 0.69450279 0.30965775 0.70628105 565.09391803
8428 0.69643836 0.30679019 0.69891396 564.08712741
8429 0.69729032 0.29148810 0.71010485 562.89832018
8430 0.69893336 0.29550070 0.69486725 563.98841316
8431 0.69553105 0.28972919 0.68124442 563.84014324
8432 0.69869905 0.26380075 0.68972389 562.33915209
8433 0.69233828 0.30435654 0.67220579 566.94780757
8434 0.69777034 0.28235381 0.67408565 563.59005764
8435 0.69439547 0.28749287 0.63457835 566.12291167
8436 0.69350882 0.30582903 0.66345592 566.35138914
8437 0.69522128 0.28327710 0.64137288 565.24074741
8438 0.69368658 0.27009924 0.64639742 564.70513487
8439 0.69648080 0.27295155 0.63689597 564.89125295
8440 0.69404279 0.28344338 0.65801339 564.75073370
8441 0.69588181 0.29331856 0.66108601 565.00974455
8442 0.69793211 0.28208639 0.65722924 565.06803683
8443 0.69601955 0.27748913 0.68367902 563.29836986
8444 0.69768909 0.29706852 0.67517903 565.09215024
8445 0.69294964 0.30892131 0.68798771 566.49823563
8446 0.69799825 0.30515274 0.69023416 564.94498337
8447 0.70399208 0.27819772 0.74142689 563.79700789
8448 0.70016215 0.28182689 0.74401829 562.48692655
8449 0.70479405 0.26836612 0.77468591 564.12617575
8450 0.70758969 0.28068291 0.80209003 565.80299711
8451 0.70831207 0.27343659 0.81183045 566.90939703
8452 0.70796154 0.27727127 0.81083049 566.36101217
8453 0.70203687 0.29625269 0.82188585 566.11531410
8454 0.70670206 0.26845731 0.81794758 567.20846240
8455 0.70741118 0.29548541 0.81783946 565.30544561
8456 0.71091251 0.28272885 0.83388520 569.64347400
8457 0.70840003 0.29334579 0.83246608 566.33362094
8458 0.69944287 0.30131001 0.83178674 571.17162399
8459 0.69807406 0.31902501 0.82136444 568.63767511
8460 0.70115974 0.32939344 0.82737147 563.82740162
8461 0.69976834 0.31887321 0.83994761 568.37653273
8462 0.69956298 0.33382637 0.84439032 567.07193895
8463 0.70708806 0.33864704 0.82852403 566.70480942
8464 0.70049293 0.34688855 0.81632389 563.36416818
8465 0.69983461 0.33231217 0.78671894 563.00661963
8466 0.70303237 0.34413144 0.80614646 564.09299126
8467 0.69891844 0.33493401 0.80353148 563.96327154
8468 0.70182969 0.32622470 0.79243927 562.76930507
8469 0.69634385 0.32791494 0.79102126 566.80489578
8470 0.69585013 0.35317069 0.79926997 566.85938024
8471 0.69818325 0.30151024 0.77083858 564.43881077
8472 0.70677718 0.29612128 0.75232221 569.14967022
8473 0.70106682 0.29865575 0.76899915 562.43621473
8474 0.70144944 0.30568987 0.76036867 562.52916549
8475 0.70174584 0.31558631 0.75419424 563.67910568
8476 0.69775859 0.30622640 0.71104377 563.50730586
8477 0.69518486 0.33448467 0.71185837 566.25016937
8478 0.69406283 0.33630814 0.70911295 566.96814848
8479 0.69185173 0.31074231 0.70164698 568.56302398
8480 0.70157895 0.30515740 0.69785487 568.40733603
8481 0.69906281 0.30883214 0.67235555 569.03615752
8482 0.69987359 0.29686422 0.66534442 568.98242985
8483 0.69821119 0.29210048 0.64105638 569.29185148
8484 0.69298184 0.28158963 0.66051735 565.65200797
8485 0.70445269 0.24481426 0.68184256 566.72402916
8486 0.70259505 0.28434525 0.70748292 565.35477670
8487 0.70317657 0.27931842 0.69954586 566.54674329
8488 0.69868264 0.24071279 0.72581734 567.00969695
8489 0.69680447 0.26185382 0.72202401 565.91332793
8490 0.69610720 0.27372065 0.75319807 569.83395809
8491 0.69867107 0.26806641 0.75515574 566.25186680
8492 0.69570962 0.29185317 0.74325593 566.40086726
8493 0.69835821 0.27218509 0.75763580 566.40057672
8494 0.70578573 0.27109159 0.73826661 565.92587109
8495 0.70426850 0.29547710 0.71061262 569.86807040
8496 0.69717239 0.31946742 0.73075129 563.75294133
8497 0.70029853 0.32621013 0.74941976 564.07416268
8498 0.70255258 0.29821954 0.74814785 563.27037504
8499 0.70128967 0.30659407 0.74384064 563.19663993
8500 0.70213471 0.31089718 0.74759741 564.05738754
8501 0.69858750 0.32831281 0.76802305 563.25031626
8502 0.70213484 0.33068358 0.78408610 563.48344070
8503 0.70324948 0.29597712 0.79313930 563.01557210
8504 0.69997677 0.33579224 0.75505286 564.57278341
8505 0.70132930 0.30084727 0.75850669 562.38406338
8506 0.70187978 0.29217244 0.75559024 562.40530698
8507 0.70206765 0.30395027 0.79113487 562.73986473
8508 0.70029424 0.28911697 0.75610163 562.57407227
8509 0.69858992 0.30050259 0.72181988 562.79170737
8510 0.69485256 0.30470676 0.75722430 568.21613729
8511 0.69780578 0.28743357 0.75777710 565.11755993
8512 0.69602747 0.28464947 0.74658774 567.12182529
8513 0.70020414 0.28798169 0.74779669 562.38022115
8514 0.69537671 0.29751616 0.74671465 566.76369316
8515 0.70560515 0.29009744 0.76643396 564.92094565
8516 0.70064291 0.30503565 0.73586070 563.12599836
8517 0.69898743 0.30054740 0.71548849 563.12091321
8518 0.69984054 0.30596524 0.74428137 562.56022317
8519 0.69854100 0.28325616 0.73925254 563.14757255
8520 0.69785124 0.27513104 0.76026651 567.13637580
8521 0.69818328 0.26802742 0.72832075 563.95416791
8522 0.69625530 0.26465834 0.69129628 563.69859287
8523 0.69506685 0.27403479 0.66365695 563.78389151
8524 0.69873839 0.24624417 0.66818446 562.46048287
8525 0.70308957 0.21803690 0.69264965 564.59789759
8526 0.69820762 0.23644717 0.68833585 564.01280091
8527 0.69674818 0.30041215 0.71256974 563.32396136
8528 0.69816946 0.31376041 0.72248148 563.62493800
8529 0.70131992 0.29994528 0.71144168 565.26808605
8530 0.69989359 0.29221109 0.74200841 562.29472781
8531 0.69932831 0.29983387 0.75492734 562.61871158
8532 0.70011212 0.29922000 0.75742329 562.39982682
8533 0.70185241 0.31669652 0.76888110 562.99671425
8534 0.70315221 0.30555912 0.75468083 564.02398032
8535 0.69970288 0.31184819 0.75645944 562.57289225
8536 0.69886249 0.29766874 0.74484009 562.61483808
8537 0.70246695 0.30279949 0.74962281 563.45505341
8538 0.70040603 0.29263225 0.70155198 564.29510711
8539 0.69889565 0.28980084 0.71730914 562.46419254
8540 0.69360068 0.30102965 0.67958750 565.57094837
8541 0.69806713 0.30671689 0.68067029 566.23894692
8542 0.69382932 0.29246040 0.67659079 565.11110940
8543 0.69601251 0.31082921 0.71663650 564.01861627
8544 0.70065674 0.30256921 0.73471007 563.00534538
8545 0.69731691 0.31544670 0.74058738 563.41448154
8546 0.70457274 0.28824692 0.74155166 565.27179682
8547 0.69830504 0.29353012 0.71536366 562.65120772
8548 0.69237662 0.30243441 0.72107511 569.61252340
8549 0.69086170 0.33116400 0.72096727 571.20621775
8550 0.69586457 0.33483116 0.73370775 565.15693518
8551 0.69604929 0.31864682 0.74767547 564.58873139
8552 0.69926457 0.32403481 0.73435890 564.32884629
8553 0.69770870 0.33148314 0.74144634 564.21370158
8554 0.69944121 0.34551764 0.74904215 566.12601268
8555 0.69548585 0.33944547 0.75739259 565.55675212
8556 0.69549284 0.32446233 0.75779632 565.63710302
8557 0.69794901 0.32399201 0.73537091 563.84717278
8558 0.70153152 0.30947623 0.72433922 565.46323227
8559 0.70238488 0.30734508 0.72981648 565.67829153
8560 0.69563480 0.28646789 0.72514544 565.28301255
8561 0.69694124 0.29392650 0.71223748 563.10019786
8562 0.70148178 0.28629014 0.71692447 563.40894364
8563 0.69627376 0.30000026 0.70623044 563.57330070
8564 0.70059510 0.28331202 0.69455823 564.06348744
8565 0.69652456 0.29516565 0.67888540 564.12322448
8566 0.69491248 0.26604508 0.67046272 564.06559317
8567 0.69909186 0.25581261 0.64590692 564.10405650
8568 0.69443094 0.27308190 0.64252262 564.41624126
8569 0.69780796 0.27313350 0.65205490 564.37348639
8570 0.69360105 0.21996496 0.62246949 566.03744156
8571 0.69766333 0.20765907 0.61303587 563.22589257
8572 0.70174354 0.20027555 0.62351628 564.98720862
8573 0.69999271 0.19931377 0.61351920 563.95628323
8574 0.70121552 0.18629829 0.57558256 567.34519765
8575 0.69913549 0.18074716 0.55938086 565.68139764
8576 0.70029352 0.16067243 0.57881670 565.77237697
8577 0.70039831 0.15756606 0.56933140 566.10288095
8578 0.70096269 0.16978985 0.57677584 566.18696335
8579 0.69141642 0.17989217 0.56770314 569.74044674
8580 0.68987946 0.20096954 0.54079811 568.05126576
8581 0.69269157 0.21603521 0.54577882 565.62412538
8582 0.68979355 0.23450743 0.55143781 568.02358407
8583 0.69403500 0.22866556 0.53487182 568.36228916
8584 0.69539261 0.21172873 0.57094042 564.13856899
8585 0.70139332 0.22150234 0.60619450 567.69395420
8586 0.69499219 0.18953034 0.60997920 566.75192607
8587 0.69515487 0.21521486 0.64940297 566.95097944
8588 0.70154462 0.21346428 0.62179811 565.41019044
8589 0.69709858 0.20131157 0.61707272 563.81470969
8590 0.70068766 0.19573367 0.62291665 564.20142187
8591 0.70143002 0.19620698 0.64283455 564.50815887
8592 0.69586054 0.21773023 0.62914536 563.98185255
8593 0.69977661 0.21092655 0.63833291 563.30627707
8594 0.69701796 0.21806020 0.61337651 563.09536859
8595 0.69737272 0.23429582 0.64030242 562.76312399
8596 0.69685114 0.21220152 0.65231025 565.29230698
8597 0.70106097 0.22082817 0.62336023 565.17081878
8598 0.69903195 0.23335277 0.62465083 563.86807113
8599 0.69969502 0.23160676 0.62285550 564.49230588
8600 0.69650714 0.21308330 0.61974965 563.45208345
8601 0.69672414 0.19954000 0.61416724 564.04902803
8602 0.69816069 0.19143340 0.61396538 564.02806187
8603 0.69844797 0.21669890 0.62847055 562.99766139
8604 0.69824407 0.20618006 0.63226861 563.53922631
8605 0.69869048 0.20370601 0.60717037 563.49831651
8606 0.69900844 0.17896271 0.60864308 564.71104889
8607 0.69746808 0.17921827 0.60702984 565.26645679
8608 0.69601649 0.16464805 0.56361508 565.24018493
8609 0.69909120 0.17328431 0.56468701 565.09299771
8610 0.70060667 0.19651665 0.59488648 565.41297354
8611 0.69400846 0.19834039 0.60714710 566.64500429
8612 0.69664163 0.19238732 0.58720611 563.74939936
8613 0.69609594 0.19750903 0.60055013 564.01542989
8614 0.69557577 0.20721137 0.59086958 563.62631307
8615 0.69555445 0.19401490 0.59538648 564.44197255
8616 0.69529932 0.22518753 0.60046258 563.56316079
8617 0.69521962 0.22107259 0.58642163 563.84613306
8618 0.69234279 0.24015363 0.60841516 565.62277370
8619 0.70087901 0.20395408 0.59925593 565.85593233
8620 0.69326080 0.22264923 0.59662294 564.82940373
8621 0.69552590 0.21066847 0.58847854 563.60758211
8622 0.69605608 0.19961779 0.57063509 563.88157445
8623 0.69825880 0.19950749 0.56070824 565.95132457
8624 0.69389124 0.18597129 0.56031842 564.93040634
8625 0.69794379 0.19207162 0.58437159 563.83953633
8626 0.69978619 0.17063300 0.57418722 565.23661642
8627 0.69723250 0.17902921 0.58220773 564.23340106
8628 0.69511605 0.17830716 0.57842061 565.36491743
8629 0.70209073 0.18041230 0.59056386 566.96214098
8630 0.69906035 0.20149708 0.60566634 563.69159621
8631 0.70330240 0.20819714 0.63449535 566.54353266
8632 0.70065424 0.21763473 0.65555191 563.31697409
8633 0.70265532 0.20256958 0.66645458 564.95659217
8634 0.70262487 0.20839083 0.65634490 564.64136377
8635 0.69455426 0.21377647 0.62775752 565.79061553
8636 0.69971791 0.22589184 0.60724374 565.48991522
8637 0.69705067 0.24997342 0.62457297 563.87456647
8638 0.69554651 0.20987231 0.63753542 565.83166173
8639 0.69929362 0.22542078 0.65740970 562.87239280
8640 0.69851105 0.24111133 0.65046325 562.67763842
8641 0.69796919 0.23997883 0.64218812 562.77660497
8642 0.69320756 0.26815834 0.65429723 565.35183687
8643 0.69589755 0.25619711 0.69101367 564.77446499
8644 0.69735210 0.24532343 0.67708349 563.20709600
8645 0.70240199 0.24167431 0.68376939 563.66484203
8646 0.70000035 0.21303181 0.67992405 564.85322208
8647 0.70562039 0.22973976 0.67746298 568.03741912
8648 0.70498488 0.22410108 0.69606299 565.70604326
8649 0.70201301 0.20203296 0.72357156 571.02522589
8650 0.70262028 0.20605507 0.70660489 567.13593057
8651 0.70354237 0.21524286 0.69329288 565.00709771
8652 0.70461613 0.20229144 0.70125600 567.10289096
8653 0.70667227 0.19269783 0.73300142 572.05155172
8654 0.70554871 0.17898436 0.74406826 578.53280351
8655 0.71039817 0.19591360 0.77501330 577.61346761
8656 0.71173895 0.23237734 0.76503032 574.07549712
8657 0.70447801 0.25402886 0.78887612 567.04617861
8658 0.70925335 0.26624190 0.78245218 568.55529349
8659 0.70474879 0.27182590 0.78348851 564.22943545
8660 0.70754756 0.27600547 0.78011525 566.22184597
8661 0.70713017 0.28015311 0.76377110 566.74939258
8662 0.70867678 0.27472214 0.77522543 568.27414823
8663 0.70343992 0.28556557 0.79216910 563.61090418
8664 0.70199819 0.33102764 0.80283737 562.83423242
8665 0.70080093 0.34296589 0.80993996 563.15650605
8666 0.70063040 0.34285642 0.84480273 564.75755027
8667 0.70337879 0.34173665 0.82907915 563.25762489
8668 0.70032199 0.34549479 0.78923435 563.67930041
8669 0.69864119 0.34486966 0.80506826 564.09222360
8670 0.69939334 0.34510873 0.81573626 563.92407169
8671 0.69791889 0.33564312 0.80667217 565.25404257
8672 0.70045440 0.32224451 0.79489746 562.88029947
8673 0.69761255 0.31346698 0.78486630 565.44122565
8674 0.70767820 0.28274681 0.79174291 566.08383077
8675 0.70431696 0.25518707 0.77574727 565.53125298
8676 0.69906076 0.25106876 0.77295421 572.50858956
8677 0.70620956 0.23200962 0.77774127 569.23992118
8678 0.70165647 0.25249250 0.77749117 568.36216514
8679 0.70332688 0.26196253 0.76951103 564.41457239
8680 0.70372434 0.25493933 0.76094690 564.50320937
8681 0.70691368 0.24511024 0.73581589 566.72574644
8682 0.70164489 0.22924841 0.73235985 566.54513720
8683 0.70445667 0.23510610 0.73611461 565.17237161
8684 0.70188783 0.24095209 0.73824092 565.07503738
8685 0.69800637 0.23039933 0.69767112 566.04556926
8686 0.70629734 0.20349044 0.70195679 568.03747831
8687 0.70206972 0.20969865 0.69691081 565.79543639
8688 0.69965398 0.22946921 0.70674374 565.32514428
8689 0.70231038 0.27046952 0.72703315 562.74942835
8690 0.70023596 0.27116522 0.70709681 562.35012943
8691 0.70005050 0.27535395 0.68669831 563.44252018
8692 0.69706239 0.30250182 0.70130989 563.62590617
8693 0.70056227 0.28657374 0.70208405 563.73358921
8694 0.69765996 0.29112246 0.67414779 564.42538347
8695 0.69611375 0.28889475 0.67131830 563.98092930
8696 0.70218468 0.26824245 0.68198949 565.56749423
8697 0.69562894 0.26131112 0.65135770 563.33725246
8698 0.69243168 0.24523745 0.64739190 567.62056076
8699 0.69436427 0.21910430 0.63817586 566.41356103
8700 0.69829663 0.26153534 0.61546737 567.50757755
8701 0.69368582 0.27394564 0.64900689 564.77871213
8702 0.70127807 0.26583055 0.66591907 565.78141299
8703 0.70124060 0.24293912 0.71529358 563.38719108
8704 0.70152559 0.24282657 0.71235754 563.21309899
8705 0.70389829 0.23481219 0.72007965 564.41710319
8706 0.70268680 0.24199185 0.71957574 563.57234854
8707 0.70566266 0.23993338 0.73591785 565.44644691
8708 0.70100654 0.25644008 0.71123190 562.50711956
8709 0.70270580 0.25665549 0.69658424 563.89349833
8710 0.69851437 0.28720033 0.71251245 562.48507903
8711 0.70114670 0.22772147 0.70353840 564.24649671
8712 0.70216464 0.27524753 0.71462846 563.35794959
8713 0.70403214 0.26486828 0.72349408 564.17422975
8714 0.69704631 0.29346159 0.72120735 563.17293256
8715 0.70093010 0.29509965 0.73254190 562.75511842
8716 0.70198878 0.29729972 0.72951533 563.96079824
8717 0.69754219 0.30377942 0.74084714 563.21263458
8718 0.69615854 0.27663451 0.73595374 566.64198800
8719 0.69999803 0.29411627 0.73443901 562.35422385
8720 0.69848360 0.32832362 0.76931205 563.29330452
8721 0.69802814 0.31910658 0.77543149 563.83659593
8722 0.69896320 0.33438346 0.77845067 563.31107286
8723 0.70419280 0.31810121 0.79259865 563.68047741
8724 0.70085409 0.33000136 0.79820382 562.81187461
8725 0.70571255 0.31311037 0.78586020 565.53976751
8726 0.69631931 0.34246721 0.76437931 564.99647335
8727 0.69862108 0.34204639 0.77333063 563.85564371
8728 0.69853646 0.32088997 0.78478736 563.79727884
8729 0.69933207 0.31847837 0.76875273 562.78619165
8730 0.69316660 0.32813593 0.75201213 569.01577044
8731 0.68931081 0.34598741 0.72888781 575.01150782
8732 0.68991871 0.32529961 0.69090139 571.49431529
8733 0.69845323 0.33782041 0.69532193 570.84102538
8734 0.69978513 0.33040972 0.70406137 569.71111467
8735 0.70258863 0.33938260 0.73107095 572.40064082
8736 0.69571285 0.35664799 0.76855521 566.14818519
8737 0.69362335 0.36921881 0.76892213 568.95162978
8738 0.69709766 0.35513028 0.76928730 565.30233780
8739 0.69488555 0.34622471 0.77904190 567.21455577
8740 0.69470126 0.35607085 0.76041232 566.99963030
8741 0.69609981 0.34025237 0.77205463 565.32023604
8742 0.69726382 0.29595193 0.76789736 566.06237019
8743 0.69587463 0.33209271 0.76935790 565.56254291
8744 0.69006412 0.34060423 0.73090162 573.49432992
8745 0.69602119 0.31943484 0.72249191 564.34000316
8746 0.69707583 0.30234799 0.72076391 563.19992413
8747 0.69946164 0.29572218 0.70087771 563.89360256
8748 0.70068486 0.29790994 0.68966563 566.79054771
8749 0.69472806 0.32419092 0.70016981 565.90854899
8750 0.69599066 0.32202404 0.75941974 565.14698690
8751 0.70068163 0.27899395 0.77530798 564.53166393
8752 0.70366232 0.29200308 0.77485640 562.92725034
8753 0.70001567 0.32056571 0.78505784 562.81070361
8754 0.70778424 0.30231280 0.79016595 567.52439963
8755 0.70077154 0.32282423 0.81204615 563.48254351
8756 0.70169263 0.32299526 0.82281785 563.54897573
8757 0.69818751 0.32442712 0.78632315 564.08279905
8758 0.69851867 0.33765601 0.78291200 563.60162729
8759 0.70212614 0.31665218 0.79603101 562.60730199
8760 0.70327790 0.30554649 0.79856434 562.84300362
8761 0.70516206 0.27084273 0.79121028 564.78207644
8762 0.70239886 0.27820998 0.74915357 562.57689056
8763 0.70120230 0.25993209 0.73592826 563.08068144
8764 0.70159305 0.26159598 0.72717257 562.61856662
8765 0.69923305 0.27105753 0.70759102 562.26889115
8766 0.70498621 0.26790625 0.73084203 565.08049532
8767 0.70660087 0.27502160 0.72867443 568.91257643
8768 0.70477367 0.27285388 0.75520440 563.86957870
8769 0.70382277 0.27529781 0.75843454 563.17544424
8770 0.70304076 0.27162149 0.73746467 562.96516152
8771 0.70236754 0.28287870 0.75583523 562.53918609
8772 0.69850521 0.28675524 0.73860906 562.94849877
8773 0.69619323 0.29090126 0.69157784 563.45008405
8774 0.70048807 0.29571932 0.71501351 563.56877273
8775 0.69620069 0.28846286 0.71363282 563.74214417
8776 0.69866240 0.27602408 0.74007794 563.64544152
8777 0.69763469 0.30842749 0.70907669 563.77230850
8778 0.69692050 0.30452013 0.70167760 563.76318694
8779 0.69924177 0.29862711 0.68773934 565.33100255
8780 0.69992677 0.27849190 0.67639057 564.54295635
8781 0.69929965 0.24246425 0.69545208 563.12345387
8782 0.70011592 0.24298438 0.70101311 563.01021161
8783 0.70420720 0.24610632 0.71886534 564.17002423
8784 0.70273553 0.26443584 0.70116873 564.11665740
8785 0.69673915 0.24084481 0.67995458 564.37350210
8786 0.69777846 0.22963200 0.65551387 563.01952167
8787 0.70228948 0.24089381 0.68245822 563.60317107
8788 0.70117782 0.22304350 0.66783165 563.31421517
8789 0.70090251 0.20205062 0.66385890 564.70370406
8790 0.70140188 0.19237198 0.65201143 565.10171536
8791 0.69648172 0.19854017 0.63180441 565.67440227
8792 0.70339616 0.20215348 0.64440936 565.84502248
8793 0.70359961 0.17688564 0.63867811 567.02754958
8794 0.69995811 0.19143360 0.63405744 564.45150391
8795 0.69898075 0.17840203 0.64178609 567.48663000
8796 0.69963104 0.16687080 0.61525380 566.38101453
8797 0.69937950 0.18026258 0.65044894 567.80425817
8798 0.69847257 0.20086055 0.63371610 563.94960871
8799 0.69795628 0.24030936 0.63795376 562.92208144
8800 0.69618443 0.22240861 0.63232327 563.54543815
8801 0.70043771 0.21463225 0.63976192 563.46227852
8802 0.69518114 0.25341040 0.64005904 563.50662502
8803 0.69445998 0.23999248 0.63686320 564.27649999
8804 0.70087812 0.20902166 0.64156525 563.73206646
8805 0.70292916 0.21054662 0.66293078 564.71711922
8806 0.69669616 0.21683872 0.64823160 564.51677096
8807 0.69779812 0.24275460 0.65217405 562.61535703
8808 0.70011585 0.21590009 0.64006239 563.29469585
8809 0.69842663 0.22075375 0.65185920 563.16511567
8810 0.69719881 0.22961007 0.63470625 562.85427967
8811 0.69927034 0.23070649 0.60077566 566.19136383
8812 0.70035822 0.25402015 0.61779574 569.24861179
8813 0.69083970 0.28058435 0.61701338 567.90410248
8814 0.69137357 0.29963125 0.63623905 568.21871652
8815 0.69409562 0.28960083 0.60828032 569.10035803
8816 0.69533435 0.26613355 0.59703301 567.43767981
8817 0.68963182 0.27686635 0.57955674 570.03879443
8818 0.69174507 0.24837215 0.58699638 566.18605775
8819 0.69204267 0.24303318 0.60677348 565.87075501
8820 0.69927955 0.26181191 0.63721289 565.95528430
8821 0.69580109 0.24729373 0.65215164 563.32270690
8822 0.69427935 0.25938616 0.69227951 567.19414222
8823 0.69811382 0.24898877 0.70251188 563.87325624
8824 0.69777863 0.28384871 0.67869225 563.43519832
8825 0.69542706 0.32121755 0.69755259 565.59029283
8826 0.69870868 0.30699681 0.74831217 562.70565998
8827 0.70409062 0.27282690 0.73660535 563.89939064
8828 0.69439679 0.29950717 0.74973986 568.88952181
8829 0.69667774 0.28266417 0.71555354 563.58635934
8830 0.69934257 0.28453011 0.71854822 562.31352195
8831 0.69959162 0.25049831 0.68002467 562.42091561
8832 0.69750685 0.25573861 0.67610732 562.63187774
8833 0.69618967 0.28409483 0.68724169 563.29568775
8834 0.69983496 0.28070931 0.69805548 562.98188924
8835 0.69687877 0.27480815 0.69976138 563.07077713
8836 0.69726943 0.26656210 0.71063619 563.70743570
8837 0.70176564 0.27093963 0.70696387 563.19371846
8838 0.69647652 0.29680373 0.68915826 563.75125591
8839 0.69775788 0.28788442 0.73999991 563.61459234
8840 0.70263090 0.27955281 0.71599789 564.07368237
8841 0.70067910 0.28626002 0.72052900 562.65397587
8842 0.69605059 0.29421925 0.73606687 564.96202974
8843 0.69517437 0.30592389 0.70540860 564.43235323
8844 0.69891661 0.30363197 0.70860554 563.79421552
8845 0.69658793 0.29847811 0.68457942 564.10229369
8846 0.69808695 0.28268251 0.70776366 562.51766510
8847 0.70480325 0.25091171 0.71780500 564.85738761
8848 0.70108204 0.28082239 0.68887032 564.87181385
8849 0.70008181 0.30550503 0.70963815 564.82391284
8850 0.69563107 0.28593545 0.66180545 564.23554122
8851 0.69626406 0.28268329 0.66262365 563.94363708
8852 0.69759518 0.26544616 0.64252790 564.22540102
8853 0.69491076 0.26098114 0.63098886 564.01100634
8854 0.70046839 0.22728736 0.63390340 564.09591472
8855 0.70047019 0.22218222 0.62000675 564.84403256
8856 0.69226924 0.23660771 0.59864070 565.54256970
8857 0.69339384 0.22461628 0.60393749 564.84666787
8858 0.69834391 0.22975388 0.59386411 565.70417369
8859 0.69953559 0.22613037 0.64007829 563.06645810
8860 0.69621223 0.23471398 0.63051878 563.06704696
8861 0.69879024 0.22652643 0.61524528 563.89070424
8862 0.69537697 0.23058372 0.63386207 563.77080724
8863 0.69986852 0.24642291 0.64749568 563.84229811
8864 0.69305239 0.25722905 0.60636891 565.29449121
8865 0.69520616 0.25748882 0.60704393 565.16096259
8866 0.69172980 0.27268989 0.62209822 566.60261806
8867 0.69303525 0.26523268 0.65149286 565.54416399
8868 0.69726762 0.26258403 0.67256827 562.65268742
8869 0.69663664 0.24972466 0.68390994 563.92832416
8870 0.69923557 0.20867835 0.65409118 563.94536259
8871 0.70081317 0.25141844 0.67139192 563.35466929
8872 0.69711895 0.25976225 0.66907651 562.68914364
8873 0.69415828 0.27751582 0.67656782 564.78764740
8874 0.69428924 0.27459066 0.67384064 564.61148842
8875 0.69454020 0.28813200 0.68648322 564.52794401
8876 0.70009339 0.26943916 0.73933526 563.03366952
8877 0.70175355 0.27194954 0.73912767 562.49644567
8878 0.70136592 0.28217083 0.72923670 562.49589539
8879 0.70317554 0.29660533 0.73542825 564.76970835
8880 0.70312259 0.26609304 0.70470278 564.44294226
8881 0.69809246 0.24374132 0.69158245 563.60237622
8882 0.70256096 0.22693582 0.70639344 564.25315048
8883 0.69971997 0.22581638 0.70041052 565.15342013
8884 0.70240819 0.22578628 0.66236406 564.26086098
8885 0.70107547 0.22276887 0.64684684 563.71237311
8886 0.70483290 0.22053109 0.66730197 566.96055703
8887 0.70138919 0.20745811 0.71804033 569.41518346
8888 0.70711635 0.18284979 0.72139541 572.92342474
8889 0.70336715 0.18081254 0.70060803 571.45808419
8890 0.70848493 0.20059035 0.68881425 571.60063867
8891 0.69690508 0.21748975 0.70381870 571.88665076
8892 0.70273844 0.23084844 0.70451596 563.89423709
8893 0.70915173 0.23511138 0.73280018 570.57716685
8894 0.70490182 0.27146064 0.76784890 563.87570998
8895 0.69453435 0.29689462 0.73933276 567.61972169
8896 0.69963642 0.29202276 0.74324808 562.36695429
8897 0.69569772 0.24216583 0.69727706 567.76241715
8898 0.70023185 0.24288561 0.67280780 562.67251269
8899 0.69509075 0.24729712 0.64534060 563.69094778
8900 0.69372318 0.23163047 0.63896505 566.01917444
8901 0.69796729 0.24350413 0.64837120 562.69010796
8902 0.70199069 0.22795802 0.65729394 564.16940861
8903 0.70199211 0.19514569 0.67091366 565.84633965
8904 0.69834879 0.18738259 0.64029023 566.29377594
8905 0.70346831 0.19310596 0.64215271 566.08345421
8906 0.70205834 0.20578392 0.65471038 564.36259359
8907 0.70117354 0.24577206 0.65105047 564.91191828
8908 0.69831620 0.24801833 0.66000965 562.55015893
8909 0.70064430 0.25668706 0.68724002 562.70599686
8910 0.69410012 0.27412821 0.66680108 564.60995060
8911 0.68925551 0.27171623 0.67753798 576.15327018
8912 0.70067315 0.25882138 0.69553123 562.52150110
8913 0.70022045 0.22278366 0.66867224 563.18960101
8914 0.70035933 0.25094960 0.70514678 562.61591559
8915 0.70209372 0.27774372 0.72707545 562.81494257
8916 0.69905792 0.27262734 0.73144141 563.00356934
8917 0.70011680 0.26751137 0.69334554 562.60831032
8918 0.70478210 0.24718955 0.71640176 564.81488138
8919 0.70063092 0.25244153 0.71213975 562.70516885
8920 0.70271804 0.24602299 0.72102069 563.37316243
8921 0.70598546 0.24274551 0.72577019 565.85920060
8922 0.70200815 0.23258865 0.71916275 564.49553677
8923 0.70597673 0.27673420 0.76824922 564.73038287
8924 0.70414323 0.25420032 0.73433272 563.81685382
8925 0.69895673 0.26078316 0.69987591 562.41430464
8926 0.69768989 0.24585086 0.70768667 565.24216693
8927 0.70430920 0.27912207 0.72154845 565.86296736
8928 0.69499758 0.27525841 0.69438880 564.71889960
8929 0.69888499 0.28450231 0.69705628 562.86590253
8930 0.69795105 0.28375468 0.70946282 562.56888872
8931 0.69455036 0.31763532 0.69796480 565.52275534
8932 0.69731734 0.31989180 0.73328001 563.68121988
8933 0.69901405 0.29833014 0.75742837 562.94490901
8934 0.69852770 0.30960341 0.77186130 563.57699429
8935 0.70263182 0.31080624 0.77850445 562.75289827
8936 0.69836165 0.31024390 0.76018159 563.13711441
8937 0.69994536 0.32765033 0.79245190 562.98030186
8938 0.70031076 0.31585662 0.78894188 562.88508916
8939 0.70265906 0.34184955 0.80698471 563.58211987
8940 0.69965133 0.33844444 0.80968473 563.58994416
8941 0.70398959 0.33187855 0.82798136 563.20140151
8942 0.70562470 0.31620497 0.82796317 563.81662192
8943 0.70175420 0.34051990 0.78862115 563.88718244
8944 0.70787620 0.32805772 0.76810998 575.88680737
8945 0.69855212 0.35269716 0.74942720 566.58932748
8946 0.69466483 0.32763789 0.74704283 566.13473819
8947 0.69976907 0.33212706 0.73199099 566.10554241
8948 0.69789965 0.29971193 0.70147224 563.48879897
8949 0.70097063 0.28098640 0.72305741 562.46604316
8950 0.70569095 0.28531847 0.75820684 565.28188881
8951 0.70342969 0.28238888 0.73198145 564.02243416
8952 0.69670496 0.31822599 0.69507621 565.58634986
8953 0.69379295 0.30359494 0.66311650 566.05348238
8954 0.69071293 0.30009956 0.62901907 569.06519783
8955 0.70122714 0.27975860 0.65300151 570.07720047
8956 0.69653063 0.27605518 0.64895432 564.27550413
8957 0.69432681 0.24207597 0.61245743 563.99436009
8958 0.69319441 0.23743014 0.58375580 565.00207291
8959 0.69240716 0.25090918 0.56909461 567.03266794
8960 0.69452264 0.21834957 0.56447389 564.70114733
8961 0.69953761 0.21996433 0.59654925 565.78303659
8962 0.69231484 0.25058484 0.62233907 565.81820749
8963 0.69756162 0.26698216 0.64402829 564.23824609
8964 0.69925768 0.25683397 0.65066964 563.94086929
8965 0.69579397 0.24114169 0.65665018 563.79285211
8966 0.69967346 0.23276486 0.68256103 563.09512241
8967 0.69882301 0.26039403 0.70579325 562.65721558
8968 0.69976136 0.25326296 0.68955813 562.36987239
8969 0.70184880 0.22693420 0.68272613 563.46302032
8970 0.70286193 0.22488931 0.69006911 564.03395260
8971 0.70361573 0.19948610 0.67335710 565.81164923
8972 0.70119781 0.20994251 0.65809754 563.83189968
8973 0.70234674 0.20429091 0.68911465 565.86634754
8974 0.70121212 0.22796508 0.65392778 563.63020002
8975 0.69949851 0.23167480 0.66833274 562.77016719
8976 0.70163084 0.23356783 0.65324429 564.31100754
8977 0.69959703 0.24732717 0.63333462 564.92761110
8978 0.69790825 0.21589455 0.63596161 563.15123234
8979 0.69476236 0.22870484 0.67888363 569.44137390
8980 0.69284951 0.27187475 0.63487224 565.46756283
8981 0.69386912 0.26556234 0.63606467 564.52113382
8982 0.69637901 0.26911482 0.64568872 563.83252482
8983 0.69182664 0.27348543 0.64244751 566.68985001
8984 0.69171413 0.26003519 0.61467871 566.31524174
8985 0.69565651 0.24726416 0.61443689 563.89661390
8986 0.69369003 0.25101024 0.61596092 564.48265055
8987 0.69201327 0.27360727 0.62371212 566.36291734
8988 0.69946786 0.23654917 0.60415474 566.83798635
8989 0.69583550 0.25922281 0.60597047 565.78132073
8990 0.69239493 0.24826672 0.61592530 565.58963260
8991 0.69420620 0.25263440 0.56914693 567.88770888
8992 0.69338058 0.25362049 0.57202109 567.26583618
8993 0.69199237 0.21666245 0.58216715 566.03043678
8994 0.69697195 0.20655804 0.56838292 564.65694055
8995 0.69490179 0.22924680 0.56872171 565.36454567
8996 0.69275397 0.21930629 0.55830438 565.25641025
8997 0.69457910 0.22523206 0.59333641 563.89481533
8998 0.69507241 0.21976583 0.58287350 563.93516240
8999 0.69429493 0.19831468 0.59490524 565.25107670
9000 0.69653574 0.21175258 0.59190662 563.47821218
9001 0.69805798 0.19157363 0.59634531 563.71181971
9002 0.69386103 0.21468818 0.59693213 564.60152499
9003 0.69794165 0.19238098 0.59637516 563.67755336
9004 0.69202382 0.19438905 0.59305452 569.25214061
9005 0.69731744 0.17360777 0.57905676 564.50794768
9006 0.69602507 0.17517921 0.59221518 565.87861084
9007 0.69954085 0.19809763 0.60159481 564.08399799
9008 0.70067534 0.21545991 0.63221210 563.88944324
9009 0.69742324 0.24453487 0.67172597 562.97228253
9010 0.70196207 0.22192442 0.68001193 563.70966406
9011 0.69584658 0.24927093 0.66326067 563.58108931
9012 0.69862830 0.25489836 0.63528418 564.56048632
9013 0.70173756 0.26163729 0.65930012 566.76119488
9014 0.69888554 0.23478512 0.68706463 563.55656334
9015 0.69992419 0.23063472 0.68168206 563.14226877
9016 0.69831069 0.24717652 0.67817320 562.61209537
9017 0.69788669 0.24023865 0.68132757 563.41793216
9018 0.69912619 0.24369883 0.67841041 562.52705511
9019 0.69847073 0.23599650 0.68776014 563.78998534
9020 0.70200680 0.24015724 0.67586948 563.63227904
9021 0.70270871 0.23967392 0.67543765 564.35270161
9022 0.70019171 0.24661245 0.68658445 562.50306162
9023 0.70039843 0.25736159 0.68249945 562.78150232
9024 0.70041936 0.24865742 0.65688274 563.80929215
9025 0.70233520 0.23245086 0.67043834 563.96982777
9026 0.70011496 0.21845474 0.63830231 563.32913174
9027 0.69861083 0.20781668 0.64655950 563.89687503
9028 0.70466162 0.20279815 0.68674330 566.47497684
9029 0.70606316 0.22145666 0.68269795 567.90280593
9030 0.69693817 0.22762771 0.69440275 567.77551175
9031 0.70017743 0.24401755 0.67079819 562.71218872
9032 0.69803062 0.26400525 0.69084644 562.48865761
9033 0.70045686 0.26136482 0.71048202 562.35015363
9034 0.69590663 0.28489530 0.69198881 563.48041284
9035 0.69911823 0.32027629 0.72804652 564.29030068
9036 0.69778831 0.32395712 0.73432511 563.88435194
9037 0.69476890 0.31843228 0.73217239 565.47272574
9038 0.69642223 0.33861880 0.70576208 567.52106450
9039 0.69437006 0.32240966 0.69984713 565.92226673
9040 0.70087108 0.30402859 0.71715581 564.68822948
9041 0.69589741 0.30461298 0.73151831 564.35745596
9042 0.69940708 0.31769383 0.74619206 563.09119345
9043 0.70213190 0.33611771 0.79697473 563.29655719
9044 0.70235670 0.33576826 0.78531935 564.06060176
9045 0.69667112 0.33960894 0.76263099 564.62568916
9046 0.70048556 0.33568340 0.78756018 563.09035546
9047 0.70017416 0.36584616 0.82054320 564.25874891
9048 0.70241690 0.36420860 0.84487384 563.84112567
9049 0.70361796 0.34704228 0.83985146 563.40948990
9050 0.70225010 0.32371198 0.80825474 562.75398813
9051 0.70172077 0.32936857 0.79109589 562.91185899
9052 0.69515054 0.33779562 0.78602852 567.69064198
9053 0.69705864 0.34387779 0.80105513 565.57216950
9054 0.69645342 0.34604556 0.77759368 565.18191175
9055 0.70157218 0.34296130 0.80007008 563.43353036
9056 0.69874184 0.33975238 0.79726861 563.77197253
9057 0.70211842 0.35351295 0.81562059 563.86839787
9058 0.70317878 0.31727283 0.77093024 563.96813474
9059 0.70115852 0.31532839 0.79795225 562.87199776
9060 0.70396923 0.33458368 0.81131213 563.73200350
9061 0.69592293 0.36688926 0.80664852 567.01378194
9062 0.70586286 0.32314115 0.81949490 564.34267483
9063 0.70518292 0.30643590 0.81167296 563.58538842
9064 0.70248270 0.29159755 0.81353121 565.32498615
9065 0.70104084 0.30785686 0.81684699 564.97660998
9066 0.70257391 0.30184464 0.78530051 562.60994454
9067 0.70291320 0.30290744 0.77310045 562.75237349
9068 0.70384500 0.28542840 0.78577638 563.30561563
9069 0.70347455 0.32828684 0.78943771 564.02480773
9070 0.69864463 0.32548997 0.77503542 563.24422028
9071 0.69870325 0.33739376 0.78855706 563.57355167
9072 0.70068893 0.33226124 0.81575870 563.33634547
9073 0.70475682 0.29426903 0.81638091 564.18513762
9074 0.70378944 0.32686151 0.82018129 563.07162468
9075 0.69898851 0.35106252 0.81789987 564.26746488
9076 0.70592589 0.30871574 0.81471352 564.05799398
9077 0.70550306 0.30855499 0.83236063 564.07381989
9078 0.70411900 0.32243656 0.81874902 563.13451946
9079 0.70890767 0.30554869 0.84051919 566.59563105
9080 0.70595265 0.28784920 0.82372292 565.24592820
9081 0.70598244 0.33136937 0.83412419 564.32357772
9082 0.70532566 0.35495127 0.84566298 564.82878849
9083 0.69961204 0.36191493 0.84662317 564.96858973
9084 0.70237822 0.37837126 0.82346262 566.59911507
9085 0.69939378 0.38649903 0.83076847 565.77908573
9086 0.70046607 0.37664378 0.84118505 564.61925441
9087 0.70230743 0.36695442 0.83391224 564.34160368
9088 0.70394222 0.38382242 0.85911411 565.85493562
9089 0.70577109 0.36310676 0.88692557 564.50741274
9090 0.70190617 0.36517846 0.89453027 566.37158748
9091 0.70641251 0.37134407 0.87315459 565.95095412
9092 0.70458218 0.40552804 0.89439285 566.83739596
9093 0.70504104 0.39820468 0.87166702 568.17304957
9094 0.70990163 0.38392132 0.89482278 571.56875757
9095 0.70550541 0.35612251 0.90134438 565.11835254
9096 0.70176448 0.33809461 0.87442738 567.26799530
9097 0.70475707 0.33204882 0.85731217 563.96313283
9098 0.70744096 0.33160207 0.86450787 565.04322050
9099 0.70809670 0.30434128 0.83594575 565.77764481
9100 0.70868009 0.32529389 0.86183878 566.14624644
9101 0.70346550 0.34925571 0.89796752 566.76863638
9102 0.70153312 0.35553456 0.88086792 566.22796766
9103 0.70625422 0.36108600 0.91258100 565.44206473
9104 0.70601955 0.37398076 0.91525437 565.18602770
9105 0.70679795 0.31328671 0.88971022 568.31460883
9106 0.70893596 0.32204204 0.87082929 566.38817361
9107 0.70646096 0.33281944 0.83230952 564.98894877
9108 0.70533074 0.31827309 0.81035722 563.94724258
9109 0.70549179 0.31378472 0.80835930 563.96950300
9110 0.70151624 0.30717529 0.76419546 562.51777515
9111 0.69922928 0.32732124 0.75603466 563.36918493
9112 0.69917490 0.33872062 0.78318497 563.40067713
9113 0.69846742 0.30930296 0.78170569 564.36876219
9114 0.70363175 0.30647259 0.76116390 564.15355399
9115 0.70293206 0.31011959 0.73934678 565.77240883
9116 0.69688529 0.33049714 0.73374572 564.51483618
9117 0.69681970 0.34510351 0.75785605 564.91060207
9118 0.69741966 0.35957581 0.75984604 566.25549349
9119 0.69514728 0.34763093 0.75338748 566.14379125
9120 0.69911347 0.30477750 0.70143744 564.65860691
9121 0.70166701 0.28477862 0.70118335 564.81168678
9122 0.70008317 0.27273870 0.67954214 563.78409400
9123 0.69797672 0.26012778 0.65152819 563.31514969
9124 0.70124109 0.24830409 0.67140698 563.54947578
9125 0.70169954 0.22305770 0.67600090 563.52624352
9126 0.70288201 0.21035647 0.67778094 564.72404789
9127 0.70197404 0.23374129 0.70213282 563.49340825
9128 0.70120731 0.24319003 0.70759865 563.03677968
9129 0.70161746 0.24009306 0.70059662 563.04422308
9130 0.70118670 0.26790386 0.69480260 563.24403024
9131 0.70168408 0.25400019 0.72001705 562.79329362
9132 0.70486790 0.27146223 0.76061856 563.85910835
9133 0.70039596 0.29064413 0.75742858 562.52215012
9134 0.69952957 0.30627764 0.77013229 562.86422599
9135 0.69808867 0.29556460 0.74124949 563.01526392
9136 0.70333614 0.24561979 0.72694225 563.70044122
9137 0.70184863 0.24897047 0.70493318 562.84923380
9138 0.70487788 0.22896286 0.71890219 565.30076915
9139 0.69747416 0.25666482 0.70700710 564.11292281
9140 0.69902382 0.23989337 0.69609811 563.56473187
9141 0.70230887 0.23674422 0.68610283 563.45420780
9142 0.69895688 0.22300287 0.68809338 565.02715587
9143 0.69985354 0.23863048 0.66338061 562.70821749
9144 0.70203140 0.22707686 0.66194081 563.95108427
9145 0.69463579 0.23898643 0.60718442 563.89426722
9146 0.69608143 0.23886042 0.59899685 564.35575768
9147 0.69442181 0.24969906 0.62993056 563.93238368
9148 0.70330198 0.22684114 0.67673316 564.54796722
9149 0.70149068 0.27488706 0.69490494 564.10555994
9150 0.70308549 0.26946960 0.72306754 563.43146038
9151 0.70335009 0.24340437 0.72610911 563.81789288
9152 0.69874259 0.23609787 0.70954214 565.59278886
9153 0.69912643 0.24646792 0.68807008 562.63033147
9154 0.70319835 0.25397010 0.70062804 564.04322940
9155 0.70327755 0.21694281 0.70970701 565.55986197
9156 0.69936792 0.22704344 0.71017860 566.47626404
9157 0.70621067 0.22799261 0.71183415 566.68024498
9158 0.70409367 0.26224794 0.71695132 564.51035664
9159 0.69812567 0.27524595 0.70916374 562.55923381
9160 0.70303526 0.24384549 0.68691080 564.21058103
9161 0.69403121 0.26691587 0.70462381 568.19493903
9162 0.69335263 0.25745013 0.69388075 569.68524261
9163 0.70429610 0.25566117 0.66449335 570.22993935
9164 0.69160039 0.26826570 0.63170721 566.74641132
9165 0.69864794 0.27397744 0.65986700 564.39869910
9166 0.69941390 0.29153568 0.67726136 565.66260874
9167 0.70187382 0.25199657 0.66724806 564.87066858
9168 0.69986496 0.24910019 0.67793403 562.50194884
9169 0.69473623 0.25988325 0.66529515 564.27765251
9170 0.70096570 0.25421204 0.67468008 563.44717298
9171 0.69935160 0.26553917 0.70036768 562.27240661
9172 0.70350332 0.25534591 0.75111466 563.90076798
9173 0.70269604 0.23430758 0.73215189 565.07966536
9174 0.70682248 0.26986472 0.75630959 566.17848734
9175 0.70622081 0.27902381 0.75099952 566.18805024
9176 0.70795977 0.27701923 0.75309358 569.11656992
9177 0.70696903 0.24887302 0.77745261 566.78600751
9178 0.70625187 0.26414775 0.76104247 565.15001569
9179 0.69890826 0.28782434 0.75697823 563.67415301
9180 0.70070239 0.30364353 0.76605738 562.37981958
9181 0.69816256 0.31049043 0.73976008 562.93943619
9182 0.69981493 0.30128581 0.74880079 562.37906463
9183 0.70159047 0.29954085 0.72600993 564.08088086
9184 0.70295009 0.30743785 0.74348732 564.98122955
9185 0.70426232 0.29768467 0.76232905 564.05740173
9186 0.70012736 0.29785486 0.78653855 564.01198111
9187 0.70417098 0.24458423 0.79609264 570.43957683
9188 0.70129186 0.26541238 0.80002597 569.91446664
9189 0.69938545 0.27544203 0.81588772 574.68367509
9190 0.70360393 0.27169677 0.82602117 569.79312931
9191 0.70640731 0.26180889 0.79042197 565.90095702
9192 0.70721356 0.24914302 0.77164452 566.69306519
9193 0.70385914 0.24284113 0.77318971 567.52851996
9194 0.70907700 0.23161663 0.75897055 569.66655626
9195 0.70170321 0.24583594 0.74111861 564.76626719
9196 0.70469428 0.27177086 0.73755094 564.48383947
9197 0.70332375 0.27122373 0.72947451 563.42360154
9198 0.70440348 0.26728359 0.72532898 564.64128686
9199 0.69634941 0.26591968 0.73970071 568.55545496
9200 0.70509282 0.23178032 0.68542713 566.53666207
9201 0.70493621 0.25445722 0.69188728 567.50790755
9202 0.70186350 0.26515641 0.71468344 562.71679136
9203 0.70049335 0.27179354 0.70352752 562.56842174
9204 0.69795765 0.27786378 0.71878168 562.86997587
9205 0.69754813 0.26673700 0.71275302 563.55460427
9206 0.69692527 0.28113742 0.69793354 562.92102448
9207 0.70296636 0.30118723 0.73904266 564.67900647
9208 0.69743317 0.29063187 0.71131461 562.82885233
9209 0.69566462 0.31368470 0.70102172 564.68126007
9210 0.69979302 0.30908480 0.71775133 564.26116650
9211 0.70298468 0.27704477 0.74389822 562.86429442
9212 0.70486243 0.24171063 0.74206721 564.96199748
9213 0.70585390 0.25960850 0.73855028 565.41040367
9214 0.70425988 0.28250490 0.72950928 565.34830154
9215 0.70068332 0.26333094 0.71689200 562.37387966
9216 0.69777606 0.26317218 0.70635012 563.21423026
9217 0.70281271 0.25994347 0.70070210 563.93577040
9218 0.70155998 0.25546860 0.69941388 562.79063476
9219 0.70063641 0.24391225 0.71587998 563.54888648
9220 0.69889104 0.24574733 0.68818966 562.75911614
9221 0.70300984 0.25467477 0.68430479 565.08322302
9222 0.70090140 0.21829538 0.66850167 563.48042336
9223 0.70121840 0.20254929 0.64031534 564.09787891
9224 0.69404146 0.21832363 0.62304459 565.60942453
9225 0.69218251 0.23303845 0.61233743 566.34213153
9226 0.69711398 0.25346681 0.62597109 564.10602616
9227 0.69516470 0.22211221 0.60803695 563.60325263
9228 0.69670458 0.22634668 0.60943895 563.26710521
9229 0.70076438 0.21296141 0.59667076 566.79485294
9230 0.69169605 0.21046232 0.60229970 568.61771986
9231 0.69384615 0.24070889 0.59153374 564.68203592
9232 0.69098582 0.23845465 0.56575573 566.83046348
9233 0.69655754 0.24449912 0.60082716 565.01142859
9234 0.69752765 0.21273219 0.57931366 564.65427938
9235 0.68934162 0.21852609 0.56107925 568.99480955
9236 0.69571148 0.21928688 0.51905115 571.19079756
9237 0.69098284 0.18920769 0.49039932 567.33634445
9238 0.69280979 0.18645281 0.45987636 570.91134345
9239 0.68694833 0.17990493 0.45931840 571.09652030
9240 0.68754058 0.19247210 0.41754570 574.46709523
9241 0.68580854 0.15603752 0.42399013 572.70522589
9242 0.68597284 0.18434697 0.44721778 572.58075063
9243 0.68737870 0.17253544 0.45324727 570.53515568
9244 0.68766065 0.17793811 0.47222928 570.18617277
9245 0.68939450 0.16845076 0.46531825 568.34462011
9246 0.69587717 0.16398288 0.47460437 569.27881226
9247 0.69326781 0.17376003 0.47573025 567.66949799
9248 0.69044940 0.16738745 0.50831110 567.84729638
9249 0.68953123 0.16396488 0.51650743 570.34263994
9250 0.69932161 0.15983925 0.50514970 570.11877855
9251 0.68874330 0.16961920 0.49487060 569.60825323
9252 0.69423788 0.16745906 0.49910612 565.82756677
9253 0.69310630 0.15523922 0.49049332 565.93224871
9254 0.69446482 0.16493603 0.48685037 566.64679287
9255 0.69300670 0.17892727 0.47808078 567.79672282
9256 0.68755780 0.18685806 0.47999663 570.31421092
9257 0.69403757 0.19279487 0.48495203 569.61781298
9258 0.69592920 0.19700344 0.47925807 574.43829665
9259 0.69817504 0.17533560 0.51933215 568.08447483
9260 0.69762211 0.17282248 0.52831529 566.20248303
9261 0.70014784 0.14819553 0.51613716 569.09150355
9262 0.69971308 0.12734862 0.49948087 568.98067493
9263 0.69805207 0.13794675 0.50491900 566.94408477
9264 0.69547939 0.12061081 0.50801937 567.56309795
9265 0.69307659 0.15407418 0.51827185 566.34951807
9266 0.69931413 0.15221944 0.53152631 566.80167937
9267 0.69320411 0.17411977 0.54227587 565.66218357
9268 0.69977586 0.15810946 0.52875516 567.87709852
9269 0.69777320 0.15200386 0.51273604 566.52161314
9270 0.70345158 0.12614053 0.51746277 574.00249992
9271 0.70102279 0.12536842 0.49606714 571.34856676
9272 0.70406005 0.14066625 0.53153458 574.76578432
9273 0.69307173 0.11041962 0.52281497 574.58033389
9274 0.70237995 0.09378210 0.53972264 573.12357921
9275 0.70571496 0.12525466 0.55866167 574.88697853
9276 0.69451748 0.12608091 0.54398040 571.36940504
9277 0.69460512 0.13788324 0.54309860 568.68474182
9278 0.69927520 0.13336510 0.50404965 568.21657940
9279 0.69845003 0.15370426 0.53419598 565.88650458
9280 0.69757157 0.14896451 0.54592384 565.54979651
9281 0.70237791 0.15822850 0.57934892 567.72387047
9282 0.69824639 0.17691415 0.56355262 564.61610120
9283 0.69681772 0.17417273 0.57071238 564.39478580
9284 0.69384687 0.17418438 0.56166426 566.03113673
9285 0.69228467 0.19056837 0.56205473 566.40579616
9286 0.69540618 0.19355732 0.52572344 566.13374837
9287 0.69509625 0.15491809 0.53346439 565.41901565
9288 0.69251389 0.16097698 0.53591523 567.35813363
9289 0.69837125 0.17018985 0.53923087 565.91531102
9290 0.69639162 0.17443994 0.53932146 564.71454494
9291 0.69804575 0.18289046 0.56535995 564.49215953
9292 0.69936804 0.17524590 0.55405229 566.07716794
9293 0.69859574 0.18043694 0.57242061 564.49429890
9294 0.69589796 0.19467455 0.55115714 564.55553398
9295 0.69412964 0.16470227 0.52546015 565.15896865
9296 0.69279508 0.16586985 0.53346451 566.33659314
9297 0.69918980 0.16772335 0.55984918 565.34954830
9298 0.69736270 0.19227878 0.54367146 566.02098394
9299 0.69538589 0.15456303 0.55007583 566.00810866
9300 0.69650449 0.14577919 0.56420991 567.36373403
9301 0.69842283 0.12677869 0.54272966 567.60810642
9302 0.69431184 0.14299446 0.54526538 568.40787318
9303 0.69856159 0.14041860 0.54572719 566.28846832
9304 0.69890344 0.13784741 0.53537789 566.53419237
9305 0.69555947 0.15640777 0.53009332 565.11220901
9306 0.69693813 0.15440340 0.54564417 565.19776918
9307 0.70098176 0.18315060 0.55473504 569.14000508
9308 0.69895249 0.19231069 0.55365015 566.90385544
9309 0.69565129 0.18110578 0.56571173 564.28072274
9310 0.68710321 0.20839342 0.54975474 573.90067199
9311 0.69326655 0.20336521 0.56202570 564.76510263
9312 0.69601263 0.18325771 0.53731164 564.91034750
9313 0.69928287 0.17277581 0.57402902 564.88431845
9314 0.69744558 0.18462248 0.55656398 564.62279118
9315 0.69510123 0.19287225 0.56448185 564.07300993
9316 0.69683021 0.18450990 0.57401156 563.95262366
9317 0.69347246 0.19388983 0.56602417 565.01678945
9318 0.69306189 0.20082038 0.57283293 565.26735649
9319 0.69713937 0.16593124 0.56595432 564.77028274
9320 0.69930203 0.18048300 0.56834256 565.21418729
9321 0.69304075 0.18423226 0.57428537 566.90059719
9322 0.70079579 0.16932071 0.56858111 566.47056951
9323 0.69692831 0.14837446 0.57481661 567.55772053
9324 0.70413343 0.15790206 0.56291049 572.22631121
9325 0.70181178 0.14330698 0.58934751 568.08989806
9326 0.69282679 0.18395392 0.54058127 565.38631508
9327 0.69122440 0.19168356 0.53905610 566.61004558
9328 0.69569765 0.18200293 0.54747063 564.35742699
9329 0.69520217 0.19069272 0.57117464 564.12041598
9330 0.69646630 0.20669349 0.57834979 563.83544735
9331 0.69289089 0.24164164 0.58864829 565.16487701
9332 0.69852294 0.22094048 0.59775365 564.61752329
9333 0.69675138 0.21244107 0.60109755 563.28479539
9334 0.69283381 0.23699201 0.56489349 565.98188012
9335 0.69114120 0.22375882 0.56027534 566.39846488
9336 0.69942639 0.19808172 0.56570281 566.79067864
9337 0.69839498 0.19110801 0.56776482 564.87499332
9338 0.69617305 0.18014081 0.55581423 564.21465626
9339 0.69845343 0.21069363 0.56269841 567.24544156
9340 0.69417730 0.23167931 0.56875979 565.35219864
9341 0.69478573 0.24145881 0.58167958 565.44563380
9342 0.69351695 0.24058508 0.59708023 564.61140348
9343 0.69950323 0.21556425 0.61544707 563.84773929
9344 0.70041329 0.21034331 0.59992944 565.67135174
9345 0.69461901 0.17920258 0.59305370 567.09755733
9346 0.69939892 0.17901546 0.57901302 564.74983841
9347 0.69835516 0.18346783 0.59143489 564.04533859
9348 0.69381853 0.19731771 0.57955793 564.99910187
9349 0.69439691 0.19945288 0.55441814 564.39324619
9350 0.69455184 0.20308600 0.57165019 564.08918433
9351 0.69480427 0.24183131 0.59910138 564.29643382
9352 0.69454542 0.24387920 0.59700803 564.54001495
9353 0.69343305 0.21868379 0.58888809 564.61652638
9354 0.69896893 0.23043573 0.60085775 565.75129594
9355 0.69279512 0.23786840 0.56903919 565.80702241
9356 0.68878162 0.24608850 0.53734133 570.05739397
9357 0.69080579 0.22194463 0.52921880 567.40766904
9358 0.69491118 0.23425249 0.56376405 566.39797654
9359 0.69501463 0.20408719 0.57743706 563.88309227
9360 0.69737623 0.21049436 0.59033813 563.72264871
9361 0.69670920 0.20233443 0.57091079 564.11914200
9362 0.69453886 0.21962504 0.59431727 563.89592570
9363 0.69281600 0.20651988 0.59209495 566.20078622
9364 0.69564962 0.25015894 0.60296467 564.90942489
9365 0.69340501 0.22857774 0.61793536 565.24897073
9366 0.69067461 0.23621925 0.58452197 567.17820402
9367 0.69865169 0.22516350 0.58900248 566.08666369
9368 0.69622424 0.21299730 0.57941695 563.95974835
9369 0.69198932 0.19065873 0.57697977 568.06091588
9370 0.69976479 0.20061931 0.55825964 568.62483376
9371 0.69516419 0.18569827 0.56351706 564.24232125
9372 0.69562628 0.19193370 0.56225632 564.02493216
9373 0.69419641 0.21302485 0.54445842 565.58947997
9374 0.69766117 0.19254057 0.57025765 564.26664570
9375 0.69722153 0.21840078 0.57552470 565.22855146
9376 0.70106860 0.20955824 0.62705415 564.33888307
9377 0.69795428 0.20952903 0.64213144 563.84504417
9378 0.70007210 0.23153173 0.64457148 563.33114527
9379 0.69534708 0.24765800 0.62906700 563.45327955
9380 0.69376758 0.23144464 0.60510122 564.32773608
9381 0.69808331 0.19372246 0.60953383 563.75191347
9382 0.69722829 0.19663106 0.61889291 564.23508503
9383 0.69966429 0.17936107 0.61198607 564.74199950
9384 0.69979088 0.16550055 0.64146402 569.38308303
9385 0.70233461 0.16008006 0.66465503 571.95990772
9386 0.70266483 0.19086976 0.67066110 566.37648355
9387 0.70243666 0.20230133 0.69723223 566.89048193
9388 0.70278430 0.22250057 0.66789088 564.34382043
9389 0.69587248 0.23818307 0.66626083 564.58041825
9390 0.69287835 0.24251123 0.67845454 571.11882801
9391 0.70305508 0.26589171 0.66257151 569.56010196
9392 0.69371706 0.25592993 0.64970248 564.94373725
9393 0.69394807 0.27005223 0.62080183 565.27415695
9394 0.69378202 0.23656790 0.60661456 564.29203337
9395 0.69362241 0.24133156 0.62006754 564.52800767
9396 0.69780197 0.23002879 0.62854684 562.92492932
9397 0.70122766 0.21507506 0.62398357 564.93533021
9398 0.70213991 0.18094506 0.61329659 565.82923506
9399 0.70122766 0.18048118 0.63844445 565.75608548
9400 0.70127590 0.17394089 0.62623933 565.91661982
9401 0.70298293 0.19361804 0.60687080 567.63802162
9402 0.70076220 0.18972343 0.60496743 564.80264523
9403 0.70111062 0.18241169 0.60296800 565.20194015
9404 0.70142793 0.17303170 0.63058005 566.24465836
9405 0.69825806 0.17851341 0.59922785 564.53911898
9406 0.69477056 0.18477909 0.58097406 565.18938379
9407 0.69969634 0.16591256 0.56989066 565.37448448
9408 0.69649268 0.15282945 0.54927405 565.51586833
9409 0.70025068 0.13478441 0.54892915 567.39561976
9410 0.69809587 0.15848652 0.54913524 565.17095998
9411 0.69498637 0.16105931 0.53221525 565.05655774
9412 0.69557524 0.18317387 0.55308670 564.23386722
9413 0.68874198 0.20643386 0.51717964 568.92188979
9414 0.69374812 0.15402870 0.49730136 565.68918039
9415 0.69414366 0.17609643 0.51548519 565.27206902
9416 0.69607994 0.17698075 0.54281826 564.52595195
9417 0.69256286 0.19745327 0.55107236 565.31751096
9418 0.69684819 0.17598820 0.54768793 564.56856726
9419 0.69725770 0.14595259 0.53144029 565.60331873
9420 0.69700632 0.12462860 0.49506164 566.82604738
9421 0.69512680 0.11571673 0.47419353 567.09539375
9422 0.69165583 0.12758100 0.47953169 568.43127944
9423 0.69387883 0.12442488 0.47932524 566.88437445
9424 0.69301656 0.15691459 0.48408978 566.12262722
9425 0.69387106 0.17995821 0.50061884 566.29872690
9426 0.69443844 0.16534097 0.48883382 566.49968116
9427 0.69577858 0.18256483 0.49852943 568.35493248
9428 0.69424342 0.16212609 0.52176651 565.19280262
9429 0.69470572 0.16217880 0.49811246 565.83306614
9430 0.69072794 0.13064580 0.48810349 570.06138385
9431 0.68677410 0.15982262 0.47392971 572.88952685
9432 0.69327008 0.16456413 0.50306659 565.59737618
9433 0.69820741 0.14366905 0.52124998 566.28948047
9434 0.69937018 0.15636889 0.51017987 569.16042658
9435 0.69520437 0.14519272 0.52990807 566.07257337
9436 0.69687675 0.15033254 0.52454184 565.42996428
9437 0.69781628 0.15445237 0.54794597 565.26114867
9438 0.69724739 0.16415981 0.51495597 566.43189563
9439 0.69252719 0.16163354 0.53214392 566.99227381
9440 0.69732663 0.15039773 0.54212178 565.40198506
9441 0.69525202 0.15307275 0.53841780 565.66136157
9442 0.69478768 0.15741319 0.51961859 565.20194838
9443 0.69439504 0.15916324 0.54739221 566.17788789
9444 0.69642000 0.15330012 0.56559836 566.42077888
9445 0.70083900 0.15930812 0.56750421 566.50401479
9446 0.69788173 0.14564531 0.55996749 566.27583148
9447 0.69737638 0.16362795 0.53342271 565.28455920
9448 0.69872045 0.14093813 0.53067015 566.37990870
9449 0.69803441 0.14099591 0.56890105 567.43164018
9450 0.70003773 0.14298847 0.56260446 566.75762672
9451 0.69746444 0.18663302 0.58495201 563.86081914
9452 0.69363200 0.20998640 0.60404426 565.57987504
9453 0.69870870 0.21258002 0.59714996 564.23775180
9454 0.69283909 0.21618720 0.57272801 564.95918025
9455 0.69595475 0.23953877 0.60877746 563.75929909
9456 0.69854564 0.24495730 0.60709162 566.36226528
9457 0.69574061 0.21969288 0.56573258 565.14630220
9458 0.70107292 0.24361461 0.59364272 573.20559068
9459 0.69135275 0.24108052 0.57596967 566.43003755
9460 0.69338960 0.23196702 0.61102147 564.78924725
9461 0.69567682 0.21928499 0.64524624 565.16092895
9462 0.70377699 0.20016954 0.61284920 568.99781169
9463 0.70134096 0.20462318 0.58793254 567.91423870
9464 0.70208973 0.22866926 0.62111096 567.91029927
9465 0.70204446 0.20738186 0.60862346 566.95516194
9466 0.69380614 0.23239245 0.62429601 564.84492174
9467 0.69933392 0.22775858 0.62494806 563.73214129
9468 0.69336757 0.22694981 0.62228404 565.69744292
9469 0.70151365 0.21748527 0.62644964 565.24418309
9470 0.70213585 0.20645030 0.63465254 564.94463280
9471 0.69784510 0.22651821 0.62635119 562.93639483
9472 0.69716774 0.20569683 0.62152956 563.63116415
9473 0.69857575 0.21406213 0.60772003 563.58900960
9474 0.69354436 0.24024648 0.61699483 564.55926473
9475 0.69503452 0.22034102 0.61222239 563.82092078
9476 0.69850571 0.22124451 0.60494940 564.05873907
9477 0.69944497 0.22394870 0.60827790 564.87327276
9478 0.69693723 0.19492034 0.60614290 563.94971266
9479 0.69593733 0.18359666 0.61875328 567.39022390
9480 0.69171519 0.22966078 0.60512853 566.85778491
9481 0.69242037 0.22603058 0.60620767 566.09838778
9482 0.69130140 0.23328783 0.60854883 567.51976217
9483 0.69606618 0.23210814 0.59792087 563.92960577
9484 0.69196201 0.26229034 0.56980314 568.33062000
9485 0.69305524 0.24741756 0.57541213 566.19566527
9486 0.69206329 0.24090964 0.62241845 566.62881540
9487 0.69085630 0.23329282 0.60298489 567.92049601
9488 0.69184400 0.27835520 0.60917993 567.27941666
9489 0.69313051 0.27459805 0.63219503 565.42265946
9490 0.69317466 0.27791046 0.63081562 565.64370260
9491 0.69146394 0.28914988 0.62994027 567.55699285
9492 0.69208864 0.27886431 0.63599950 566.37427123
9493 0.69913460 0.27885824 0.65358322 566.28644286
9494 0.69266578 0.29554461 0.63399893 567.23822223
9495 0.69198029 0.31332023 0.60126830 573.54438020
9496 0.68914398 0.31153398 0.60546272 572.86541784
9497 0.69039124 0.31275279 0.61981697 571.25201952
9498 0.69669317 0.27802054 0.63152833 566.26610965
9499 0.69070187 0.25382117 0.63348090 568.99298282
9500 0.69221359 0.23597726 0.66415527 571.73924030
9501 0.69340653 0.26690980 0.64027799 564.87776996
9502 0.69808108 0.26496641 0.62494945 566.48777122
9503 0.69337698 0.29305788 0.63390363 566.81704690
9504 0.69686310 0.25369507 0.65125164 562.85062372
9505 0.69537130 0.26127887 0.64820187 563.47751183
9506 0.70016781 0.22226676 0.64035947 563.33127005
9507 0.70181625 0.21867967 0.64045706 564.63322977
9508 0.69814347 0.21418269 0.63054115 563.07860808
9509 0.69961717 0.21019473 0.64624997 563.42298379
9510 0.69849789 0.21835447 0.61200551 563.48619074
9511 0.69121472 0.25570926 0.61339618 566.90635899
9512 0.69512112 0.25925221 0.63188017 563.84795043
9513 0.69663268 0.23902074 0.61605808 563.49602134
9514 0.69447998 0.25105891 0.63440463 563.91491053
9515 0.69924098 0.25868116 0.64206474 564.93510966
9516 0.69797533 0.26342498 0.66878263 562.69808999
9517 0.69657665 0.28009950 0.68446542 563.06245539
9518 0.70070409 0.28115896 0.67649305 565.84087155
9519 0.69323167 0.30097288 0.65627781 566.36797333
9520 0.69407665 0.30464649 0.63590901 568.36897545
9521 0.69496549 0.30244789 0.65523683 566.39518065
9522 0.69268400 0.29414053 0.64839463 566.44370537
9523 0.69878191 0.26818505 0.64665993 565.14813421
9524 0.69514598 0.24877026 0.67185198 564.94309967
9525 0.69719165 0.25461430 0.62949925 563.98307457
9526 0.69335873 0.29261826 0.63843312 566.46832581
9527 0.68908863 0.34026266 0.65461789 573.69745203
9528 0.69401497 0.33245342 0.66410045 570.01830585
9529 0.69509772 0.30380372 0.69175871 564.52049031
9530 0.70036947 0.30619996 0.71446503 564.71988767
9531 0.69797468 0.26398891 0.68663531 562.46726087
9532 0.70230118 0.24436092 0.66462948 564.99671998
9533 0.70252438 0.22342036 0.66452811 564.23601276
9534 0.70183398 0.22232318 0.65471626 563.99811014
9535 0.69585384 0.22202741 0.63170862 563.79961070
9536 0.69967575 0.21705617 0.66662017 563.64538518
9537 0.69787320 0.24306277 0.68679215 563.52693980
9538 0.69359148 0.23547039 0.65585801 567.49628979
9539 0.70199460 0.24568155 0.67320571 564.03132774
9540 0.69675587 0.24633987 0.69868214 565.48359947
9541 0.69835719 0.29489813 0.67500810 565.33497258
9542 0.69474924 0.25718256 0.61780915 564.36329246
9543 0.69270788 0.26927666 0.60161411 566.57137749
9544 0.69017479 0.29305646 0.63369457 569.11223680
9545 0.69625950 0.28000205 0.62430053 567.07592890
9546 0.69264681 0.29562340 0.62862664 567.61164848
9547 0.68990776 0.29321222 0.62344557 569.53197777
9548 0.69587249 0.28590783 0.65387635 564.73548402
9549 0.69921017 0.27847296 0.64149364 568.04447049
9550 0.69427061 0.27121443 0.63243656 564.72272318
9551 0.69285218 0.29428536 0.65747854 566.11914198
9552 0.69546864 0.29738328 0.67897701 564.35862111
9553 0.69376342 0.27034402 0.66808643 565.14150991
9554 0.69946004 0.25697811 0.66420458 563.13622327
9555 0.69982709 0.23697899 0.65457452 562.92505368
9556 0.69622987 0.23313583 0.64035923 563.23566043
9557 0.69762328 0.23911253 0.62819363 563.18984040
9558 0.69639400 0.23552883 0.64015174 563.05864192
9559 0.69958796 0.22275038 0.63791618 563.11461370
9560 0.70000785 0.18795826 0.64615651 565.57485072
9561 0.69529622 0.20124051 0.59454458 564.08061691
9562 0.69499233 0.21486791 0.59385222 563.73230305
9563 0.69774518 0.23022565 0.58882342 565.65213017
9564 0.69794783 0.20027829 0.58168568 564.08516833
9565 0.69476282 0.22510020 0.56229286 565.44683218
9566 0.69530069 0.19865267 0.59330793 564.19719083
9567 0.69080335 0.21872708 0.57545650 567.29683677
9568 0.69140585 0.22988745 0.56104992 566.30060546
9569 0.69604972 0.21763680 0.59740761 563.41439673
9570 0.69388251 0.21134274 0.60018099 564.92768998
9571 0.69727596 0.22416886 0.62024503 562.99287469
9572 0.69748618 0.22170931 0.60445295 563.51479238
9573 0.69634938 0.24014969 0.61026111 563.80531890
9574 0.69485940 0.24458272 0.60970816 563.97700429
9575 0.69863355 0.22421363 0.61930950 563.41997406
9576 0.69719944 0.22728766 0.63929635 562.95625648
9577 0.69966013 0.22165751 0.67857190 563.88808610
9578 0.69473442 0.26101876 0.64126284 563.84805497
9579 0.69645095 0.25990786 0.61908385 564.97413376
9580 0.69200645 0.25302854 0.61159582 565.91765738
9581 0.69691592 0.21911473 0.61961540 563.07219254
9582 0.69597828 0.22142254 0.63236614 563.76925079
9583 0.69502014 0.22000240 0.63845882 565.34926794
9584 0.70231279 0.19409877 0.65955618 565.37094799
9585 0.70293519 0.18981977 0.64444279 565.70803662
9586 0.70154698 0.19766857 0.65590527 564.75369264
9587 0.70129614 0.22127973 0.63275499 564.71155816
9588 0.69806175 0.18531382 0.62375007 565.31214086
9589 0.69766215 0.20253615 0.61727700 563.50525029
9590 0.69814901 0.24179938 0.63570815 563.15118157
9591 0.70230838 0.24999273 0.64376382 568.22846817
9592 0.69666781 0.19404652 0.66243378 570.51424905
9593 0.70171501 0.17859030 0.67583114 569.51922239
9594 0.70414017 0.19235207 0.66057270 566.52182093
9595 0.70435762 0.17888776 0.67211991 568.46855392
9596 0.69647802 0.19840639 0.66140740 569.64583047
9597 0.69496969 0.19424594 0.64107610 570.17596069
9598 0.69701147 0.20418412 0.64556109 565.59111141
9599 0.70351311 0.17239896 0.60425585 567.92343471
9600 0.70035408 0.17415629 0.61252371 565.26438200
9601 0.69644248 0.18541727 0.59011639 564.31853263
9602 0.69931715 0.19502628 0.58937982 564.44185065
9603 0.70120617 0.20359679 0.60021997 566.19746090
9604 0.70316570 0.18723943 0.62055343 566.64037607
9605 0.70299739 0.17549094 0.62701322 566.60188901
9606 0.69988268 0.18236134 0.62457130 564.93862048
9607 0.69862420 0.19325048 0.58783390 564.02243976
9608 0.70100146 0.18124934 0.58239420 566.14151772
9609 0.70032712 0.17369960 0.57158950 565.85460065
9610 0.69647948 0.19749367 0.58925291 563.61724847
9611 0.69935964 0.22397134 0.57245920 569.37269611
9612 0.69173167 0.24912924 0.58229682 566.36020984
9613 0.69783631 0.22596764 0.61402046 563.36727022
9614 0.69779295 0.25990442 0.64817186 563.42388700
9615 0.69620097 0.26801161 0.65248053 563.42043440
9616 0.69666479 0.26085874 0.68406496 563.18765560
9617 0.69964609 0.25766588 0.69738834 562.33212237
9618 0.69985458 0.26097750 0.71096347 562.42505469
9619 0.70010327 0.25983961 0.70974625 562.39670475
9620 0.70030695 0.27139525 0.72093781 562.26142686
9621 0.70284323 0.25025681 0.73286823 563.47658321
9622 0.70053124 0.29833476 0.73044520 562.85536312
9623 0.70149738 0.30132921 0.74651993 562.81254430
9624 0.70304771 0.25782168 0.75681404 564.02700403
9625 0.70381341 0.26340999 0.75021664 563.44053784
9626 0.70423086 0.27281332 0.71163166 566.07922070
9627 0.69900246 0.27690645 0.72601732 562.55776236
9628 0.69841524 0.30266923 0.71591887 563.11508651
9629 0.69902684 0.31778286 0.71416805 565.12832791
9630 0.69719033 0.31355547 0.68637448 565.98826893
9631 0.69386160 0.30662915 0.67508279 565.78698010
9632 0.69804677 0.29332646 0.65304493 567.47297928
9633 0.69690405 0.29578109 0.66337386 565.56173751
9634 0.69278128 0.28611147 0.64269379 566.02437995
9635 0.68946124 0.29272355 0.62971778 570.09904143
9636 0.69746236 0.26671973 0.62339899 566.25585746
9637 0.69701910 0.24240837 0.62097010 563.54436020
9638 0.69816060 0.20960487 0.60433709 563.42958308
9639 0.70104648 0.21070462 0.62598906 564.40826635
9640 0.69754871 0.20258943 0.62270242 563.72213828
9641 0.69767960 0.23023311 0.60045071 564.45826314
9642 0.69740000 0.20565541 0.59850576 563.37255872
9643 0.69947536 0.20498228 0.61774880 563.55555686
9644 0.69744349 0.19428511 0.61948933 564.36683743
9645 0.69952378 0.17977814 0.62443328 565.30944533
9646 0.70253235 0.19748915 0.62625933 565.67384032
9647 0.70321471 0.23398252 0.67486230 564.72896890
9648 0.69544277 0.23077524 0.66425299 565.86623535
9649 0.70223179 0.23117864 0.66956848 563.88407964
9650 0.70215744 0.25870663 0.66558934 566.24141228
9651 0.70260098 0.28088547 0.70005666 565.75595695
9652 0.70383058 0.25820010 0.68914307 566.22680062
9653 0.69620003 0.26003129 0.69256343 564.16341159
9654 0.70249337 0.25575127 0.72197194 562.94076921
9655 0.70386820 0.26484862 0.75032213 563.41193679
9656 0.70290720 0.28343122 0.72819302 563.78798299
9657 0.70193680 0.28163732 0.71938159 563.29189942
9658 0.70145667 0.26520543 0.70826441 562.67846174
9659 0.70494080 0.27519631 0.71744615 566.96310373
9660 0.70140313 0.28444441 0.76083625 562.60661146
9661 0.70199154 0.25095222 0.72435518 563.08863749
9662 0.69983879 0.26411302 0.74501861 564.20462016
9663 0.69881322 0.24313895 0.71755908 565.33150359
9664 0.70367111 0.25307745 0.71991110 563.68093420
9665 0.69854400 0.26605247 0.71308813 562.81576615
9666 0.70302837 0.25495023 0.70237698 563.80985377
9667 0.70213203 0.23452826 0.67129860 563.79541632
9668 0.69827243 0.21014579 0.65707060 564.57356888
9669 0.69923466 0.19403470 0.61924455 563.84722126
9670 0.69315084 0.23018599 0.61462842 565.29819115
9671 0.69443358 0.24368945 0.61126029 564.00839411
9672 0.69830205 0.21358617 0.62117861 563.09026499
9673 0.69933340 0.23532611 0.66079908 562.62853700
9674 0.70047925 0.25212427 0.67689938 562.86565254
9675 0.69840335 0.27079479 0.69532965 562.38277232
9676 0.70325866 0.25681003 0.70398789 564.04889068
9677 0.70114397 0.24490170 0.69484071 562.72347864
9678 0.70264923 0.22815382 0.69890419 563.90600697
9679 0.70548506 0.21702153 0.70570232 566.36299768
9680 0.70104825 0.23022286 0.72213577 565.65718324
9681 0.70233020 0.23797112 0.68755514 563.43381861
9682 0.69925679 0.26256497 0.68961695 562.33600651
9683 0.69884347 0.27461108 0.71851427 562.48027443
9684 0.69860236 0.28484636 0.72344291 562.46954056
9685 0.70345807 0.26616955 0.72561783 563.53418458
9686 0.69751346 0.30356566 0.72937688 563.03713874
9687 0.69808945 0.33165839 0.74143033 564.26263348
9688 0.70292514 0.29771755 0.74569483 563.73578048
9689 0.70191893 0.28127608 0.75554204 562.52160209
9690 0.70232691 0.26364481 0.72837287 562.73327611
9691 0.70214015 0.25780414 0.71754750 562.77635311
9692 0.70119469 0.22747471 0.71910354 565.66128263
9693 0.70236164 0.20956630 0.71664827 567.81709267
9694 0.70529166 0.22067487 0.71222884 566.03704094
9695 0.70399536 0.21420209 0.74865470 570.18467416
9696 0.70705418 0.22945702 0.76669367 568.61397850
9697 0.70329363 0.25870100 0.76650656 564.57405114
9698 0.70626490 0.24870904 0.73833288 565.79618028
9699 0.70454671 0.26376907 0.72497340 564.65060104
9700 0.70262441 0.26940969 0.71263068 563.55444440
9701 0.69852193 0.24680683 0.69482578 563.20774281
9702 0.69942741 0.26209515 0.70438880 562.34496255
9703 0.69867584 0.26678577 0.73098237 563.79116126
9704 0.70008971 0.27049218 0.75255703 563.91792827
9705 0.70428633 0.27528253 0.76692606 563.43506062
9706 0.70156510 0.25314131 0.73662752 563.59888527
9707 0.70547522 0.24038690 0.73637770 565.28068870
9708 0.70283507 0.22447867 0.72504924 565.82593469
9709 0.70258807 0.23745062 0.73420987 564.86545571
9710 0.69885894 0.26398630 0.73371871 564.14438282
9711 0.69723315 0.26404093 0.70616909 563.64146640
9712 0.70120212 0.25091247 0.70802064 562.66089544
9713 0.70477071 0.24697409 0.68999855 566.64660403
9714 0.70450622 0.22966751 0.66446604 567.26998073
9715 0.70250619 0.21447795 0.65275541 564.60216166
9716 0.70312191 0.21983351 0.66068745 564.97439133
9717 0.70156709 0.22143327 0.65776011 563.67587452
9718 0.69993521 0.24081064 0.66907478 562.63505144
9719 0.70096678 0.24065258 0.68075651 562.81394596
9720 0.70150828 0.22433221 0.67195546 563.39548187
9721 0.69923232 0.23433761 0.65093780 562.75273273
9722 0.69688782 0.26142796 0.66574172 562.78463096
9723 0.69900545 0.23571658 0.65955853 562.60091344
9724 0.70032804 0.24442009 0.68906233 562.57939350
9725 0.69919509 0.25257304 0.68686440 562.38396089
9726 0.70287691 0.24009678 0.70673144 563.51364188
9727 0.69932361 0.24776524 0.69716023 562.80967427
9728 0.70095762 0.23307921 0.68050969 562.96120851
9729 0.69811840 0.26483827 0.68922333 562.43687053
9730 0.69669626 0.25414799 0.65650197 562.83130145
9731 0.69862433 0.26348160 0.65325706 563.85061857
9732 0.69677011 0.26145636 0.65614615 562.97130036
9733 0.69972895 0.25345181 0.68613667 562.38121892
9734 0.69585415 0.27962672 0.70157900 563.88351859
9735 0.70192215 0.29075030 0.69533808 566.74473471
9736 0.69733576 0.30182503 0.70608940 563.38374422
9737 0.69930554 0.29523472 0.71944454 562.68512883
9738 0.69842235 0.32712491 0.76245629 563.28368811
9739 0.69923185 0.30418811 0.75537022 562.60564291
9740 0.70263872 0.30323280 0.74840931 563.73686118
9741 0.69587829 0.28257961 0.74620665 567.66546953
9742 0.69703321 0.26056922 0.74425612 568.93673229
9743 0.69616835 0.25535985 0.73081332 569.56340760
9744 0.69599380 0.28003903 0.71238639 564.30566644
9745 0.69699635 0.30171769 0.72845693 563.31296135
9746 0.70045782 0.30220809 0.71064747 564.66397699
9747 0.69020793 0.32716122 0.70420355 571.58819748
9748 0.69281633 0.30214522 0.69289810 566.72609489
9749 0.69621373 0.27756921 0.67479616 563.23616094
9750 0.69574741 0.29579192 0.68127767 564.09774180
9751 0.69845773 0.30552092 0.72146667 563.08697875
9752 0.70121673 0.28881119 0.73420184 562.51595404
9753 0.70097780 0.27166968 0.73086345 562.35232282
9754 0.70110998 0.27265318 0.72408132 562.33959062
9755 0.70094008 0.27761531 0.70719261 562.95696720
9756 0.69668720 0.32272332 0.70736939 565.18642344
9757 0.69766684 0.32879317 0.71430693 565.78084840
9758 0.69720130 0.29681777 0.71978633 563.04750005
9759 0.69579497 0.29996320 0.72501401 564.30845778
9760 0.69916782 0.32353142 0.74915184 563.35273950
9761 0.70428740 0.29859717 0.76141559 564.21677985
9762 0.69795054 0.29119326 0.75040274 563.90163126
9763 0.69924006 0.27571164 0.71768616 562.30547520
9764 0.70437323 0.29312712 0.73473826 566.22994038
9765 0.69806566 0.28200078 0.73673257 563.50057892
9766 0.69971700 0.27710027 0.71224179 562.27739747
9767 0.69768855 0.31643360 0.72771244 563.57237746
9768 0.69587886 0.30090579 0.70755818 563.81958359
9769 0.69531587 0.29595533 0.70620848 564.21002568
9770 0.69475191 0.29239902 0.70269098 564.74529343
9771 0.69802420 0.30257307 0.71335619 563.16852429
9772 0.70219976 0.31807575 0.75878287 563.99934857
9773 0.69773655 0.31591047 0.76413885 563.66077505
9774 0.69711171 0.34627049 0.75962338 564.85783328
9775 0.69584468 0.36205153 0.77130389 566.39337762
9776 0.69570967 0.34361337 0.77100483 565.73718457
9777 0.69318612 0.35370030 0.74103276 568.43068724
9778 0.69447211 0.33736732 0.70508733 567.13070602
9779 0.69356975 0.33366029 0.71462586 566.96142533
9780 0.69171764 0.33875079 0.72009370 569.53619634
9781 0.69133198 0.32875898 0.68796942 569.26491167
9782 0.69274640 0.30757664 0.66258370 566.94378391
9783 0.69947209 0.28595473 0.67439492 565.24234615
9784 0.69693511 0.29860735 0.66893470 565.42487824
9785 0.69792814 0.29819467 0.69819842 563.54990742
9786 0.69958133 0.27728138 0.68641413 563.28852928
9787 0.69815295 0.28726160 0.67044411 564.60956554
9788 0.69737291 0.30038037 0.67873791 564.99585031
9789 0.69833189 0.29453575 0.67389939 565.37973900
9790 0.69426628 0.28112710 0.67559121 564.58846588
9791 0.70006201 0.25608122 0.68772143 562.44304806
9792 0.69887539 0.23618564 0.68962350 563.59612454
9793 0.70351352 0.25980954 0.71275092 563.96643981
9794 0.69764475 0.26003873 0.71045138 563.86925515
9795 0.69717685 0.29058391 0.70876645 562.93139444
9796 0.70251479 0.31283996 0.71115105 569.60690277
9797 0.69530922 0.30114550 0.72049559 564.62898555
9798 0.69703036 0.32139950 0.71775875 564.43591225
9799 0.69774178 0.30366851 0.71558403 563.15764248
9800 0.70413844 0.27448071 0.72713227 564.65738636
9801 0.69884942 0.29267438 0.76501066 563.95535377
9802 0.70153872 0.29606150 0.77563788 562.60871110
9803 0.70018105 0.28853719 0.79714239 566.39574051
9804 0.70538121 0.25271923 0.79696161 567.85609905
9805 0.70174937 0.28342555 0.82046318 568.72818842
9806 0.69647023 0.31903282 0.82241945 572.61047277
9807 0.69776828 0.33391172 0.81684515 566.61152887
9808 0.70060356 0.37897571 0.81586101 565.97234233
9809 0.69933884 0.34437482 0.82237175 564.32435921
9810 0.69908247 0.36525446 0.86632653 567.12932406
9811 0.69940348 0.35828960 0.89242743 571.25909966
9812 0.70563721 0.38486775 0.89475137 565.42495547
9813 0.69821274 0.37939159 0.87400319 568.29828874
9814 0.70285530 0.37897752 0.86989046 564.41901026
9815 0.70437450 0.37729081 0.86140810 565.29593100
9816 0.70285611 0.36378420 0.86303011 563.84763792
9817 0.70393077 0.39510886 0.88302152 565.75450602
9818 0.70230058 0.36612712 0.88724759 565.21910175
9819 0.70335878 0.38135116 0.88502255 564.53964575
9820 0.70322903 0.40029075 0.89462091 565.55775243
9821 0.70747662 0.40669772 0.92308549 568.06231927
9822 0.70580535 0.40858983 0.89800983 568.30921577
9823 0.70777797 0.38404004 0.90014667 567.25231116
9824 0.69877279 0.42766092 0.87329146 569.01257153
9825 0.69699818 0.43428577 0.86220199 570.89493954
9826 0.69963157 0.44472319 0.88440616 570.92572724
9827 0.69923918 0.41781881 0.90027073 568.07719714
9828 0.70399694 0.42473026 0.90072145 568.74784838
9829 0.70699949 0.40337777 0.92331743 567.10620299
9830 0.70294734 0.40024684 0.92380147 566.10343291
9831 0.70509851 0.40406695 0.92028564 565.94957988
9832 0.70192239 0.40617530 0.92446985 566.80872990
9833 0.70573634 0.36345877 0.91290605 565.42649368
9834 0.70638124 0.37473078 0.93927785 566.52289265
9835 0.70646636 0.37893464 0.92843124 565.65676513
9836 0.70498453 0.39022697 0.93372245 565.88688943
9837 0.70259403 0.38372639 0.91340830 566.14788006
9838 0.70279369 0.37170465 0.90341364 565.82451986
9839 0.70873776 0.36390257 0.92166387 566.41560192
9840 0.70903260 0.37239874 0.89763352 567.93054391
9841 0.70406928 0.36779494 0.87774810 564.12045503
9842 0.69980205 0.38045807 0.86695032 565.60641124
9843 0.69722779 0.40664025 0.90046484 571.29294553
9844 0.70419396 0.39657870 0.89638032 565.52142680
9845 0.70883871 0.35331306 0.92208697 566.72176144
9846 0.70864994 0.34536836 0.89605091 566.09632097
9847 0.69715130 0.34244533 0.85313978 572.18953285
9848 0.70397140 0.32952628 0.83211455 563.20465802
9849 0.70025527 0.33691381 0.82751784 564.14961815
9850 0.69867340 0.32678601 0.79912643 564.28770994
9851 0.69886690 0.31922825 0.78690227 563.68645178
9852 0.70158681 0.28701566 0.80648757 566.08525216
9853 0.70630533 0.26965914 0.75738221 565.38894754
9854 0.70207537 0.28406187 0.78464720 563.73472282
9855 0.69856624 0.29628831 0.75993272 563.57368739
9856 0.70261439 0.30242533 0.76260263 562.87990817
9857 0.70403669 0.28883154 0.77505364 563.11581804
9858 0.70162261 0.29695619 0.78347158 562.86847701
9859 0.70369312 0.28962687 0.80095608 563.76104313
9860 0.70392127 0.30899718 0.79442315 563.03288615
9861 0.70345015 0.31016308 0.81501905 563.19459830
9862 0.70601603 0.30833773 0.80355693 564.43672952
9863 0.70457064 0.32778833 0.81330306 563.68227047
9864 0.70083238 0.35294309 0.85056495 564.42868844
9865 0.70107877 0.36848998 0.81884754 564.70825921
9866 0.69732248 0.36531425 0.80487735 565.47309642
9867 0.69846883 0.34914010 0.83325974 565.92821792
9868 0.70165228 0.32876602 0.84088721 564.56158652
9869 0.70608141 0.32467517 0.83462857 564.15436116
9870 0.70899243 0.31531434 0.80945231 569.42946636
9871 0.70919866 0.26799919 0.80895215 568.03109720
9872 0.70044251 0.27664008 0.82818391 574.76531105
9873 0.71388304 0.23203794 0.81305709 577.79408110
9874 0.70682530 0.22781174 0.81907101 577.32978408
9875 0.70655090 0.23480930 0.81620748 574.69039974
9876 0.71223691 0.23477352 0.80694515 574.71474451
9877 0.70836261 0.23914679 0.82302113 573.57835517
9878 0.71303362 0.24674991 0.82185691 575.04188414
9879 0.70419517 0.23231165 0.80669924 576.38659285
9880 0.70294476 0.25442109 0.77110516 565.79855960
9881 0.70409158 0.27584191 0.76458281 563.31227735
9882 0.70505643 0.27663286 0.74118000 565.01167630
9883 0.70313370 0.29793111 0.74945930 563.70858864
9884 0.70090886 0.29991767 0.72622964 563.48189138
9885 0.70045159 0.26126091 0.74523319 564.03452237
9886 0.69827707 0.29491338 0.77167400 565.06467794
9887 0.70580198 0.28679473 0.79564191 564.18903963
9888 0.70223488 0.30167233 0.77130603 562.48907079
9889 0.70126928 0.30427896 0.78443700 562.69325702
9890 0.70373295 0.30866996 0.80367576 562.95043005
9891 0.69909993 0.29932306 0.77269327 563.74904866
9892 0.70016971 0.28293764 0.76804486 563.85824683
9893 0.69672254 0.29817356 0.73263051 563.73646784
9894 0.69932178 0.27119289 0.73763043 563.30952112
9895 0.70384829 0.25440634 0.75858398 564.39843127
9896 0.70720541 0.25387748 0.75306347 566.52789914
9897 0.70029452 0.23425248 0.73244065 567.00826268
9898 0.70241548 0.23632066 0.75764837 567.88686956
9899 0.71069456 0.25649448 0.73112627 576.82307368
9900 0.71123911 0.22284666 0.70915099 577.57940054
9901 0.71140662 0.22305359 0.71335595 577.52768856
9902 0.70877882 0.24688002 0.71262215 572.76779305
9903 0.70116359 0.23161976 0.71471265 564.63179115
9904 0.70312792 0.22263047 0.70234930 564.55075473
9905 0.70680872 0.21491216 0.71059993 567.85699626
9906 0.70073052 0.19772132 0.67926997 566.74274040
9907 0.69780047 0.21702419 0.69236601 568.17398159
9908 0.69551660 0.22147194 0.67131204 568.14708598
9909 0.69955134 0.21825762 0.68297232 564.70898260
9910 0.70489917 0.24011246 0.70378033 565.39656711
9911 0.69984283 0.23962174 0.66984281 562.60444005
9912 0.69574002 0.24569744 0.65988828 563.72308803
9913 0.69863459 0.24868892 0.64288490 563.39922430
9914 0.69819428 0.24748183 0.65883967 562.55651398
9915 0.69176134 0.25676006 0.65410052 568.42425883
9916 0.69497486 0.22799081 0.63782295 564.56040838
9917 0.69407872 0.23976893 0.63687100 564.71523114
9918 0.70285920 0.21047713 0.66184860 564.68111955
9919 0.70598464 0.19510195 0.63194401 571.04412524
9920 0.70656242 0.18552975 0.67194528 569.51465503
9921 0.70228607 0.17573736 0.64355096 566.69585422
9922 0.70060259 0.18796470 0.63431337 564.76493674
9923 0.70244509 0.20497609 0.65445182 564.63349055
9924 0.69869286 0.21849179 0.63261628 562.96605146
9925 0.69772139 0.21060194 0.62247320 563.18900994
9926 0.69813052 0.20247532 0.60246743 563.44121744
9927 0.69551535 0.20333791 0.58255508 563.71803826
9928 0.69927864 0.20093769 0.57884763 565.49280824
9929 0.69757276 0.19480293 0.58172852 563.80212695
9930 0.69376837 0.20113922 0.57625172 564.69446150
9931 0.69237886 0.19440732 0.55629181 565.74224210
9932 0.69517467 0.18980898 0.56268159 564.11556125
9933 0.69404027 0.19925504 0.60746708 566.50339684
9934 0.69566306 0.18520603 0.60549471 566.05292639
9935 0.69822494 0.16515772 0.60076286 566.20989920
9936 0.69664633 0.18964234 0.63770556 567.64872219
9937 0.70120469 0.20677433 0.64006698 563.98046266
9938 0.69936275 0.23038627 0.60000868 566.37389510
9939 0.69420254 0.24967569 0.59409086 565.15450552
9940 0.69124374 0.23936878 0.59028398 566.52572508
9941 0.69205227 0.24684012 0.62623672 566.51414554
9942 0.69676605 0.25486025 0.64736386 562.98188326
9943 0.69789629 0.25875072 0.66230433 562.71930690
9944 0.69531188 0.25862526 0.67760972 564.33865236
9945 0.69515389 0.25480900 0.68251768 565.23668259
9946 0.69796783 0.25975083 0.66231366 562.76946317
9947 0.69778706 0.25950649 0.66698353 562.61062567
9948 0.69277868 0.28419778 0.68693780 567.09004373
9949 0.69526365 0.29515021 0.65914658 565.25063714
9950 0.70067748 0.28364725 0.67714692 566.09903318
9951 0.69939521 0.29819893 0.68210553 566.09712036
9952 0.70029996 0.27904807 0.67450554 565.24228420
9953 0.70161655 0.29859631 0.71554065 565.00944866
9954 0.69623000 0.30818107 0.75325003 565.08166943
9955 0.70582919 0.29095131 0.76628159 565.30298013
9956 0.70279124 0.28458729 0.76130760 562.65102951
9957 0.69643632 0.29651963 0.77131559 567.96452765
9958 0.69509446 0.28714304 0.74789135 568.86388471
9959 0.70344473 0.25439525 0.76063052 564.59017395
9960 0.70573155 0.27515643 0.75815275 564.80451109
9961 0.69789590 0.28072900 0.74277557 564.26153714
9962 0.69957831 0.29146907 0.77209067 563.91223837
9963 0.70298797 0.26796805 0.75125023 563.03316530
9964 0.70167127 0.28885448 0.74743358 562.39025028
9965 0.70261150 0.30504466 0.73547658 565.04562913
9966 0.70128575 0.29359967 0.77119918 562.61357383
9967 0.70429479 0.27817717 0.78568955 563.79669434
9968 0.70389954 0.28745059 0.77270220 563.06175986
9969 0.70584202 0.29541151 0.77951993 564.75430166
9970 0.70057974 0.33008370 0.74944524 564.76824417
9971 0.69675356 0.30642032 0.74533956 564.02804281
9972 0.69759554 0.26968854 0.74083894 565.81359334
9973 0.69737784 0.29221056 0.77686651 567.59090628
9974 0.70091983 0.30168436 0.77175973 562.46819058
9975 0.70161046 0.29488660 0.78893091 563.33153815
9976 0.70361708 0.30581113 0.80879546 563.13739917
9977 0.70112135 0.30725772 0.81769625 565.05659588
9978 0.70291950 0.30530223 0.81633836 563.73274193
9979 0.70159210 0.31830504 0.79926568 562.70344665
9980 0.70261100 0.32550494 0.79550964 562.93332258
9981 0.70128816 0.34442370 0.81058004 563.18857392
9982 0.70416958 0.34243060 0.81473850 564.39129998
9983 0.69841790 0.33904193 0.77990492 563.67507267
9984 0.69870478 0.35310622 0.79771246 564.11484308
9985 0.69870345 0.36494802 0.79066606 565.21681336
9986 0.69980806 0.37370581 0.82564755 564.75835361
9987 0.69783110 0.39474811 0.83703597 566.89567483
9988 0.69902271 0.40836822 0.81926053 569.67778211
9989 0.69804105 0.37346752 0.81228752 565.46623456
9990 0.69893133 0.39307906 0.81645346 567.28919793
9991 0.70410552 0.36182231 0.83210109 565.24075650
9992 0.70299571 0.36507623 0.86923569 563.96938188
9993 0.70611596 0.36040231 0.86934201 564.88602349
9994 0.70976444 0.36174034 0.90065740 567.84735185
9995 0.70886625 0.35720417 0.87385201 567.82786929
9996 0.70025071 0.33988379 0.86981619 568.76556720
9997 0.70485012 0.33877356 0.85993488 563.83277108
9998 0.70019445 0.36076878 0.86960812 566.24345445
9999 0.70221456 0.39142038 0.87080948 565.17885167
10000 0.70034550 0.37860439 0.85119737 564.74361768
10001 0.69969194 0.40058811 0.83427441 567.36685132
10002 0.69550980 0.40603272 0.80079988 570.34800393
10003 0.70374819 0.36705310 0.78560607 571.67272059
10004 0.70201736 0.35304667 0.77440287 567.32365789
10005 0.69864719 0.33627327 0.78918420 563.60874820
10006 0.69970347 0.34442499 0.76648254 564.61356151
10007 0.69995028 0.34128039 0.79264244 563.29187528
10008 0.70267874 0.31726901 0.78884095 562.77541542
10009 0.70233290 0.29350390 0.80321035 564.14201749
10010 0.70365729 0.30394386 0.79590701 562.90235461
10011 0.70083319 0.31061301 0.78620933 562.70338763
10012 0.70400895 0.29038822 0.82287078 565.39856954
10013 0.70714601 0.30860727 0.84638189 565.12943416
10014 0.70570892 0.33489994 0.81959238 565.04469707
10015 0.70182735 0.34000735 0.80091811 563.28751310
10016 0.70334505 0.34746248 0.80403815 564.91150546
10017 0.70033897 0.35674627 0.78786985 564.92869864
10018 0.69813531 0.34306260 0.79415643 564.13482253
10019 0.70331699 0.31650283 0.80632727 562.83460119
10020 0.69774331 0.31070130 0.79093647 566.19856315
10021 0.70668760 0.27307322 0.77216657 565.36643005
10022 0.70673714 0.27063150 0.76069227 565.83983771
10023 0.70368048 0.28387888 0.78253423 563.25818581
10024 0.70831639 0.27712937 0.77914322 567.48672827
10025 0.69930031 0.28360513 0.77575300 565.58413508
10026 0.70110909 0.30736110 0.77158519 562.39865546
10027 0.70361234 0.30244809 0.79241967 562.87604096
10028 0.70471376 0.29892039 0.81673799 563.85953965
10029 0.70382075 0.28546781 0.81489265 565.34826585
10030 0.70841009 0.26886548 0.81890530 567.67332900
10031 0.70432345 0.30037850 0.81301661 563.58464473
10032 0.70786495 0.31877003 0.82886513 566.05595124
10033 0.70020595 0.33958951 0.85205982 566.34413495
10034 0.70195356 0.34528829 0.84531793 563.66494702
10035 0.70577485 0.32793329 0.84179443 563.93575950
10036 0.69860291 0.35322061 0.82031798 564.68977345
10037 0.70136296 0.36743750 0.81906141 564.70397664
10038 0.69785774 0.34186466 0.79171364 564.28081396
10039 0.69908095 0.35072818 0.82820581 564.71329353
10040 0.70590135 0.34467717 0.84143942 564.77346746
10041 0.70208884 0.31328768 0.84225543 566.11156956
10042 0.70556656 0.32679469 0.80872420 564.87516293
10043 0.70370351 0.34298439 0.82171667 563.68426887
10044 0.70193499 0.34471924 0.83543929 563.30713284
10045 0.70263394 0.37123564 0.87051666 564.13925917
10046 0.70102887 0.35030790 0.84064833 563.82007452
10047 0.69992029 0.37310878 0.83627321 564.57992778
10048 0.70136581 0.37037821 0.82315518 564.80029226
10049 0.70112166 0.38300543 0.84580995 565.00255399
10050 0.70059348 0.34696176 0.81047865 563.31880451
10051 0.69835965 0.35450707 0.82412915 565.11864470
10052 0.69690892 0.33586641 0.79844083 565.98586953
10053 0.70629820 0.34245220 0.82636762 566.12584440
10054 0.69626537 0.33773145 0.79506904 566.58477752
10055 0.70128462 0.33503146 0.77603330 563.81883075
10056 0.69910867 0.34612987 0.78626105 563.76155472
10057 0.70509570 0.32899926 0.80813737 564.55013923
10058 0.70754542 0.33439916 0.83028876 566.80634610
10059 0.70461273 0.30341779 0.84329918 565.45533126
10060 0.70917259 0.31989398 0.83875427 567.54462391
10061 0.70513251 0.33125105 0.83316107 563.68949889
10062 0.70302178 0.31593491 0.81852566 563.14791402
10063 0.70710108 0.31710344 0.83541951 564.86122045
10064 0.69752517 0.31377551 0.83643752 573.93448064
10065 0.69469483 0.30657528 0.81410820 579.22679713
10066 0.70159738 0.32716937 0.80320030 562.73613004
10067 0.70422098 0.34815703 0.81798997 564.82126334
10068 0.70013191 0.32559022 0.79540537 562.99246723
10069 0.70104528 0.30044744 0.76576624 562.35730200
10070 0.70289655 0.26200400 0.75957443 563.81911270
10071 0.70413525 0.27477214 0.77832094 563.69769477
10072 0.69980441 0.27133161 0.75132945 563.97152039
10073 0.70617548 0.26401070 0.74833697 565.48374947
10074 0.70160339 0.26972456 0.74616164 562.78125018
10075 0.70027135 0.27237250 0.75168179 563.50233418
10076 0.70379758 0.24390673 0.71578775 563.92871217
10077 0.70265749 0.27204471 0.70447945 564.38616118
10078 0.69613882 0.28112056 0.71897723 564.50678688
10079 0.69449712 0.28637811 0.70302630 565.32255890
10080 0.69712040 0.32302862 0.70809015 565.28681252
10081 0.70027181 0.32847520 0.72997569 566.27726761
10082 0.70038011 0.33942416 0.70582143 572.68850122
10083 0.69222668 0.32132174 0.71156479 568.25522770
10084 0.69637928 0.30371716 0.69072709 564.22394854
10085 0.69620420 0.28834106 0.69717495 563.36221279
10086 0.70136329 0.25630783 0.69923869 562.70343920
10087 0.70017417 0.26498402 0.66444217 564.42165808
10088 0.69889372 0.29434379 0.66770031 566.69723401
10089 0.69920400 0.26884314 0.65103908 565.21056373
10090 0.69392851 0.30623692 0.67585461 565.69751685
10091 0.69807394 0.29272489 0.67937530 564.41281882
10092 0.70060472 0.20878384 0.66295893 564.01621432
10093 0.70070975 0.22906418 0.64343837 563.79463639
10094 0.69598013 0.22728247 0.63501591 563.51438367
10095 0.69501161 0.25683362 0.66060262 563.92488094
10096 0.69931853 0.26115001 0.69152478 562.30905492
10097 0.69860974 0.26422928 0.69584956 562.36986923
10098 0.70077558 0.24590405 0.67319684 562.99171872
10099 0.69928360 0.23281501 0.66893282 562.75577572
10100 0.69819204 0.23506255 0.69276062 564.58316324
10101 0.70049034 0.25473444 0.68596333 562.62056322
10102 0.69896727 0.25597005 0.68987234 562.37612250
10103 0.70225295 0.22543228 0.67711895 563.70521260
10104 0.70162100 0.24258690 0.68777409 562.99633120
10105 0.71055686 0.22428514 0.70171959 576.72922082
10106 0.70453635 0.24831189 0.68731683 566.63125358
10107 0.70129151 0.27552876 0.68739118 564.64521788
10108 0.69427649 0.28211290 0.66243717 564.49827159
10109 0.69249040 0.28652487 0.66050369 566.25574544
10110 0.69197176 0.30689225 0.66682724 567.46938189
10111 0.70071058 0.29521763 0.70223250 564.87964860
10112 0.70352075 0.26349827 0.70216542 564.97456803
10113 0.70075388 0.28594234 0.73865400 562.25140629
10114 0.69941483 0.23323291 0.71650866 566.11843138
10115 0.70404926 0.21629355 0.68609520 565.17836653
10116 0.70247253 0.20655451 0.66957316 564.65952616
10117 0.70220685 0.20816127 0.69845796 566.12380884
10118 0.70720803 0.22102979 0.69145448 569.32591836
10119 0.69785349 0.21551604 0.64861185 563.71392478
10120 0.69792969 0.22327042 0.61343454 563.32858335
10121 0.70028998 0.21989247 0.62198929 564.33462018
10122 0.70082189 0.23673328 0.63364900 565.29226340
10123 0.69375008 0.24746755 0.66513994 566.68460584
10124 0.69950644 0.25769772 0.66900315 562.93848830
10125 0.70033813 0.25746768 0.66348745 563.93246256
10126 0.69784143 0.23476734 0.62209187 563.36957445
10127 0.70169643 0.22765748 0.66652940 563.52784644
10128 0.69712413 0.22882157 0.65380102 563.38661472
10129 0.69753425 0.22620856 0.64294467 562.94625963
10130 0.70033477 0.22296170 0.63259568 563.83782287
10131 0.70259590 0.22189683 0.64886376 565.14568118
10132 0.70390122 0.20146775 0.65490054 566.02274366
10133 0.69828476 0.20769987 0.67081162 566.31690593
10134 0.69810046 0.22132844 0.66222569 563.81301730
10135 0.69888377 0.21684837 0.68040669 565.23732938
10136 0.69835516 0.22363965 0.67562425 564.34677041
10137 0.69652445 0.22241791 0.64883544 564.14314205
10138 0.70338430 0.22128850 0.67425509 564.69787386
10139 0.70716519 0.20531195 0.71184241 568.91403362
10140 0.69965576 0.22874876 0.73531803 569.64576591
10141 0.70089780 0.21189475 0.72273942 569.72985626
10142 0.70576231 0.22153341 0.68739533 567.09566721
10143 0.70463513 0.22056756 0.65937526 567.30825946
10144 0.70148139 0.19829988 0.64308226 564.40914721
10145 0.69980598 0.20360162 0.65502161 564.30859106
10146 0.69993858 0.21005381 0.64972104 563.50646050
10147 0.70190658 0.19340984 0.64649847 564.93219552
10148 0.69998564 0.20094341 0.65120518 564.32164350
10149 0.69963465 0.20430330 0.60093037 564.35745507
10150 0.69658464 0.21217215 0.63592850 564.23380143
10151 0.69878930 0.19952184 0.63756879 564.14247680
10152 0.69575919 0.21363346 0.65291006 566.64843120
10153 0.69367935 0.25298784 0.64898008 565.09733912
10154 0.70446810 0.23019701 0.67669302 566.14298521
10155 0.70104145 0.21950461 0.64804004 563.59842165
10156 0.69832217 0.22817366 0.66717269 563.33388133
10157 0.70239568 0.21034184 0.67738435 564.54973080
10158 0.69883481 0.25937734 0.69730539 562.44092274
10159 0.69605200 0.24415648 0.66291226 563.67181462
10160 0.70419542 0.26025178 0.70504917 565.42940276
10161 0.69753885 0.28681035 0.68115172 563.46612677
10162 0.69935140 0.26975574 0.69240308 562.45612237
10163 0.69641006 0.29567948 0.69446876 563.52701473
10164 0.69423853 0.29794197 0.69580638 565.04372213
10165 0.69530394 0.31184680 0.66836933 566.60624495
10166 0.69393274 0.31522222 0.67265800 566.66793551
10167 0.69256731 0.31715701 0.68294577 567.26736606
10168 0.70018513 0.30126931 0.68322100 567.56264937
10169 0.70227913 0.30550752 0.69934295 569.58409565
10170 0.69450661 0.29441664 0.70019110 564.89721399
10171 0.69476807 0.29331753 0.67313393 564.52924832
10172 0.69535504 0.31587393 0.67186211 566.88098694
10173 0.69611953 0.30969623 0.69482200 564.55110906
10174 0.69573412 0.30346215 0.65943391 566.41414082
10175 0.69489898 0.26572378 0.65931703 563.81297638
10176 0.70337512 0.26193707 0.64461731 572.85579200
10177 0.69556123 0.24275366 0.67100932 564.90291136
10178 0.70152144 0.22979428 0.69212903 563.41708432
10179 0.70155372 0.23896601 0.69562778 563.00961702
10180 0.69904837 0.26404009 0.68721173 562.37585946
10181 0.70164297 0.24691245 0.70341330 562.82831988
10182 0.69581543 0.26951350 0.67154662 563.30633623
10183 0.70361723 0.26798194 0.69946176 565.83695035
10184 0.69792426 0.23658161 0.70816800 566.44956018
10185 0.70272124 0.21556617 0.71684815 566.50616568
10186 0.70315401 0.22183984 0.73415522 567.09085322
10187 0.70419799 0.21244518 0.71569565 566.61337774
10188 0.70901549 0.22865138 0.74801793 569.77851644
10189 0.70171097 0.24301834 0.75831154 567.32352294
10190 0.70463630 0.25719016 0.74931001 564.07368363
10191 0.70616285 0.27151846 0.77392072 564.79824474
10192 0.70500820 0.26954952 0.79084074 564.88050667
10193 0.70332721 0.25887999 0.79602513 567.96994564
10194 0.70492513 0.29153795 0.77977227 563.66041024
10195 0.70343305 0.28298586 0.78079746 563.23015855
10196 0.70624789 0.26833563 0.79054747 565.26158677
10197 0.70744463 0.30340458 0.79309127 566.75364192
10198 0.70090433 0.30499507 0.80108495 563.88303766
10199 0.70347193 0.30468520 0.79290264 562.82255079
10200 0.70351492 0.30669052 0.78028040 563.04288284
10201 0.69804336 0.30969124 0.75861805 563.33042210
10202 0.70182924 0.29552388 0.71393109 565.04581332
10203 0.70247751 0.27531700 0.70692214 564.25760523
10204 0.69627312 0.27292152 0.69003246 563.28757754
10205 0.69897116 0.26983012 0.68656194 562.54960805
10206 0.69603475 0.25007026 0.68218259 564.46886552
10207 0.69513280 0.24736092 0.67717037 565.57671270
10208 0.70038217 0.22475883 0.68382902 563.60069965
10209 0.69713623 0.24311866 0.67839605 563.62804029
10210 0.70167376 0.22200220 0.66065079 563.67232746
10211 0.69823795 0.21616924 0.66881770 564.82804729
10212 0.70410395 0.22653627 0.67704206 565.45680617
10213 0.70361452 0.22411292 0.68813186 564.55275152
10214 0.69863098 0.22797930 0.67506499 563.61515949
10215 0.69951056 0.20383801 0.68491766 567.42544348
10216 0.69934954 0.23122256 0.69968424 564.62791364
10217 0.70400996 0.23523375 0.72413360 564.54342903
10218 0.70161588 0.27048063 0.69623972 563.73248793
10219 0.69372776 0.28674929 0.70521528 566.68642488
10220 0.69628357 0.27786825 0.70085890 563.50040177
10221 0.69888255 0.27164489 0.72434518 562.80988949
10222 0.69833335 0.25675665 0.72772197 565.07553591
10223 0.69872664 0.28102725 0.73677144 562.99975945
10224 0.69909587 0.28311301 0.77571834 565.94694043
10225 0.70582308 0.26149335 0.77386382 564.97500479
10226 0.70686001 0.27902134 0.79417692 565.17734137
10227 0.70528388 0.29423829 0.78825396 563.81112675
10228 0.70207417 0.27303858 0.77014642 563.73842642
10229 0.69781544 0.29518023 0.76267480 564.76103980
10230 0.69835657 0.32301532 0.74660553 563.36194288
10231 0.69781736 0.32116239 0.72898317 563.89345632
10232 0.69788341 0.30612646 0.71775114 563.23095954
10233 0.69491088 0.34348150 0.73851110 566.20999578
10234 0.69426458 0.33670259 0.73196506 566.39674603
10235 0.69775173 0.30369135 0.74190475 563.09720305
10236 0.70002948 0.30613147 0.74204175 562.66485467
10237 0.69796596 0.30494289 0.77948642 565.22623613
10238 0.70051936 0.29504256 0.77570604 563.11281596
10239 0.70332633 0.29963556 0.77543180 562.83611597
10240 0.70397040 0.29495188 0.75410058 564.06558694
10241 0.70415145 0.26778406 0.76882782 563.79614293
10242 0.70522082 0.27261242 0.79567278 564.88767020
10243 0.70091790 0.30594010 0.78508043 562.78959007
10244 0.70200674 0.31016716 0.80832377 563.27199381
10245 0.70245274 0.30827621 0.78728375 562.56398636
10246 0.70049095 0.34428977 0.78515906 563.80585555
10247 0.69991177 0.29712394 0.77627752 563.44619693
10248 0.69890257 0.29209575 0.76735203 564.15338557
10249 0.70332468 0.27510606 0.74027963 563.14293038
10250 0.69768773 0.30276506 0.72144504 562.99171610
10251 0.69956200 0.28912730 0.74354035 562.45359377
10252 0.70521476 0.28217262 0.73539807 566.26939857
10253 0.70141425 0.30637650 0.74671485 563.09756807
10254 0.69865113 0.32336524 0.74817396 563.32751840
10255 0.70168135 0.30817089 0.75870349 562.80175731
10256 0.69925205 0.31300203 0.75863034 562.66929711
10257 0.69510916 0.31656646 0.71748226 564.83144669
10258 0.69412637 0.31502848 0.70598004 565.59334604
10259 0.69399631 0.30532049 0.67229064 565.72044932
10260 0.69394578 0.32134358 0.69169881 566.33830646
10261 0.69342199 0.28961026 0.71726836 568.19365989
10262 0.69630899 0.29578123 0.71008540 563.47651497
10263 0.69994193 0.28920912 0.71275303 562.83286299
10264 0.70617275 0.27008992 0.72898922 567.39593714
10265 0.70729408 0.27801029 0.76479106 566.80154467
10266 0.69760417 0.26364219 0.74317266 567.08063923
10267 0.70781706 0.23867848 0.73361053 568.15004993
10268 0.70768628 0.23746279 0.73976464 567.73350372
10269 0.70946127 0.24531736 0.73912627 571.18244966
10270 0.70460360 0.27363306 0.78861749 564.33418982
10271 0.70751918 0.28446439 0.77841064 566.59707639
10272 0.70407113 0.26846160 0.80133827 566.27960976
10273 0.70662811 0.29069655 0.83958300 566.15252946
10274 0.70874398 0.30580973 0.82338509 566.94584006
10275 0.70848735 0.32264177 0.85049554 566.12430596
10276 0.69992259 0.34062695 0.86458797 568.41234423
10277 0.70419329 0.34077319 0.83875959 563.42234969
10278 0.70318109 0.34651193 0.84434597 563.33767784
10279 0.70429011 0.32991479 0.82900230 563.27560804
10280 0.70059215 0.31359984 0.79717634 563.21424321
10281 0.70147903 0.32506957 0.79580907 562.67076962
10282 0.70364490 0.31030467 0.80013574 562.89174624
10283 0.70115304 0.34157248 0.78816984 563.67764995
10284 0.69953769 0.32475264 0.77764575 562.88255325
10285 0.69747813 0.33110392 0.74001564 564.24842626
10286 0.69871499 0.31948247 0.71915791 564.67990060
10287 0.69580496 0.31959911 0.73491906 564.48165952
10288 0.70093163 0.32870898 0.76940628 563.40989514
10289 0.69842677 0.32272185 0.78482990 563.82924743
10290 0.70283227 0.32771825 0.78952777 563.43097441
10291 0.69961077 0.34240919 0.77803984 563.73896466
10292 0.70534646 0.30243498 0.78058464 564.51700108
10293 0.69891549 0.31444149 0.75929801 562.80005776
10294 0.69961853 0.29785528 0.73578762 562.41410291
10295 0.70431631 0.26457253 0.72482435 564.41576131
10296 0.70444792 0.26532916 0.72126862 564.86132777
10297 0.69758906 0.29119984 0.75028329 564.31551076
10298 0.70200488 0.30315616 0.76858197 562.47637716
10299 0.70078970 0.32447691 0.80407168 563.00367553
10300 0.70047501 0.34721001 0.79820932 563.52819749
10301 0.70123769 0.32930640 0.78268959 563.00546245
10302 0.70084080 0.30816012 0.75032641 562.74435641
10303 0.69967668 0.31085976 0.76370286 562.56769254
10304 0.70022361 0.31554678 0.76890042 562.55329624
10305 0.70065174 0.30090671 0.77808572 562.82325819
10306 0.69802313 0.31437736 0.77429173 563.98440411
10307 0.69594703 0.31507668 0.74143043 564.50545400
10308 0.70007616 0.29784500 0.70179777 564.59010940
10309 0.69705722 0.30037859 0.68931365 564.06872790
10310 0.69659176 0.28873539 0.72455538 563.85555723
10311 0.69774633 0.30219964 0.71470330 563.10141155
10312 0.69845531 0.29057313 0.69556780 563.23235285
10313 0.69758101 0.31384557 0.72100566 563.64469541
10314 0.69574638 0.32317062 0.71454676 564.90518629
10315 0.69816104 0.32223821 0.75183954 563.25717720
10316 0.70113270 0.29752491 0.74773391 562.43255282
10317 0.69882096 0.30460028 0.74018889 562.61706192
10318 0.70018497 0.32399743 0.74325844 564.21599069
10319 0.69421812 0.37545409 0.75564496 569.14992685
10320 0.69809575 0.32880457 0.77262514 563.54609337
10321 0.70058148 0.31745529 0.73571518 564.36932061
10322 0.70303527 0.30127189 0.74109830 564.58440657
10323 0.70321576 0.30678732 0.74750147 564.85487467
10324 0.69993744 0.34809879 0.75635303 566.20364615
10325 0.69553046 0.36039861 0.78259260 566.58411532
10326 0.69740960 0.36952631 0.77230720 566.73492904
10327 0.69999993 0.35176403 0.77452191 565.10086308
10328 0.69582956 0.33262887 0.74745002 564.92303696
10329 0.69859749 0.32886059 0.75376956 563.52009427
10330 0.69734360 0.29478858 0.73622116 563.43710826
10331 0.69638555 0.31047234 0.76095592 565.31448999
10332 0.70256123 0.30357109 0.77190274 562.63177967
10333 0.70445906 0.32669772 0.77656666 566.26264572
10334 0.70029824 0.31637490 0.73855174 563.79578610
10335 0.70371144 0.25838515 0.74005574 563.46711840
10336 0.70575231 0.27347812 0.77835719 564.42181943
10337 0.70508339 0.26431506 0.78163990 564.84381320
10338 0.70117121 0.23128877 0.75189071 569.63839113
10339 0.70475877 0.22797941 0.72641822 565.52664418
10340 0.70121562 0.20525563 0.69453882 566.75706890
10341 0.70157909 0.21724885 0.71362667 566.52477381
10342 0.69975235 0.21604099 0.70411682 567.32044653
10343 0.70701284 0.24768335 0.68974476 571.62649919
10344 0.70321692 0.23943687 0.66498791 565.87891342
10345 0.69327753 0.26089276 0.64916232 565.27822779
10346 0.69682896 0.25234307 0.62569598 563.89230558
10347 0.69434166 0.21594575 0.62482135 565.58608056
10348 0.70281548 0.21646720 0.65122146 565.04872506
10349 0.69635975 0.23648227 0.66157281 563.86487397
10350 0.70100801 0.22006353 0.65129837 563.48667338
10351 0.69610399 0.23728854 0.63979354 563.15665896
10352 0.69924109 0.23778778 0.64331604 563.12178975
10353 0.70043513 0.22556193 0.64167030 563.53105914
10354 0.69805454 0.24871481 0.62534350 564.33359983
10355 0.69316702 0.27196126 0.61871204 565.72585621
10356 0.69128509 0.24242256 0.62785287 568.32233646
10357 0.69865741 0.23653831 0.62491189 563.78671674
10358 0.69901245 0.24627545 0.62999607 564.51818906
10359 0.70192501 0.22969520 0.64119086 565.40728939
10360 0.69796851 0.22483600 0.65649178 563.27520361
10361 0.69859287 0.21994023 0.65536960 563.29251472
10362 0.69752797 0.22446403 0.63671641 562.91046539
10363 0.69364394 0.22728300 0.62839225 565.71257600
10364 0.69376655 0.22964306 0.62351073 565.02928824
10365 0.69727642 0.23105351 0.58900116 565.26452814
10366 0.69326149 0.22306890 0.56899373 564.87087230
10367 0.69489442 0.21646514 0.56811619 564.43924819
10368 0.69567365 0.21819502 0.56638230 564.92514324
10369 0.69849972 0.18844945 0.57117598 564.63183487
10370 0.69326736 0.22585362 0.59288839 564.66660447
10371 0.69620669 0.20477959 0.60774796 563.72550171
10372 0.69642512 0.22493866 0.62238512 563.10368986
10373 0.69485275 0.24788564 0.62528800 563.70078718
10374 0.69476832 0.23594043 0.59566225 564.12676161
10375 0.69264847 0.24041041 0.58174191 565.43732454
10376 0.69581826 0.23059535 0.57573100 565.37318955
10377 0.69780435 0.22905073 0.60821995 563.85869341
10378 0.69728724 0.20366794 0.61732092 563.56865319
10379 0.70068071 0.20940202 0.61473384 564.69233611
10380 0.69991684 0.21407811 0.61161683 564.37796619
10381 0.69410203 0.21230102 0.59763466 564.52597456
10382 0.69772984 0.25017355 0.60390968 566.51209803
10383 0.69868892 0.24482193 0.63630236 563.60239934
10384 0.69534386 0.24433731 0.61042122 563.90037949
10385 0.69301291 0.24572478 0.59704504 565.04697299
10386 0.69558053 0.22256899 0.57166834 564.83014619
10387 0.69328001 0.24282068 0.54755165 568.39365259
10388 0.69143021 0.22905144 0.55777093 566.33251336
10389 0.68943126 0.23356440 0.56476184 568.50271512
10390 0.68971609 0.23528812 0.58091047 568.54587659
10391 0.69944272 0.25179187 0.60440714 569.34000416
10392 0.69055727 0.25968623 0.64185239 569.54687816
10393 0.69314705 0.28213061 0.60778866 567.58526333
10394 0.68896693 0.27760589 0.62440504 570.70910455
10395 0.69633355 0.26532923 0.63911548 563.91498954
10396 0.69802113 0.25471285 0.66886736 562.49478471
10397 0.69366936 0.28359537 0.67004930 565.08431842
10398 0.69552857 0.28369432 0.64639286 564.97245675
10399 0.69903442 0.25962348 0.66062755 563.27195508
10400 0.69885190 0.24031793 0.65577146 562.61333373
10401 0.70213899 0.23493526 0.65734807 564.68811047
10402 0.70398468 0.21544872 0.69654822 565.28184734
10403 0.70515341 0.23856049 0.71350271 565.27698083
10404 0.70333191 0.23075771 0.72439917 564.85035414
10405 0.70025232 0.26173062 0.70430369 562.31468441
10406 0.70027441 0.24943002 0.68535365 562.49947324
10407 0.69945025 0.27733918 0.68777314 563.12459458
10408 0.69738618 0.30329260 0.68315431 564.98142844
10409 0.69932470 0.28480050 0.68139410 564.23831789
10410 0.69523352 0.28566929 0.70408997 564.45311319
10411 0.69876292 0.26616769 0.67489312 562.77379799
10412 0.70101550 0.25331559 0.64818088 565.86714129
10413 0.69349313 0.29179715 0.65527036 565.58168547
10414 0.69623970 0.26253064 0.65086982 563.21385469
10415 0.69848042 0.27431170 0.66955142 563.52380061
10416 0.70014159 0.25697109 0.67100181 563.18890732
10417 0.69551873 0.26141853 0.69054600 564.76369380
10418 0.69662796 0.26064480 0.65115306 563.09350340
10419 0.69988206 0.24505637 0.67339673 562.56093146
10420 0.69775229 0.23900466 0.64564503 562.67787318
10421 0.69669581 0.21194019 0.64984588 565.27423835
10422 0.70332561 0.22407650 0.65645268 565.68319811
10423 0.69811946 0.22263423 0.68475775 565.63764760
10424 0.69743925 0.24012043 0.68274802 563.91840844
10425 0.69650583 0.24526154 0.63459144 563.04461071
10426 0.69743951 0.20478866 0.64041721 564.61618218
10427 0.69745023 0.22601787 0.64419876 563.01705383
10428 0.69375119 0.22693222 0.62014746 565.04814071
10429 0.69765768 0.20863400 0.62937204 563.48660412
10430 0.69947776 0.18886614 0.61133176 564.06233630
10431 0.69247110 0.21851079 0.59422391 565.86226297
10432 0.70094089 0.18770436 0.64084494 565.06731938
10433 0.69518488 0.19740867 0.62843588 567.29996385
10434 0.69240731 0.24078916 0.63709493 567.16397036
10435 0.70047211 0.22435903 0.65337702 563.14338451
10436 0.70043343 0.24206204 0.68895774 562.66082624
10437 0.69998002 0.29900153 0.72607710 562.85689063
10438 0.69623423 0.30588592 0.73904455 564.29856675
10439 0.69594310 0.30305821 0.72324497 564.03319507
10440 0.69771836 0.27618215 0.69763998 562.57300709
10441 0.69863018 0.28616445 0.69100419 563.21057785
10442 0.69618289 0.26869152 0.71588909 565.34112451
10443 0.70651457 0.23358212 0.73552818 566.52841314
10444 0.70439619 0.21089694 0.72727216 567.88710962
10445 0.70740461 0.21937428 0.72513251 568.26808474
10446 0.70315683 0.19833937 0.71187402 569.04810165
10447 0.70399174 0.22510956 0.73060031 565.97054029
10448 0.70806079 0.23655773 0.74997292 568.09302232
10449 0.70869358 0.23106949 0.75206878 569.18203772
10450 0.71063217 0.23819917 0.74045953 573.40492108
10451 0.70992526 0.21804052 0.76544654 572.17019917
10452 0.70838437 0.23610282 0.79119488 570.12144653
10453 0.70928977 0.23002905 0.81284218 574.14480756
10454 0.70858944 0.23911246 0.81232352 571.94468002
10455 0.70549576 0.27491280 0.83423731 568.52303326
10456 0.70421904 0.29658166 0.82471321 564.69656840
10457 0.70797546 0.27286309 0.81084026 566.66316612
10458 0.70446039 0.26391408 0.78888223 565.48217606
10459 0.70482446 0.28325347 0.79483431 563.92015075
10460 0.70290131 0.31161555 0.80235307 562.77201574
10461 0.70523815 0.30367401 0.79913891 563.70937037
10462 0.69832594 0.30689639 0.76060232 563.27521623
10463 0.69673142 0.28907518 0.75200444 565.94734634
10464 0.69733579 0.30709252 0.75538435 563.92315822
10465 0.70023747 0.31554594 0.73451211 563.96811983
10466 0.69827595 0.30863606 0.70699426 564.12505720
10467 0.70119153 0.27716128 0.69537236 563.96633771
10468 0.69974848 0.27628448 0.70005392 562.58262713
10469 0.70043354 0.26950599 0.71269257 562.28638632
10470 0.69638495 0.27747894 0.70649842 563.67111263
10471 0.70093745 0.26726307 0.67329460 564.68321880
10472 0.69977427 0.25713659 0.66261661 563.47275849
10473 0.69396942 0.28204164 0.65367521 564.80884755
10474 0.69473718 0.28257748 0.65523519 564.44447929
10475 0.69210181 0.27205322 0.65690779 566.92303140
10476 0.69866154 0.28989243 0.69282255 563.42570373
10477 0.69440845 0.27674918 0.72759724 569.06491266
10478 0.69443373 0.28091467 0.74909550 571.81002075
10479 0.69701317 0.29751252 0.76528393 565.98438660
10480 0.69937116 0.27674175 0.74635094 563.40977378
10481 0.70580274 0.26217149 0.73152570 565.87919526
10482 0.70166262 0.24761530 0.74302573 564.72556934
10483 0.70328044 0.28064859 0.74783191 563.02050396
10484 0.70281749 0.29464366 0.77223026 562.61155923
10485 0.70257450 0.30258503 0.78096175 562.55791959
10486 0.70320608 0.27892432 0.77112654 563.09253145
10487 0.70017543 0.28824268 0.76232770 562.98510969
10488 0.70062900 0.26064583 0.75716399 565.17916907
10489 0.69913872 0.27159509 0.75325991 564.84717882
10490 0.69962111 0.26706824 0.72868637 562.87694983
10491 0.70057831 0.29056462 0.74918104 562.28685912
10492 0.70056291 0.30275221 0.74770231 562.47208577
10493 0.70076892 0.29817305 0.72098435 563.58605675
10494 0.69619738 0.29055659 0.72488344 564.22608018
10495 0.69838368 0.26921542 0.73771523 564.44847697
10496 0.69851901 0.27563792 0.73567295 563.48882109
10497 0.70627988 0.29706757 0.75550563 567.80780558
10498 0.69470473 0.30037400 0.73276088 566.32299549
10499 0.70106393 0.31075420 0.74264809 563.48008231
10500 0.69458835 0.30575003 0.74923269 567.69080992
10501 0.69881196 0.31592297 0.70851956 565.25328068
10502 0.69941383 0.30838322 0.74265328 562.66755360
10503 0.69918593 0.28630156 0.73924938 562.57474551
10504 0.70170241 0.28380701 0.75765789 562.49348035
10505 0.70024501 0.28483795 0.77286403 564.01662792
10506 0.69868190 0.28598668 0.75461755 563.87957285
10507 0.70393613 0.30552391 0.74424453 566.09652581
10508 0.70326149 0.29173230 0.76053709 562.94298149
10509 0.70366701 0.28171901 0.74502504 563.46705255
10510 0.69589219 0.29031022 0.70437286 563.68966275
10511 0.69169790 0.29956396 0.69251370 568.66828090
10512 0.69200923 0.29393987 0.68277767 567.70172814
10513 0.69282349 0.26230371 0.68584782 569.06039454
10514 0.69969715 0.26689575 0.69192957 562.47273490
10515 0.70062379 0.28127581 0.69434242 563.89645036
10516 0.69707596 0.24695660 0.67139274 563.05833974
10517 0.69942412 0.23300737 0.68697041 563.40033426
10518 0.69716128 0.25630146 0.66086582 562.70568021
10519 0.69664658 0.25767421 0.65897078 562.86031012
10520 0.69440134 0.25307811 0.65943611 564.73876479
10521 0.70017870 0.23864824 0.66964569 562.70044602
10522 0.69972257 0.23484977 0.68246920 562.93458035
10523 0.69344924 0.26484009 0.67566606 566.44597742
10524 0.69278134 0.27242302 0.64305519 565.55530865
10525 0.70053473 0.26807272 0.67071114 564.55593840
10526 0.70302583 0.25820858 0.69960032 564.14440577
10527 0.69805671 0.28120132 0.67127615 563.80911721
10528 0.69538067 0.29906806 0.68709841 564.23601768
10529 0.69937062 0.31400646 0.70375733 566.00435610
10530 0.69997119 0.31745141 0.70648084 566.97031215
10531 0.69455939 0.31312238 0.68295677 565.72645190
10532 0.69546926 0.28499349 0.67492747 563.78236610
10533 0.69481305 0.28141010 0.68098189 564.17790238
10534 0.69905035 0.24924674 0.66813385 562.50667261
10535 0.69772275 0.24281248 0.70982727 565.90877245
10536 0.70282949 0.22809515 0.73999214 566.81409789
10537 0.70527867 0.21432098 0.71390611 566.61177392
10538 0.70103190 0.20080442 0.70116498 568.72860624
10539 0.70765253 0.19874006 0.70936863 569.99687247
10540 0.70607604 0.18025629 0.68643885 569.95912561
10541 0.70495296 0.19390425 0.70227246 568.49143354
10542 0.70043597 0.20103098 0.66931803 565.39469168
10543 0.70269409 0.21431555 0.66139757 564.48748927
10544 0.70226319 0.21226078 0.66526600 564.19470964
10545 0.70178184 0.19432540 0.66250351 565.43049978
10546 0.69550775 0.22928527 0.67533381 567.31382440
10547 0.70034047 0.22946760 0.66597225 562.89165615
10548 0.69824888 0.25484018 0.66014992 562.70835226
10549 0.69580147 0.23479103 0.63866846 563.40456153
10550 0.69708679 0.21424375 0.65186388 564.72004000
10551 0.69805879 0.22441380 0.66828584 563.93822714
10552 0.70156558 0.23012123 0.65916381 563.74113142
10553 0.69922627 0.22309051 0.66682467 563.30053333
10554 0.70258043 0.23123532 0.67694957 563.90510949
10555 0.69430233 0.24444243 0.66973216 566.54556579
10556 0.69303495 0.24219346 0.64715882 566.80197597
10557 0.69963768 0.21418369 0.64367953 563.18574101
10558 0.69547028 0.23656356 0.70285592 570.26867066
10559 0.69428395 0.23542120 0.69485308 571.94343469
10560 0.70236434 0.22976483 0.69042104 563.59566674
10561 0.70019965 0.24226066 0.66962978 562.72783142
10562 0.70174577 0.24025567 0.69204102 563.02541373
10563 0.69945550 0.23095908 0.71883361 566.80007265
10564 0.70391334 0.23100263 0.71579212 564.57856735
10565 0.70320232 0.24710835 0.72144105 563.49218941
10566 0.70129933 0.29449235 0.71211257 564.45795507
10567 0.69884526 0.28680157 0.66469631 565.79588716
10568 0.69745564 0.30662354 0.68970103 564.86960898
10569 0.70097785 0.27222571 0.68877800 563.82682603
10570 0.70325982 0.28156162 0.69335333 567.90755963
10571 0.69983610 0.29186489 0.67624311 566.36760811
10572 0.69818982 0.24509261 0.68560694 563.06159637
10573 0.69637341 0.26456504 0.71627576 565.57959172
10574 0.70291816 0.26795125 0.74696077 562.93533727
10575 0.70199292 0.25479289 0.72104675 562.82054226
10576 0.70379533 0.24382886 0.73148355 564.07557882
10577 0.70370967 0.25080907 0.74276959 563.93011758
10578 0.70279372 0.23376543 0.74558052 566.47202897
10579 0.70658940 0.22259519 0.72436010 567.17954375
10580 0.70402726 0.21572237 0.70587789 565.59411490
10581 0.70016820 0.22329346 0.70394745 565.52863135
10582 0.70075248 0.23158281 0.72905823 566.53587226
10583 0.70255754 0.24335997 0.70882835 563.27122420
10584 0.70739343 0.23442242 0.75355851 567.53941380
10585 0.70631789 0.22849463 0.75044645 567.32290519
10586 0.70264699 0.24094146 0.73422694 564.41656259
10587 0.70235166 0.25633664 0.74652564 563.67271731
10588 0.70516858 0.25838464 0.75280641 564.38825523
10589 0.70497027 0.27577123 0.77136008 563.81935973
10590 0.71008745 0.25879366 0.78532538 569.81669015
10591 0.70487188 0.25195321 0.78187221 566.45242768
10592 0.70507161 0.25160715 0.76444334 565.13178923
10593 0.70114817 0.26699447 0.76565919 564.69514592
10594 0.69977831 0.27203232 0.78244926 567.83743285
10595 0.70288736 0.27249611 0.76244634 563.13589503
10596 0.70472649 0.25702028 0.79905567 567.64673969
10597 0.70789701 0.25040098 0.76992379 567.21655410
10598 0.70002190 0.25896078 0.75831972 566.32329243
10599 0.69981290 0.28051602 0.76605391 564.28929823
10600 0.70260473 0.27884421 0.77184354 563.16437191
10601 0.70251386 0.25628522 0.77368623 566.11522879
10602 0.70704595 0.27444059 0.78543591 565.48801061
10603 0.70255361 0.27762464 0.76626635 562.99582455
10604 0.70109574 0.26522841 0.74353178 563.11847237
10605 0.69976564 0.27796282 0.71494908 562.26132239
10606 0.70769846 0.24954822 0.70962423 570.74845522
10607 0.70508055 0.22796776 0.74327876 566.57747371
10608 0.70871113 0.21969909 0.75636369 570.32511548
10609 0.70270684 0.23614624 0.74558205 566.11206426
10610 0.70370484 0.26939144 0.77844191 564.16831314
10611 0.70295782 0.28398158 0.78540304 563.44243000
10612 0.70256821 0.29516419 0.75411663 562.82926251
10613 0.70029007 0.29526829 0.76079367 562.51405231
10614 0.69959525 0.29381696 0.76343841 563.08403864
10615 0.69921403 0.31490228 0.75532410 562.72909042
10616 0.69907169 0.31546799 0.74630739 562.91464430
10617 0.69734777 0.31334102 0.73624535 563.34134549
10618 0.69813311 0.31336405 0.77010490 563.67381270
10619 0.70076334 0.32411720 0.77824480 562.74322943
10620 0.70005954 0.32933658 0.76913066 563.16650919
10621 0.70465377 0.30298879 0.78912190 563.47537692
10622 0.70370038 0.31990233 0.77169790 564.77930474
10623 0.70103706 0.30542177 0.76821262 562.37489858
10624 0.70008576 0.30753276 0.75003066 562.52741125
10625 0.69972407 0.30683680 0.75870836 562.48719192
10626 0.69969147 0.35026405 0.75215877 566.80697475
10627 0.70094265 0.35014044 0.76433021 566.68388163
10628 0.69632919 0.33401593 0.77936987 565.49096530
10629 0.70453074 0.30743798 0.76133474 565.42619667
10630 0.70204594 0.33327420 0.77041469 564.66858019
10631 0.69890065 0.33391170 0.75179895 564.08351699
10632 0.69738190 0.35079143 0.75051822 565.75148766
10633 0.69283168 0.36330070 0.75730848 569.54926176
10634 0.69272160 0.33960061 0.73592105 568.49293755
10635 0.69700112 0.29979215 0.71328177 563.19554660
10636 0.69778658 0.29605384 0.72453169 562.79673586
10637 0.69401404 0.30943714 0.72391778 566.29678703
10638 0.69410361 0.33447102 0.70676333 566.86615478
10639 0.69324188 0.32922634 0.73416822 567.60187453
10640 0.69819701 0.33716805 0.73819975 565.13506310
10641 0.69925176 0.32033321 0.73947875 563.58657349
10642 0.69697587 0.32674101 0.70987139 565.57709521
10643 0.69607273 0.31702402 0.73214997 564.18426489
10644 0.70002451 0.30180146 0.71361807 563.94802865
10645 0.70155806 0.30065082 0.71288660 565.51798773
10646 0.70465910 0.24676317 0.74213943 564.51054890
10647 0.70478811 0.22892302 0.72506494 565.40548239
10648 0.70125833 0.23011142 0.69745377 563.60836573
10649 0.70009271 0.22946501 0.66876517 562.86397464
10650 0.69861460 0.26142902 0.66479635 562.93564513
10651 0.69559456 0.26232988 0.66158670 563.36615232
10652 0.69728577 0.24787693 0.68907936 563.78515289
10653 0.70062694 0.26092563 0.69918754 562.45538414
10654 0.69623222 0.27682671 0.70454702 563.76028873
10655 0.70185350 0.24994762 0.71339986 562.86820762
10656 0.69907178 0.26354242 0.73884900 564.46142021
10657 0.69960461 0.28563547 0.71856003 562.35638817
10658 0.69518220 0.27896886 0.70931320 565.26480719
10659 0.69951815 0.27935833 0.73853708 562.67243856
10660 0.70010872 0.29705823 0.74729617 562.30783729
10661 0.70206645 0.30732181 0.74095495 564.15128359
10662 0.69947673 0.32094393 0.73438536 564.09036913
10663 0.70139076 0.32125707 0.74300852 564.97721873
10664 0.69767000 0.30008887 0.75608895 563.99127179
10665 0.70623255 0.28717967 0.75039683 567.06117881
10666 0.69853364 0.32058072 0.74740897 563.18375449
10667 0.69195259 0.33232197 0.75628011 571.91486823
10668 0.70037727 0.33826091 0.73790501 567.14813945
10669 0.69656438 0.31006484 0.77903174 566.89962882
10670 0.70205153 0.32179470 0.74697827 565.41712917
10671 0.69836126 0.31083057 0.73206137 563.05128998
10672 0.69771832 0.31624539 0.74491548 563.25069725
10673 0.70025237 0.31021344 0.73987420 563.11135079
10674 0.69820571 0.31272559 0.71881708 563.73988574
10675 0.70234587 0.27934283 0.74254925 562.58893057
10676 0.70167692 0.26705750 0.75193528 563.23701571
10677 0.70005627 0.26101224 0.72750260 563.02144120
10678 0.70579052 0.25629406 0.72309077 566.13682765
10679 0.69458934 0.23900941 0.65261871 565.11966227
10680 0.69569584 0.23943133 0.64796845 563.58851430
10681 0.69315597 0.26368280 0.65458531 565.57545569
10682 0.69993197 0.26429235 0.65879809 564.63391141
10683 0.70132234 0.25870757 0.66801788 564.75404901
10684 0.70079368 0.25622352 0.67198670 563.61172582
10685 0.69580235 0.26824362 0.67126384 563.31345433
10686 0.69532099 0.29353155 0.67921395 564.15255967
10687 0.69333405 0.27467973 0.65711100 565.19444312
10688 0.69837496 0.28687508 0.66622925 565.16019305
10689 0.69530599 0.28857194 0.69864363 564.08458509
10690 0.69412951 0.27883622 0.67399312 564.71218371
10691 0.69771042 0.27742218 0.65253134 564.76367602
10692 0.69148954 0.28101975 0.66765238 568.24345419
10693 0.69566331 0.29714417 0.68514489 564.07674320
10694 0.69495405 0.30168892 0.69576209 564.47058424
10695 0.69674620 0.28541398 0.68334741 563.23980315
10696 0.70142553 0.26452919 0.66898889 565.46567337
10697 0.69771662 0.26726342 0.64545260 564.24674380
10698 0.69490285 0.28789641 0.65089726 565.03991397
10699 0.70069608 0.24634686 0.66133206 563.58908534
10700 0.69779916 0.23896302 0.64340706 562.71324090
10701 0.68943084 0.25917338 0.62797765 570.85889300
10702 0.69833450 0.29121995 0.66942385 565.39113243
10703 0.70610912 0.26963166 0.70189002 570.90419092
10704 0.70511180 0.24027426 0.72963366 564.96734300
10705 0.69993282 0.22625063 0.70660198 565.55678423
10706 0.70334848 0.22692881 0.67600271 564.62728015
10707 0.70039126 0.24355630 0.68681630 562.59267652
10708 0.70193743 0.24710952 0.68451313 563.39279334
10709 0.69760061 0.22338154 0.65520512 563.55359521
10710 0.70062017 0.20808287 0.66816511 564.34685394
10711 0.69961377 0.22559160 0.65321348 562.86171200
10712 0.69756305 0.25449932 0.65726812 562.70240548
10713 0.69440276 0.26400526 0.64338335 564.08487875
10714 0.69291587 0.25800524 0.64831384 565.85388405
10715 0.69421212 0.26072226 0.62299760 564.46472198
10716 0.69362944 0.27603952 0.60850546 566.79206450
10717 0.69419840 0.27667021 0.61649620 566.28053001
10718 0.69677266 0.22851596 0.60233426 563.68967666
10719 0.69402170 0.21490003 0.61176997 565.15146510
10720 0.69844941 0.21516563 0.59966711 564.01488160
10721 0.69934082 0.19604178 0.59936267 564.02380361
10722 0.70098284 0.17788785 0.58872530 565.66632633
10723 0.69472102 0.17891495 0.56940134 565.14112188
10724 0.69297727 0.19137527 0.53316508 565.17529348
10725 0.69292202 0.18232165 0.53789079 565.32955080
10726 0.69780886 0.16597611 0.53650281 565.45735014
10727 0.69831973 0.16243086 0.53865172 565.65213378
10728 0.70056417 0.13355424 0.54285583 567.74817495
10729 0.69310691 0.17084953 0.54031200 565.92293169
10730 0.69383717 0.17229496 0.54547955 565.36181521
10731 0.69609625 0.17606605 0.53444054 564.85642376
10732 0.69298419 0.19482266 0.54524119 565.03838538
10733 0.69478524 0.20574474 0.55979274 564.34745244
10734 0.69301465 0.22470045 0.55572021 565.58983249
10735 0.69558790 0.20405831 0.55545413 564.66386874
10736 0.69538540 0.20655319 0.57927046 563.75939995
10737 0.69453086 0.21007049 0.58052637 563.99896338
10738 0.69904208 0.18300562 0.58003743 564.48581099
10739 0.69331339 0.20915769 0.57731828 564.77876215
10740 0.69766268 0.21548816 0.56263178 566.80260720
10741 0.69519913 0.22979185 0.60011998 563.68282165
10742 0.69540220 0.24985720 0.59613979 565.35277569
10743 0.69784058 0.24095864 0.60313918 565.47341143
10744 0.69768969 0.24557422 0.62135090 564.10474457
10745 0.70030868 0.28081286 0.65870723 567.62323446
10746 0.69407302 0.25499219 0.65640584 564.87440851
10747 0.69162684 0.26111838 0.63377945 566.91918278
10748 0.70100196 0.24713660 0.64399210 565.57018016
10749 0.69995576 0.24253855 0.67137611 562.60660401
10750 0.69995508 0.21730780 0.66446458 563.45787925
10751 0.70100205 0.22056042 0.67307670 563.45737215
10752 0.69978862 0.23859020 0.67416075 562.60120012
10753 0.70212767 0.24870961 0.67032624 564.62755969
10754 0.70283711 0.25269812 0.67574133 565.47160894
10755 0.70401412 0.19941482 0.68836436 566.55659348
10756 0.70225960 0.18719184 0.69145515 569.33158153
10757 0.70352570 0.17317506 0.65768125 568.14257335
10758 0.70515245 0.16927277 0.67218936 570.28888548
10759 0.70131613 0.17432523 0.66399539 569.16304795
10760 0.70384497 0.19226897 0.63583041 566.77836087
10761 0.70023302 0.19423313 0.61546023 564.11080682
10762 0.69673189 0.23234289 0.63103921 562.93158349
10763 0.69709898 0.22536615 0.62716614 562.93455526
10764 0.69948613 0.21657999 0.64573650 563.09457486
10765 0.70225441 0.22609564 0.66464544 564.01973927
10766 0.70044081 0.24976996 0.68169969 562.62384902
10767 0.70111294 0.26866097 0.73235072 562.46379624
10768 0.70366005 0.25963722 0.72746662 563.51974645
10769 0.70498402 0.24893470 0.74401744 564.59549167
10770 0.70506307 0.25001477 0.73094665 564.67063178
10771 0.70225290 0.26846077 0.73013510 562.65645257
10772 0.70059809 0.26920038 0.73834479 562.75475791
10773 0.70002744 0.28098852 0.72260850 562.24437197
10774 0.69471576 0.28597638 0.72831534 567.23668540
10775 0.69533541 0.28508504 0.72882161 566.24947446
10776 0.69921525 0.26733168 0.73218282 563.34966528
10777 0.70196850 0.25888247 0.72371440 562.71297638
10778 0.70040601 0.28647289 0.75565608 562.63014633
10779 0.69895685 0.29444321 0.73101834 562.43294514
10780 0.70135647 0.31472400 0.76449934 562.80699022
10781 0.70061434 0.30189223 0.78451263 563.13863294
10782 0.70489108 0.27662192 0.76013402 563.88990534
10783 0.70305712 0.26438619 0.73317926 563.02633763
10784 0.70247522 0.24248502 0.75405069 566.15513297
10785 0.69659545 0.24238849 0.70144517 566.67324232
10786 0.70052642 0.22313835 0.70767017 565.65445952
10787 0.69967835 0.23180990 0.68784171 563.43614375
10788 0.70239850 0.21766237 0.71009228 565.64976328
10789 0.70565473 0.19694786 0.68125990 567.69362483
10790 0.70632684 0.20090868 0.67779048 568.40433225
10791 0.70723234 0.18761828 0.68872940 570.22234819
10792 0.69834691 0.21062366 0.69920740 569.87095664
10793 0.70054082 0.23668233 0.69375424 563.05299757
10794 0.69788830 0.24576640 0.65815988 562.56251997
10795 0.69852217 0.24060046 0.63038627 563.59671199
10796 0.69885734 0.24816478 0.67344499 562.42685338
10797 0.69653774 0.25455235 0.67947087 563.41474432
10798 0.69679843 0.25702480 0.68618587 563.37018820
10799 0.69235910 0.27734623 0.65758545 566.39816039
10800 0.69385507 0.27776809 0.66339684 564.77067395
10801 0.69538219 0.27413364 0.67308544 563.61008523
10802 0.69676684 0.25958556 0.69933671 564.03280559
10803 0.69726338 0.27805619 0.69736700 562.75162705
10804 0.69675313 0.28871964 0.67287957 563.93563781
10805 0.69861590 0.26679142 0.69546446 562.34275066
10806 0.69565229 0.28000345 0.69012493 563.66007758
10807 0.69753131 0.28151729 0.72269219 563.20817638
10808 0.70162173 0.27752364 0.73294570 562.42322840
10809 0.69995691 0.26017566 0.71185355 562.45649633
10810 0.69978647 0.27539605 0.73774826 562.71224092
10811 0.69726810 0.27331649 0.72756516 564.43294074
10812 0.70425644 0.26021985 0.74457178 563.72301622
10813 0.70260724 0.24668440 0.74458940 564.51852245
10814 0.69909112 0.27277403 0.75411945 564.84229373
10815 0.70127197 0.24775379 0.71920718 563.17755513
10816 0.70027043 0.24047516 0.68704539 562.68984529
10817 0.70151836 0.21931270 0.67504903 563.65513258
10818 0.70085647 0.23914944 0.70020684 563.07703439
10819 0.70222599 0.23829869 0.71879324 563.81684521
10820 0.70339536 0.24676103 0.72354784 563.61093140
10821 0.69833443 0.25890393 0.73242933 565.30220783
10822 0.70008914 0.26727638 0.74145300 563.36104987
10823 0.70233819 0.27986597 0.72522574 563.18557761
10824 0.69942610 0.29091992 0.76638521 563.64140313
10825 0.70336716 0.27273077 0.76373680 563.19726886
10826 0.70299619 0.26947896 0.77784275 564.32342020
10827 0.70170881 0.28564044 0.78355032 563.70611617
10828 0.69951023 0.31300571 0.78191253 563.16148217
10829 0.70054148 0.30700986 0.78053458 562.72765595
10830 0.70236017 0.30007662 0.80576950 563.68627235
10831 0.70034063 0.33348246 0.81306585 563.38978419
10832 0.70518285 0.33259045 0.80152177 565.56497494
10833 0.70230565 0.33132051 0.76493337 565.20970318
10834 0.69680550 0.37000289 0.78623402 566.21809338
10835 0.69800238 0.34338919 0.76719613 564.21074268
10836 0.70060975 0.31424622 0.74726395 563.21836672
10837 0.70294208 0.30363391 0.75485007 563.62414672
10838 0.70008548 0.30699086 0.76598660 562.48779744
10839 0.70340677 0.31068205 0.76545298 563.97887969
10840 0.69621778 0.31478426 0.74752066 564.46880564
10841 0.69685127 0.34555805 0.75045034 565.18713249
10842 0.69750284 0.33261168 0.73821340 564.46883987
10843 0.69975141 0.32588295 0.73927209 564.46710967
10844 0.70377604 0.31110492 0.75839479 565.07337622
10845 0.69568212 0.32118734 0.74233934 564.77606028
10846 0.69478875 0.31499989 0.73079554 565.42801249
10847 0.70143514 0.30146468 0.74347902 562.92821937
10848 0.69796113 0.31467637 0.75536823 563.21888848
10849 0.69907304 0.28681707 0.73590703 562.50952760
10850 0.69994317 0.29810399 0.75052789 562.34999765
10851 0.70348630 0.28560068 0.77127520 562.91064965
10852 0.70388536 0.30048454 0.76879752 563.48979462
10853 0.70209130 0.31122426 0.75997377 563.20031499
10854 0.70341007 0.28490237 0.77577636 562.98045718
10855 0.70460665 0.25223972 0.77237901 565.58596425
10856 0.70056556 0.28678179 0.78082491 564.24458928
10857 0.70522091 0.29035564 0.79502643 563.75798109
10858 0.69969923 0.33084040 0.79457558 563.13825665
10859 0.69585227 0.33862417 0.78822590 566.62381009
10860 0.69952296 0.30471421 0.78580196 563.92347615
10861 0.70304141 0.30940511 0.75455732 564.29933211
10862 0.69378976 0.32078491 0.75263386 568.31297202
10863 0.69734416 0.35366588 0.72261731 568.93993226
10864 0.69905721 0.31324019 0.73801190 563.04300483
10865 0.69843261 0.29045655 0.72694050 562.54320280
10866 0.70482281 0.27815316 0.75316868 564.10313095
10867 0.70082114 0.28486743 0.75895692 562.68781121
10868 0.69715465 0.25967466 0.71788851 565.20892292
10869 0.69950316 0.21911423 0.68731762 565.02935400
10870 0.69410474 0.23228651 0.67345638 569.33619518
10871 0.70153995 0.24528032 0.69740575 562.82983040
10872 0.69441162 0.28182505 0.70279198 565.71581285
10873 0.69721768 0.27790071 0.68525327 562.81731231
10874 0.69615256 0.29674867 0.67731931 564.32490739
10875 0.69453808 0.28608160 0.69235999 564.73604987
10876 0.69635855 0.29835623 0.67419389 564.71562664
10877 0.69888961 0.29839013 0.67964286 565.85545736
10878 0.69711169 0.31590404 0.69127511 565.79860129
10879 0.69549052 0.31888761 0.71394619 564.72787909
10880 0.70146087 0.30209625 0.71966025 564.84995022
10881 0.70399008 0.30860358 0.73812521 567.45707371
10882 0.70147635 0.30677941 0.74130433 563.51659048
10883 0.70012267 0.29227533 0.72551193 562.54036364
10884 0.70173608 0.28002947 0.72970213 562.59425729
10885 0.69508021 0.29864210 0.70623087 564.42726426
10886 0.70136526 0.29402187 0.72941942 563.12094874
10887 0.69650936 0.32447308 0.68925970 566.98265711
10888 0.69380664 0.32395379 0.67435193 567.63609888
10889 0.70059611 0.28154653 0.71080676 562.79124574
10890 0.69980071 0.26207067 0.66311591 563.87403788
10891 0.69700685 0.23445174 0.68276805 565.07661915
10892 0.70129575 0.20994520 0.68212538 564.84111998
10893 0.70030151 0.21654575 0.65805213 563.31563191
10894 0.70192648 0.21168767 0.64316124 564.41968246
10895 0.69754528 0.21586567 0.64605891 563.74204705
10896 0.69568187 0.23109563 0.62456624 563.31448249
10897 0.69844178 0.22544427 0.63429517 562.86117489
10898 0.69781630 0.23002262 0.64728599 562.79305161
10899 0.70331204 0.20448408 0.64173195 565.90933213
10900 0.70503961 0.19049811 0.64535521 567.99050842
10901 0.69747756 0.18886187 0.65398739 568.89976005
10902 0.70291665 0.18130208 0.65427393 566.69318312
10903 0.70654327 0.19050637 0.65798048 569.75882221
10904 0.69994852 0.20126895 0.66565242 565.31670681
10905 0.70541658 0.20825846 0.65409085 568.46551224
10906 0.69839073 0.20585916 0.66285554 565.61171281
10907 0.69869708 0.23104261 0.63647789 562.93754388
10908 0.69866826 0.22238973 0.64625587 562.89189317
10909 0.69795064 0.24616833 0.62932514 563.71851101
10910 0.70201544 0.23812399 0.63824709 566.75308565
10911 0.69680536 0.21931781 0.65444417 564.61641587
10912 0.69585544 0.22488046 0.66033644 565.64645834
10913 0.70311087 0.21914098 0.67411924 564.47945714
10914 0.70132693 0.21008121 0.65247126 563.83276934
10915 0.69396077 0.22073217 0.63955103 567.02233652
10916 0.69913609 0.23722685 0.64761627 562.86869863
10917 0.70167385 0.23001751 0.63190186 566.01561834
10918 0.69633369 0.24213024 0.62841943 563.12998065
10919 0.69813886 0.21313261 0.59658952 563.89383003
10920 0.69502608 0.23243586 0.60830023 563.61351922
10921 0.69243837 0.23045157 0.59816184 565.48934982
10922 0.69829870 0.21278286 0.62383516 563.08469090
10923 0.69822223 0.22320446 0.63479207 562.84974156
10924 0.70049165 0.22570603 0.65121481 563.20610339
10925 0.69661321 0.22411764 0.61242970 563.14420233
10926 0.69865998 0.22109594 0.65929236 563.34652030
10927 0.69921962 0.22289684 0.65470015 562.94384423
10928 0.69132323 0.26064263 0.63578398 567.53766039
10929 0.69438943 0.25766968 0.66289691 564.67711241
10930 0.69995152 0.24215032 0.65665754 563.07502735
10931 0.69921010 0.23030274 0.65792531 562.71527386
10932 0.69625871 0.25094415 0.64154351 563.06857971
10933 0.69653618 0.25158810 0.65106527 562.89260906
10934 0.70169535 0.28006667 0.64370101 573.03729062
10935 0.69857474 0.23650372 0.65590274 562.59324916
10936 0.70364555 0.22518992 0.66169367 565.79934994
10937 0.69879004 0.21759150 0.62479841 563.12313168
10938 0.69600217 0.20603852 0.61901872 564.28585736
10939 0.70333856 0.22312278 0.61854970 570.10917515
10940 0.69368717 0.22077393 0.65899304 570.25350150
10941 0.69608015 0.21854381 0.68927134 570.61167867
10942 0.69990076 0.19743595 0.67145954 566.56614168
10943 0.69860445 0.20345315 0.67333591 567.03320521
10944 0.69704905 0.22119443 0.68815901 567.92812120
10945 0.70161965 0.20533291 0.70774405 568.10211194
10946 0.70464753 0.18793986 0.69571918 568.90225090
10947 0.70080877 0.22413148 0.69748522 564.37835331
10948 0.70212461 0.22091898 0.70206723 564.67180966
10949 0.70437644 0.23731996 0.70036704 564.86862214
10950 0.70066897 0.21147366 0.68504476 565.12216989
10951 0.69920115 0.19124106 0.64291986 565.28160698
10952 0.69836958 0.20458197 0.66569545 566.15781606
10953 0.70492680 0.23185902 0.69648989 565.62396926
10954 0.69959659 0.24085078 0.71451242 564.51164623
10955 0.69803504 0.24070471 0.73195909 569.11384808
10956 0.70520233 0.23431426 0.74910376 566.17412137
10957 0.70717263 0.22448727 0.71800010 567.85904394
10958 0.70339712 0.23719984 0.72564282 564.27903348
10959 0.70334786 0.24596685 0.71398460 563.60348517
10960 0.70408326 0.28128250 0.72437369 565.45235851
10961 0.70035523 0.31719768 0.75528153 562.94359196
10962 0.70106121 0.33187413 0.79821209 562.82646986
10963 0.69736443 0.33900280 0.78133337 564.37484324
10964 0.69992307 0.33820661 0.80609685 563.31392102
10965 0.70389384 0.31197465 0.80296645 562.98760958
10966 0.70586034 0.29869954 0.80476106 564.06399589
10967 0.70128580 0.32760370 0.82280100 563.54079464
10968 0.70579873 0.33490107 0.82837307 564.60720873
10969 0.70095789 0.34168235 0.85179151 565.14135717
10970 0.70364912 0.35770201 0.80251775 566.97548356
10971 0.69764579 0.36073381 0.80936285 565.16509851
10972 0.70326447 0.33269970 0.77884768 565.17717788
10973 0.70308409 0.32667166 0.77912862 564.21836638
10974 0.69869028 0.33548280 0.79552327 563.77706916
10975 0.70137169 0.32388428 0.80238492 562.75899670
10976 0.70393450 0.31308778 0.81419837 563.08949727
10977 0.70410877 0.30085430 0.81903943 563.89402557
10978 0.69754877 0.33743069 0.82204596 567.23555295
10979 0.70127639 0.34195380 0.85854820 565.44440305
10980 0.70322152 0.34879614 0.83236202 563.46049243
10981 0.70366977 0.35937986 0.82641658 564.93990315
10982 0.69879825 0.37177687 0.83971284 565.28225655
10983 0.69727951 0.39015849 0.83956688 567.10186648
10984 0.70217462 0.38695537 0.87070948 564.84144029
10985 0.70442124 0.37444649 0.89671794 564.57784142
10986 0.70526055 0.38109400 0.88719976 565.12356775
10987 0.70472568 0.39878891 0.89736009 565.98418567
10988 0.70361207 0.38104259 0.89244065 564.61532579
10989 0.70497601 0.37179272 0.89147297 564.48823244
10990 0.70459002 0.35268502 0.85739961 563.80123801
10991 0.70344241 0.36181438 0.85979996 563.78347264
10992 0.70163762 0.35532762 0.85312008 563.94412104
10993 0.70075706 0.36711323 0.86605314 564.96546738
10994 0.70248642 0.37140454 0.83622383 564.76431570
10995 0.70211086 0.34704408 0.83123078 563.22312119
10996 0.70102147 0.35508662 0.82268122 563.55195914
10997 0.69831673 0.35546963 0.85009584 567.40941018
10998 0.70041828 0.35682164 0.81897405 563.72215831
10999 0.70467787 0.36193350 0.81844833 567.35054685
11000 0.69845026 0.35779142 0.83733187 565.79674063
11001 0.70524868 0.36510857 0.83490173 566.87789382
11002 0.69685845 0.36321114 0.85376792 569.89080293
11003 0.70909343 0.35019012 0.84333735 570.64227384
11004 0.70153703 0.36661325 0.85534678 564.03550769
11005 0.70349035 0.34881765 0.85650301 563.58069710
11006 0.70357857 0.34323430 0.86236889 563.95626102
11007 0.70541863 0.33092278 0.84554096 563.78150229
11008 0.70770801 0.30736255 0.84241719 565.42319499
11009 0.70256152 0.29645414 0.82752675 566.25294021
11010 0.70147859 0.33629159 0.79894693 563.02038343
11011 0.70253713 0.32741375 0.81412625 562.83036467
11012 0.70348896 0.33769757 0.80712125 563.80939105
11013 0.70236608 0.34836637 0.81531867 563.58181335
11014 0.69878906 0.34190620 0.81646926 564.60441461
11015 0.70046366 0.35369021 0.85262781 564.87900641
11016 0.70368547 0.36643040 0.87387465 564.02331293
11017 0.70338879 0.37766446 0.86034204 564.72449933
11018 0.70199702 0.35182705 0.86136986 564.30688665
11019 0.70353327 0.33514209 0.85465644 563.93329110
11020 0.70418737 0.35406529 0.82834108 564.70169085
11021 0.70954493 0.33100061 0.83228888 570.06439902
11022 0.70567037 0.35585367 0.84373682 565.42062385
11023 0.69866672 0.35612652 0.87116729 569.55996935
11024 0.70371036 0.35959036 0.85888148 563.75789365
11025 0.70751730 0.34338582 0.88194960 565.17950000
11026 0.70433610 0.35879697 0.85115194 564.10025056
11027 0.70456251 0.36047009 0.85359222 564.27670798
11028 0.70372734 0.32790229 0.83721845 563.35051514
11029 0.70075918 0.35987065 0.87409675 566.05365755
11030 0.70681580 0.38074412 0.89756514 565.95423061
11031 0.70467509 0.35804900 0.90205341 565.35384263
11032 0.70448001 0.33946955 0.89472957 566.64697838
11033 0.70551652 0.33440910 0.89225625 566.25174172
11034 0.70694815 0.34285281 0.90431553 566.01629781
11035 0.70866091 0.35865177 0.90785186 566.22517087
11036 0.70428357 0.36934495 0.91372564 565.76247229
11037 0.70412538 0.35579448 0.88839371 564.72889055
11038 0.70469484 0.36755750 0.88420724 564.27124442
11039 0.70776063 0.34577091 0.87375093 565.49048772
11040 0.69957656 0.35738260 0.86290593 566.68592723
11041 0.70485819 0.35659406 0.85661907 564.12145623
11042 0.69818471 0.35629920 0.83725867 566.23270122
11043 0.70765890 0.34644171 0.86665299 565.64525388
11044 0.70450147 0.36261279 0.83869357 565.25128128
11045 0.70227178 0.33514456 0.82488566 563.02109621
11046 0.69952692 0.30700631 0.78012025 563.34742203
11047 0.69957879 0.30521650 0.78900897 564.09229267
11048 0.70129754 0.31605684 0.76840115 562.72550887
11049 0.70170121 0.30281599 0.74120547 563.35101812
11050 0.69538939 0.30564419 0.72264228 564.54149025
11051 0.69780270 0.29563963 0.71874739 562.77478875
11052 0.69784012 0.25959365 0.70512143 563.34666149
11053 0.70141211 0.25734937 0.70559668 562.60824855
11054 0.70136890 0.22648547 0.67001288 563.28990582
11055 0.70130461 0.22853932 0.66779284 563.25850002
11056 0.69478041 0.21153115 0.65452796 569.02509114
11057 0.70086334 0.22483545 0.65858664 563.22767799
11058 0.70006179 0.21442080 0.63377888 563.41452869
11059 0.70370796 0.19854662 0.60729528 569.38266978
11060 0.69331048 0.20057552 0.60839489 567.62155590
11061 0.70213810 0.21314037 0.59328444 569.89075027
11062 0.69515321 0.20808999 0.58746491 563.76097854
11063 0.69996554 0.21625035 0.56071881 571.23142851
11064 0.70356908 0.16988950 0.55833069 572.71899407
11065 0.69612541 0.17126283 0.51551336 565.85683401
11066 0.69116730 0.19425236 0.50777715 566.71690283
11067 0.68941623 0.22126018 0.54380027 568.25679301
11068 0.69390341 0.23413579 0.54596443 567.70062045
11069 0.68641713 0.21260629 0.55088790 575.40871524
11070 0.68991867 0.16043550 0.53982684 572.89769354
11071 0.69546602 0.14135953 0.51606592 565.84217370
11072 0.69512515 0.13890222 0.52532072 566.56219169
11073 0.69640674 0.14843690 0.49747690 566.31077623
11074 0.69541371 0.14630254 0.49908622 565.76063938
11075 0.69279865 0.16944660 0.50179833 565.75746333
11076 0.69747114 0.12016026 0.52187883 567.57594312
11077 0.69749735 0.16403526 0.55444510 564.76498961
11078 0.69867691 0.17241348 0.57479897 564.59772180
11079 0.69829899 0.19857368 0.58606507 564.01432352
11080 0.69325924 0.17884936 0.56358876 566.37210039
11081 0.69533027 0.18613096 0.58652892 564.86576156
11082 0.69418471 0.16991562 0.57385756 567.17273499
11083 0.69332421 0.19598530 0.55091044 564.81789823
11084 0.69516436 0.17048284 0.56005290 565.09203304
11085 0.69598169 0.18043558 0.57105538 564.28944136
11086 0.69672742 0.20103993 0.56801700 564.23104975
11087 0.69792194 0.16369175 0.54960576 564.97262657
11088 0.69500489 0.17936312 0.56042698 564.56729137
11089 0.69894433 0.18334963 0.60041623 564.17651740
11090 0.70345880 0.16403253 0.60591583 567.91480583
11091 0.70262685 0.18024526 0.58674268 568.13269728
11092 0.69673173 0.17039777 0.59621843 566.21952256
11093 0.69611101 0.16421509 0.61676177 571.01050004
11094 0.69673275 0.18075842 0.62549323 567.64337335
11095 0.69859187 0.20132456 0.63735744 564.03902162
11096 0.70001757 0.21162883 0.61946289 563.89062620
11097 0.70053480 0.21412027 0.62375928 564.17420157
11098 0.69673536 0.21368250 0.63324292 563.81283244
11099 0.69916163 0.22853987 0.67875237 563.47156932
11100 0.70093931 0.21207967 0.67378128 564.17321823
11101 0.70314029 0.21557653 0.67499015 564.58289583
11102 0.70129083 0.22434338 0.63252036 564.92526963
11103 0.70015439 0.20567510 0.64374794 563.65554777
11104 0.69492529 0.23101586 0.62192414 563.74554782
11105 0.69992672 0.21628983 0.61542390 564.24244593
11106 0.69492049 0.23423447 0.62300643 563.68271157
11107 0.70026705 0.21379002 0.63862180 563.40854002
11108 0.69688281 0.20959020 0.61718346 563.39071869
11109 0.69955748 0.21945801 0.60145449 565.24802680
11110 0.69716489 0.21508647 0.60988018 563.14598741
11111 0.69595149 0.21000050 0.58751710 563.55748983
11112 0.69669193 0.19334352 0.58788214 563.70711866
11113 0.69109420 0.22426439 0.57800202 566.73173689
11114 0.69766089 0.23298345 0.58050235 566.92656980
11115 0.69044551 0.20347037 0.52134640 567.07639377
11116 0.69003805 0.21918739 0.54957073 567.54173574
11117 0.69445478 0.22127036 0.56139763 565.08431231
11118 0.69221352 0.21342796 0.56894099 565.50655827
11119 0.69896920 0.21555118 0.56650745 568.21896647
11120 0.69554645 0.22157775 0.54410259 567.53859567
11121 0.69473635 0.22914816 0.53037548 569.81582536
11122 0.69274158 0.21847286 0.52837454 567.02112374
11123 0.69834129 0.21507521 0.55821969 568.33372352
11124 0.69037914 0.18907156 0.53375485 567.66961878
11125 0.70008912 0.17151095 0.51895751 571.11531477
11126 0.69254792 0.16870632 0.52870655 566.14751608
11127 0.69952907 0.17105653 0.52776820 568.71220290
11128 0.70023264 0.15308010 0.54360533 567.07395132
11129 0.69785416 0.14232880 0.54617868 566.08728688
11130 0.70017062 0.14543224 0.52957214 567.78736913
11131 0.69491311 0.13254318 0.51938125 567.12671764
11132 0.69495671 0.11550004 0.50195879 568.21767774
11133 0.69743843 0.12951246 0.48258486 567.62299347
11134 0.69243431 0.14455249 0.47913164 566.50374208
11135 0.68947644 0.15058062 0.46739437 568.62380482
11136 0.69419019 0.15430121 0.45215185 568.97216402
11137 0.69022429 0.16069362 0.45781858 567.88192575
11138 0.68990039 0.15969011 0.47121356 567.89746384
11139 0.69557186 0.17903299 0.50508770 566.95300455
11140 0.69090858 0.18011317 0.48392976 567.22160767
11141 0.69085048 0.18364689 0.48865345 567.18534059
11142 0.69448258 0.16259364 0.50296494 565.54146305
11143 0.68980345 0.16745989 0.49131920 568.04826398
11144 0.69070638 0.18042655 0.50365797 566.90192093
11145 0.69130556 0.17688028 0.48440295 566.94580143
11146 0.69227210 0.15273663 0.48404868 566.34940616
11147 0.69218307 0.15946266 0.48682562 566.27052597
11148 0.69372736 0.15571454 0.49733054 565.67298643
11149 0.69269372 0.15508919 0.48107990 566.24619474
11150 0.69309871 0.15748398 0.48594918 566.05847847
11151 0.69436343 0.17055819 0.50154187 565.85763071
11152 0.69562970 0.17403535 0.50797541 566.29300191
11153 0.69086522 0.16999727 0.47763932 567.15098513
11154 0.69464455 0.18026543 0.51695595 565.46146300
11155 0.69597344 0.17984927 0.54114919 564.59880076
11156 0.69548424 0.18031889 0.55036524 564.31400262
11157 0.69941714 0.15622500 0.54459613 566.20269584
11158 0.68972231 0.20573567 0.55787764 568.97693473
11159 0.70053749 0.21345470 0.54955344 574.22589177
11160 0.70076612 0.21108623 0.55988245 572.22102198
11161 0.70054669 0.20420728 0.56600916 569.47497148
11162 0.69181621 0.20190481 0.56745583 566.46246736
11163 0.69494513 0.22133431 0.58620060 563.88711902
11164 0.69984795 0.19539511 0.57281387 566.35091391
11165 0.69025872 0.20771737 0.54552150 567.39522610
11166 0.69327970 0.20099601 0.55576701 564.78126385
11167 0.69295641 0.18796163 0.52862854 565.24360546
11168 0.69168229 0.18869547 0.52086346 566.02971102
11169 0.69273638 0.17920965 0.52470454 565.44013309
11170 0.69466833 0.20094739 0.54776963 564.70177867
11171 0.69279800 0.21479878 0.55919354 565.08488228
11172 0.69339760 0.24343990 0.57834350 565.62952727
11173 0.69366705 0.25848037 0.57410174 567.85956776
11174 0.69017857 0.26116035 0.58491121 568.16606456
11175 0.69783849 0.26123140 0.59099912 570.72224812
11176 0.69805235 0.25462263 0.58498885 570.77039177
11177 0.68959287 0.27211290 0.58293950 569.48478469
11178 0.69175408 0.27273048 0.56538089 570.34865281
11179 0.69469872 0.24615426 0.54652055 570.45344253
11180 0.69249432 0.23691342 0.56281339 566.14671363
11181 0.69480913 0.23143740 0.58550403 564.36289058
11182 0.69758334 0.21432349 0.59884339 563.54099975
11183 0.69691343 0.23928142 0.58191245 566.76117278
11184 0.69332215 0.20489629 0.57614873 564.91068913
11185 0.69653484 0.21053278 0.57786404 564.03441311
11186 0.70131429 0.21201267 0.59210551 568.22731058
11187 0.69546925 0.18659832 0.59894193 565.51994911
11188 0.70066923 0.21367340 0.59743102 566.63276625
11189 0.69551894 0.19378551 0.62040994 566.46116481
11190 0.70031290 0.23613714 0.61534473 566.61103987
11191 0.69957953 0.20184931 0.64765102 564.15649872
11192 0.69721953 0.22324546 0.67112096 565.17128217
11193 0.69491340 0.25789787 0.64414041 563.68729629
11194 0.69885842 0.30320521 0.67112822 567.78706251
11195 0.69597526 0.29704079 0.67998434 564.21239695
11196 0.69577504 0.28684026 0.68391100 563.58888871
11197 0.69371380 0.30087099 0.68905118 565.50273822
11198 0.69801467 0.28510467 0.72161616 562.70438294
11199 0.69808824 0.31037173 0.73880525 562.96382180
11200 0.70195302 0.30028321 0.75550794 562.65528782
11201 0.70194606 0.30193853 0.73885486 563.64675008
11202 0.69704600 0.29343716 0.71849556 563.11484520
11203 0.69859978 0.32413112 0.70869155 566.32531763
11204 0.69218129 0.31885780 0.69980696 567.90268400
11205 0.69389733 0.31547600 0.70708652 565.84011572
11206 0.69786733 0.33165440 0.71817284 565.95114170
11207 0.69713151 0.33204912 0.69334782 568.30795837
11208 0.69195533 0.34285162 0.71694956 569.27024778
11209 0.69216789 0.36368175 0.73206262 570.35764823
11210 0.70152192 0.32171415 0.74382774 565.10437427
11211 0.70084766 0.35215276 0.80476524 563.74516966
11212 0.69690979 0.34473265 0.79808292 565.54732006
11213 0.70582106 0.29468270 0.79853933 564.09148709
11214 0.70716030 0.30202600 0.82793511 564.99877614
11215 0.69990228 0.30375655 0.82200585 567.93843450
11216 0.70603574 0.32559959 0.83210463 564.19397861
11217 0.70521426 0.33236505 0.84045025 563.68857702
11218 0.70161093 0.32260012 0.82700663 563.93222355
11219 0.70392529 0.31149476 0.87992446 570.02251772
11220 0.70498899 0.29664222 0.86754895 569.73546425
11221 0.70059096 0.32215195 0.86108205 569.89298074
11222 0.70938645 0.30135085 0.87679735 568.37246072
11223 0.70273372 0.31463949 0.85965232 567.56966711
11224 0.69914563 0.34896762 0.85052153 566.73934663
11225 0.69961497 0.35968446 0.84850601 565.16676242
11226 0.70483384 0.34895872 0.85323030 563.82051690
11227 0.70386200 0.34480306 0.86543867 563.96746607
11228 0.71083597 0.33188293 0.87262319 569.07689802
11229 0.70571554 0.31746123 0.86007906 565.02441630
11230 0.70860666 0.33474671 0.86937093 566.11549315
11231 0.70393102 0.36451422 0.90891731 565.94269798
11232 0.70662425 0.38258724 0.89279186 566.17488680
11233 0.70364492 0.37751515 0.85434800 565.16356277
11234 0.70474307 0.37631129 0.88847056 564.56511284
11235 0.70183764 0.35768039 0.87452478 565.09431423
11236 0.70463383 0.32096945 0.87573806 566.74692814
11237 0.70877071 0.31857542 0.90881643 569.13727704
11238 0.70839008 0.29950804 0.86986909 567.77753853
11239 0.70999988 0.26313127 0.84067761 570.89822322
11240 0.70408299 0.26352812 0.83763349 573.73286092
11241 0.70015739 0.28151320 0.81207040 570.41699263
11242 0.70638052 0.27582756 0.81277528 565.80395864
11243 0.70908641 0.28388414 0.81270549 567.37408095
11244 0.70514681 0.27809905 0.81339505 565.64304908
11245 0.71018404 0.28563549 0.81536238 568.98752903
11246 0.70358083 0.28140921 0.80184974 564.72125595
11247 0.70431772 0.26161769 0.76677706 564.20146431
11248 0.70112637 0.27933518 0.76631221 563.36075601
11249 0.69849242 0.28556563 0.76075059 564.71093523
11250 0.69864559 0.28291461 0.76217914 564.98161430
11251 0.70301400 0.26710744 0.77731914 564.55860113
11252 0.70143776 0.26589112 0.77297487 565.41067984
11253 0.70223859 0.25871212 0.75460294 564.02202916
11254 0.70477109 0.25428948 0.77381373 565.42030668
11255 0.69952872 0.25294837 0.75105571 567.09804831
11256 0.69783901 0.25716989 0.75486614 569.89199868
11257 0.69817457 0.26826130 0.77442806 570.31112846
11258 0.69865857 0.24828633 0.76507231 572.45708233
11259 0.69709843 0.26525138 0.78204696 575.51157530
11260 0.69761636 0.27115418 0.78956440 574.17848384
11261 0.70703870 0.28520958 0.79016178 565.37949107
11262 0.70048065 0.30149725 0.78894394 563.56692001
11263 0.70038142 0.33023165 0.76697589 563.42159995
11264 0.69335307 0.34235911 0.72315569 567.62724303
11265 0.69950244 0.32238786 0.75925267 562.96992867
11266 0.69776831 0.30153872 0.72475515 562.89668883
11267 0.70517433 0.27987220 0.74361004 565.23419856
11268 0.70579987 0.27345299 0.76571187 564.57971204
11269 0.70041649 0.30375343 0.75019370 562.42974891
11270 0.70078518 0.30510247 0.78657895 562.96680910
11271 0.70251354 0.31154530 0.78346851 562.63234263
11272 0.69793620 0.30749570 0.74034497 562.96526087
11273 0.69698240 0.29023031 0.74118190 564.41880069
11274 0.69876994 0.27492505 0.75392615 564.94124697
11275 0.70107580 0.26522971 0.76853743 565.34677003
11276 0.70331147 0.27662831 0.78989147 564.36388696
11277 0.70550543 0.27707312 0.78875232 564.30028446
11278 0.70449518 0.27941308 0.79222641 564.03542923
11279 0.70633060 0.29342575 0.78271786 565.09330876
11280 0.69959174 0.28624032 0.77743221 565.03053642
11281 0.70490274 0.32462613 0.77702932 566.62679286
11282 0.69225090 0.32764220 0.76338045 572.52868219
11283 0.70219866 0.32175837 0.74907993 565.36939123
11284 0.70032066 0.28890170 0.75306571 562.46577417
11285 0.70183925 0.28534763 0.75997633 562.49335079
11286 0.70146069 0.27238473 0.77623769 564.79342483
11287 0.70095598 0.28535752 0.79825982 566.02491426
11288 0.70290125 0.28849614 0.82663619 567.14646423
11289 0.70089441 0.32593138 0.80740712 563.04729693
11290 0.70377357 0.34771927 0.82117653 564.14580195
11291 0.70276040 0.33433357 0.79038120 563.90720844
11292 0.69242012 0.36031625 0.79233396 572.71727794
11293 0.70399450 0.35872783 0.78890173 569.65627089
11294 0.69893819 0.35808664 0.77743286 565.22367306
11295 0.69797550 0.36921065 0.77684206 566.46808773
11296 0.69918243 0.32426000 0.81765208 565.52221500
11297 0.70269258 0.33717178 0.77616412 565.36587979
11298 0.70091567 0.34659608 0.77660941 564.87123918
11299 0.70156292 0.32495523 0.79750761 562.67340268
11300 0.70788173 0.30392197 0.79352735 567.54806815
11301 0.70574989 0.30328461 0.81333842 563.94156641
11302 0.70574936 0.28768613 0.81034115 564.48379461
11303 0.70711905 0.29567824 0.83383869 565.41498808
11304 0.70807569 0.30156616 0.83830774 565.83529520
11305 0.70657551 0.29100728 0.82796719 565.30486195
11306 0.70401210 0.27898500 0.82033656 566.91049383
11307 0.70532818 0.30098491 0.81202651 563.75385371
11308 0.70646401 0.27979169 0.83916157 567.74475745
11309 0.70573285 0.27049120 0.82781408 568.33329349
11310 0.71236703 0.24939698 0.83433573 574.37065019
11311 0.70497237 0.24157934 0.81774733 574.73560406
11312 0.70659399 0.26424598 0.78725602 565.62367869
11313 0.70241168 0.28394616 0.79179348 564.14548712
11314 0.70137996 0.29718750 0.77702018 562.65605752
11315 0.70689224 0.28971280 0.76888672 566.68045495
11316 0.70032829 0.27631210 0.76663420 564.33342438
11317 0.70220814 0.30170549 0.77629122 562.47747942
11318 0.70292571 0.32030818 0.80358172 562.76665026
11319 0.70062909 0.30926822 0.76625308 562.42084062
11320 0.70226112 0.33106774 0.75664171 566.02305662
11321 0.69852979 0.30208981 0.76317705 563.45571667
11322 0.69670211 0.29794867 0.78243241 568.86728768
11323 0.70514962 0.32170340 0.80476383 564.22921034
11324 0.70226067 0.34141212 0.81283225 563.17638574
11325 0.69975446 0.34589569 0.82830230 564.24239391
11326 0.70514741 0.34097892 0.80191244 566.61999485
11327 0.70070904 0.36888834 0.81358011 564.89664046
11328 0.70027150 0.36871055 0.82319477 564.40507125
11329 0.70198304 0.36088204 0.83474943 563.75020488
11330 0.70661873 0.34002784 0.85084525 564.78493218
11331 0.70549279 0.33269791 0.87519907 564.89085820
11332 0.70923126 0.34265369 0.88058828 566.83078858
11333 0.69843682 0.36280000 0.85223458 566.84286797
11334 0.70191396 0.35979448 0.82931590 563.79069070
11335 0.70444764 0.38975920 0.85198066 568.01871743
11336 0.70148291 0.39040053 0.83906554 566.36690511
11337 0.70230768 0.38372631 0.83445938 566.35936678
11338 0.69477059 0.38621336 0.85007624 571.99402974
11339 0.69904468 0.39222242 0.84022811 566.11718478
11340 0.70436075 0.37643641 0.85654620 565.49481916
11341 0.70446178 0.37212761 0.86842568 564.56073390
11342 0.69669357 0.36504150 0.84045884 568.41711536
11343 0.70030423 0.38940701 0.86345939 565.34731974
11344 0.69979344 0.37117735 0.86533999 565.72913561
11345 0.70680529 0.36708434 0.89141823 565.20831504
11346 0.70544043 0.37277440 0.91741886 565.35275954
11347 0.71200653 0.35507371 0.93043725 569.70974686
11348 0.70766399 0.34140929 0.92657246 568.21439077
11349 0.70609502 0.36995021 0.93036825 566.21910655
11350 0.70386444 0.35360422 0.90759391 567.01586724
11351 0.70484698 0.34469644 0.90861308 567.38170526
11352 0.70236371 0.35958838 0.88860410 565.74885265
11353 0.70378990 0.35137237 0.82649407 564.19900609
11354 0.70445296 0.33689564 0.81703261 564.03086457
11355 0.70340730 0.33494817 0.78538651 565.02750418
11356 0.70010883 0.33145631 0.80327609 563.17971027
11357 0.70498621 0.33716844 0.79811007 566.22317830
11358 0.69602912 0.33249833 0.79354337 567.23346559
11359 0.69839689 0.34727363 0.83386076 566.22987667
11360 0.69696673 0.38378489 0.84026871 567.34642575
11361 0.70243163 0.38481946 0.85945868 565.00750686
11362 0.70354776 0.40297314 0.88587914 566.27380420
11363 0.70472757 0.39715381 0.88881962 566.24664226
11364 0.70207829 0.41053833 0.88248694 566.67079991
11365 0.70317346 0.38672911 0.89247946 564.80739021
11366 0.70248349 0.37100555 0.90472384 566.30452693
11367 0.70874603 0.34512912 0.89807388 566.19327223
11368 0.70722700 0.36503808 0.89260658 565.41851689
11369 0.71286684 0.33976454 0.91375125 571.09122486
11370 0.71167341 0.33561494 0.90176088 569.41097407
11371 0.70674212 0.31475096 0.86286717 565.41960712
11372 0.70813513 0.34196811 0.86381261 566.06939032
11373 0.70788088 0.33852606 0.87075765 565.44349645
11374 0.70801958 0.33098989 0.86093430 565.56917034
11375 0.71042432 0.32093930 0.87933124 567.98091205
11376 0.70618997 0.34858614 0.85531013 564.70664650
11377 0.70030761 0.34792311 0.85678119 565.87006284
11378 0.70064028 0.34003205 0.85473622 566.00959790
11379 0.69978802 0.32575752 0.84915041 568.64315969
11380 0.69870366 0.36343407 0.87695449 569.36917270
11381 0.70857505 0.36143071 0.86461638 568.73758319
11382 0.70541610 0.34793989 0.85990129 564.01609619
11383 0.70028371 0.37647890 0.85960707 564.90478583
11384 0.70229299 0.36063897 0.88886480 565.75690760
11385 0.70512619 0.33637226 0.91436023 569.35505985
11386 0.70835701 0.35733620 0.93509037 567.16350876
11387 0.70644674 0.37359603 0.90895815 565.13849328
11388 0.70274351 0.38150347 0.90469297 565.46738503
11389 0.70379271 0.37584185 0.90526678 565.08930856
11390 0.70519974 0.36202670 0.88271475 564.27148960
11391 0.70234154 0.35408320 0.89359395 566.92302107
11392 0.70183945 0.37342266 0.86138813 564.21234145
11393 0.70422531 0.33213493 0.84346425 563.44038189
11394 0.70331333 0.30024132 0.80720396 563.40383045
11395 0.69666141 0.32804182 0.77192227 564.82797769
11396 0.70143286 0.31514938 0.77081655 562.65736733
11397 0.70147877 0.28468266 0.76355086 562.68119492
11398 0.70126507 0.28005409 0.75175099 562.52014776
11399 0.70646507 0.26582605 0.77197893 565.20438120
11400 0.70269362 0.26525545 0.79465656 567.12001762
11401 0.69934476 0.27410888 0.76564441 565.68172081
11402 0.70726446 0.30037556 0.80770463 565.40245429
11403 0.70372542 0.29110773 0.80756167 564.06720803
11404 0.70461647 0.29297667 0.80312901 563.62789898
11405 0.70374580 0.30029441 0.78610266 562.92518594
11406 0.70256001 0.29620434 0.80145805 563.60980643
11407 0.70090195 0.30663348 0.81178423 564.72758805
11408 0.70126496 0.27992764 0.78633523 565.02811120
11409 0.69882170 0.29873214 0.77985610 564.75976244
11410 0.70136708 0.31580701 0.75566625 563.31990576
11411 0.70103883 0.29686026 0.72085369 563.69489846
11412 0.69554092 0.30045131 0.70138008 564.02326784
11413 0.69545267 0.33676311 0.70887007 566.69883217
11414 0.69561613 0.33335358 0.70619943 566.45631306
11415 0.69499965 0.33928707 0.71677928 566.55517841
11416 0.69727875 0.34359000 0.73516606 565.90416917
11417 0.69628510 0.33489324 0.72687673 565.31939874
11418 0.69928507 0.33134241 0.73458242 565.28459657
11419 0.69282237 0.33560577 0.72336220 567.91438208
11420 0.69466345 0.33013466 0.73245505 565.75432263
11421 0.70139546 0.30719179 0.74763114 563.09702814
11422 0.69855048 0.29271900 0.73660736 562.64948374
11423 0.69743373 0.30452260 0.68775958 564.76251063
11424 0.70018566 0.30137750 0.71206927 564.16663468
11425 0.69866682 0.30809641 0.70889830 564.11856916
11426 0.69394252 0.29835530 0.71503880 566.32888621
11427 0.69973741 0.29754739 0.69961002 564.44310549
11428 0.69667711 0.28809425 0.72125039 563.62708739
11429 0.70005484 0.28547471 0.74110759 562.32721968
11430 0.69956180 0.29742654 0.72097092 562.82849152
11431 0.69789347 0.29419402 0.73342746 562.91706626
11432 0.70436005 0.29906903 0.75565167 564.79612570
11433 0.70289591 0.29758401 0.77294116 562.64426804
11434 0.69635211 0.32173245 0.77594888 565.84023626
11435 0.70349210 0.29707227 0.78247358 562.83112690
11436 0.70100174 0.33748991 0.79638075 563.05669063
11437 0.69992884 0.32351014 0.79902930 563.31265148
11438 0.69926795 0.32109263 0.78826023 563.34968990
11439 0.69706159 0.32240279 0.77867258 564.99711424
11440 0.70234216 0.34120152 0.76608962 566.69027239
11441 0.69717634 0.34299695 0.75952830 564.59244428
11442 0.70045736 0.32008121 0.75451746 563.23605122
11443 0.69693701 0.32680929 0.73751423 564.10725402
11444 0.70156441 0.31002817 0.76159623 562.73889099
11445 0.70366730 0.27651928 0.73506013 563.71512101
11446 0.69690823 0.29517046 0.76122171 565.97252033
11447 0.69773842 0.28775179 0.75380318 564.77087063
11448 0.70115641 0.28090053 0.76808105 563.32825661
11449 0.69635950 0.30767657 0.77471258 567.03827160
11450 0.69490760 0.31340692 0.75124157 566.63586326
11451 0.69580781 0.29670158 0.76721866 568.66046511
11452 0.70740422 0.29664829 0.79833823 565.86533544
11453 0.70944037 0.29523985 0.79856746 569.32093363
11454 0.70310771 0.29214971 0.80659077 564.13235309
11455 0.70133885 0.30056956 0.77768035 562.56532014
11456 0.69985910 0.30572281 0.78982139 563.83500440
11457 0.70328401 0.27728101 0.78536326 563.95374219
11458 0.70622316 0.30243225 0.79479891 564.78893039
11459 0.70074744 0.32169804 0.75240809 563.67210301
11460 0.70560919 0.31102443 0.77555679 566.11934175
11461 0.70302921 0.29801942 0.79261698 562.91337480
11462 0.70456791 0.32992409 0.80424577 564.30490332
11463 0.70176217 0.31859788 0.80696720 562.89941675
11464 0.69825901 0.32504913 0.81422554 566.44906159
11465 0.69514863 0.35687842 0.81766331 569.58301341
11466 0.69805435 0.37127334 0.83302672 565.71214139
11467 0.69794929 0.37113201 0.82550807 565.54833765
11468 0.70536258 0.35438314 0.85018303 564.58136713
11469 0.70011275 0.34138450 0.83847138 564.87166370
11470 0.70398651 0.36510216 0.84799007 564.49509463
11471 0.70223697 0.37623870 0.87076235 564.33346958
11472 0.70852470 0.35392165 0.89625438 566.08304387
11473 0.70888997 0.35934179 0.88732757 567.12844063
11474 0.70355499 0.36619252 0.89746307 565.10481808
11475 0.69972358 0.37997040 0.86660367 565.66552033
11476 0.69841752 0.37750771 0.86561009 567.25410450
11477 0.69959625 0.39480266 0.88203581 566.53967819
11478 0.70217357 0.40343455 0.88815431 565.79347832
11479 0.70432914 0.39085949 0.87471113 566.02077064
11480 0.69999652 0.39626022 0.85162365 566.03542550
11481 0.70090528 0.38909949 0.87526571 565.24063019
11482 0.69897201 0.37131103 0.85155406 565.70060202
11483 0.69984699 0.36601768 0.85217470 564.97173861
11484 0.70746921 0.35245347 0.87696737 565.41420199
11485 0.70241274 0.40616477 0.88075484 566.35215150
11486 0.70108051 0.39227867 0.84053722 566.30734724
11487 0.70073387 0.38958192 0.85382388 565.33367387
11488 0.69401526 0.35967627 0.82993771 573.73428951
11489 0.70729591 0.36877283 0.82493456 573.17343116
11490 0.70397278 0.39620429 0.83990643 570.16062147
11491 0.69456220 0.40741428 0.85209045 571.90729947
11492 0.69409705 0.39053360 0.83624487 571.82358020
11493 0.70257880 0.38952777 0.84234922 566.80331926
11494 0.69769838 0.41289011 0.83393584 568.98542006
11495 0.69499938 0.42240062 0.82065823 571.95926362
11496 0.69813497 0.39538971 0.81044206 567.89363725
11497 0.70023380 0.41757998 0.85265619 568.89706975
11498 0.70474315 0.39985727 0.87793365 567.45703721
11499 0.70137039 0.38846092 0.86723183 565.00520340
11500 0.70200690 0.42114771 0.87973864 568.30275442
11501 0.70153780 0.41395143 0.87934811 567.07710465
11502 0.69737469 0.39227500 0.87182489 568.79498534
11503 0.70551099 0.39737194 0.88421627 567.41648382
11504 0.70511987 0.38474919 0.86280656 566.95076218
11505 0.69988567 0.38892790 0.86032924 565.48853412
11506 0.70147538 0.38610497 0.88607939 565.21670786
11507 0.70107639 0.39439111 0.90713476 566.65420363
11508 0.70665841 0.39962287 0.89886750 567.93786121
11509 0.70194034 0.39550221 0.86615668 565.65185085
11510 0.70258181 0.38477539 0.88816553 564.78658476
11511 0.69839167 0.39672836 0.87536946 567.49935186
11512 0.70042790 0.40503006 0.85806864 566.75708969
11513 0.70003060 0.40585653 0.85503665 566.95324814
11514 0.70555563 0.38619881 0.84441599 570.11368491
11515 0.69391788 0.41501006 0.84650014 572.83543142
11516 0.70317758 0.38789190 0.83259636 568.22074029
11517 0.70748195 0.36082114 0.88892801 565.51898390
11518 0.70426753 0.33410196 0.87611655 565.36912909
11519 0.70329385 0.34945348 0.88413436 565.35838498
11520 0.70300066 0.37941369 0.90133787 565.15896138
11521 0.70718438 0.35320627 0.91088171 565.74078671
11522 0.70344931 0.34114211 0.86356876 564.19365328
11523 0.70834790 0.32085959 0.85973324 565.82086629
11524 0.71135017 0.34745972 0.86486343 572.71039466
11525 0.71016343 0.35848504 0.87978650 569.84666835
11526 0.70805881 0.34024519 0.89367525 565.77944431
11527 0.70615751 0.36646551 0.87711750 565.05790055
11528 0.70181755 0.35016768 0.84620087 563.65397079
11529 0.70331343 0.33235746 0.87069087 565.73628045
11530 0.71055602 0.32100875 0.90989978 569.18358610
11531 0.70495114 0.33722160 0.92060259 570.52026577
11532 0.70910759 0.38192526 0.91422088 567.92239741
11533 0.70864526 0.35899957 0.90973331 566.21830690
11534 0.70689484 0.36824068 0.88910618 565.40739222
11535 0.70218008 0.37867519 0.88099210 564.63487199
11536 0.70674634 0.36872039 0.89590649 565.16597891
11537 0.70234433 0.35739921 0.88541315 565.63705943
11538 0.69928271 0.37380345 0.83985693 564.95585158
11539 0.70382015 0.35041048 0.82364570 564.29500434
11540 0.70249762 0.31294104 0.81330809 563.18679234
11541 0.70607631 0.27817650 0.80731255 565.17173863
11542 0.70376716 0.29079901 0.83936897 567.66854272
11543 0.70539273 0.29464136 0.83970603 565.90113516
11544 0.70627951 0.29881592 0.86253448 567.48410053
11545 0.70891157 0.30361272 0.85150566 566.66891295
11546 0.70039352 0.30862689 0.81678698 565.65511689
11547 0.70504060 0.31523793 0.80564412 563.72428513
11548 0.70436173 0.28906361 0.78940291 563.35463564
11549 0.70519875 0.28458246 0.81162413 564.74099749
11550 0.70658848 0.27068060 0.78151981 565.16603750
11551 0.70043402 0.28770679 0.77460493 563.70515809
11552 0.69960526 0.32978805 0.76022516 563.45856137
11553 0.69813375 0.32934762 0.75893083 563.49821582
11554 0.69596332 0.32384409 0.75753761 565.02983909
11555 0.70017078 0.27245430 0.74719967 563.24111356
11556 0.70710759 0.21341905 0.73606458 568.83649308
11557 0.70515506 0.20582326 0.76920816 575.32807675
11558 0.70652059 0.22260839 0.77793610 571.23775409
11559 0.70771749 0.25800176 0.76082383 566.97663381
11560 0.70336079 0.26121614 0.73707286 563.20892419
11561 0.70191741 0.26560565 0.73569497 562.65619048
11562 0.70458883 0.25706080 0.77469669 565.15910729
11563 0.70134426 0.27249181 0.75829219 563.30538958
11564 0.69735980 0.31946669 0.76339604 563.89196290
11565 0.69708335 0.33727861 0.74414001 564.65371210
11566 0.69652934 0.33506757 0.72194250 565.63137370
11567 0.70533098 0.30765905 0.73723028 570.24389212
11568 0.70181165 0.30427371 0.70373858 567.73867073
11569 0.70297643 0.29530859 0.74286128 563.78568501
11570 0.69839570 0.29414379 0.76064239 563.96603797
11571 0.70393963 0.24459130 0.75486911 565.26591954
11572 0.70428846 0.24684999 0.72947580 564.13005379
11573 0.70728399 0.23009914 0.72739974 567.64364907
11574 0.70257209 0.23831325 0.72348869 564.03628948
11575 0.70181112 0.24810331 0.71620005 563.00412623
11576 0.70261268 0.22157485 0.71716903 565.62304775
11577 0.70119832 0.22792183 0.71515901 565.17930201
11578 0.70522349 0.24271820 0.73431219 564.96423117
11579 0.69978044 0.26226967 0.73361725 563.49017796
11580 0.69669162 0.26210964 0.74001233 568.62527180
11581 0.70161483 0.24533515 0.74257123 565.04111890
11582 0.70539859 0.23823351 0.75257952 565.96968654
11583 0.70328364 0.24569371 0.76062293 565.85738284
11584 0.70150044 0.24265841 0.74754267 566.14059398
11585 0.70244402 0.26263109 0.75510784 563.58631368
11586 0.70399919 0.26153794 0.75662580 563.74351445
11587 0.70663191 0.25445923 0.74401132 566.09100762
11588 0.69643342 0.27985158 0.70970191 563.66930533
11589 0.69760592 0.26699533 0.72662826 564.59379173
11590 0.69738975 0.26620275 0.73686815 566.16204799
11591 0.69635754 0.29781100 0.74016878 564.60667510
11592 0.69718266 0.29283256 0.72722295 563.26450488
11593 0.69770627 0.27271433 0.74313979 565.49456792
11594 0.70014277 0.27144662 0.68399595 563.37996465
11595 0.70150048 0.27256316 0.69222501 564.12223229
11596 0.69617608 0.28529046 0.67934494 563.45618068
11597 0.69867589 0.27381809 0.70523328 562.34096771
11598 0.70125344 0.26492970 0.71254729 562.47923962
11599 0.70375023 0.25667932 0.72898478 563.56007737
11600 0.70410266 0.29332057 0.74484461 564.80989252
11601 0.70134460 0.31161448 0.70740018 567.79217346
11602 0.69400027 0.32717637 0.68646807 567.17425987
11603 0.69576540 0.32712817 0.71797542 565.09749155
11604 0.69539155 0.32170431 0.70370842 565.32202162
11605 0.70241944 0.28738568 0.72427383 563.88322100
11606 0.70100680 0.26234247 0.74899627 563.82906347
11607 0.70066960 0.24394912 0.72016657 563.82969530
11608 0.69863648 0.26906624 0.72637832 563.28220152
11609 0.70105215 0.27591776 0.73116238 562.29788326
11610 0.70224614 0.28921425 0.75067820 562.55823415
11611 0.70120849 0.27655374 0.71751300 562.59933338
11612 0.70121736 0.26907712 0.72862654 562.39373332
11613 0.70438523 0.29705566 0.77104201 563.66804085
11614 0.69556832 0.31911428 0.76078474 565.97462939
11615 0.69379741 0.31871857 0.74514751 567.75332784
11616 0.69523099 0.28671326 0.75916159 570.42694039
11617 0.70351961 0.31459634 0.73626556 567.90824319
11618 0.69578393 0.27073366 0.72315208 566.55358918
11619 0.70476925 0.28067436 0.74064814 564.95140307
11620 0.70424217 0.27336121 0.75375283 563.48091764
11621 0.70044582 0.29644592 0.76454774 562.54263286
11622 0.69972493 0.28480442 0.78981175 566.66322838
11623 0.70669693 0.27180055 0.76912696 565.45972109
11624 0.70238748 0.31094207 0.73970290 565.09372655
11625 0.70052502 0.26709147 0.75966088 564.62675887
11626 0.70424236 0.26829494 0.76019765 563.57023240
11627 0.70693604 0.26259447 0.77707870 565.74730113
11628 0.70315388 0.27162865 0.77107693 563.59142806
11629 0.70115540 0.27716829 0.78834568 565.81456080
11630 0.70834628 0.29334922 0.80838302 566.59673451
11631 0.70570838 0.31268566 0.81231004 564.00745382
11632 0.70330825 0.31741855 0.81995518 563.10549907
11633 0.70726791 0.32499673 0.83126843 565.50801901
11634 0.70510032 0.34845783 0.82239399 565.54137631
11635 0.70217185 0.32340910 0.82565155 563.43523665
11636 0.70276984 0.33630482 0.82825830 563.04532694
11637 0.70361585 0.34198976 0.84901890 563.43318264
11638 0.70528255 0.31440134 0.86452889 565.90973720
11639 0.70702291 0.33126463 0.88562823 565.60131190
11640 0.70942857 0.34177750 0.92024729 567.53854185
11641 0.70441536 0.35055583 0.90531363 566.58096559
11642 0.70894690 0.36363322 0.93059910 566.75461445
11643 0.70650004 0.36636411 0.91370841 565.30326604
11644 0.70617209 0.39161962 0.89446566 566.59786409
11645 0.70176173 0.39305038 0.88745582 565.25468376
11646 0.70125728 0.40281104 0.90828049 566.43694280
11647 0.70831418 0.38702330 0.90826310 567.76489583
11648 0.69991963 0.40230792 0.91684826 568.64076810
11649 0.69607428 0.38744911 0.88996448 574.41882429
11650 0.70114656 0.36763917 0.91327645 569.79264257
11651 0.70722420 0.37424540 0.92628223 565.76347078
11652 0.70634338 0.35781047 0.90390043 565.11170878
11653 0.70529808 0.36783264 0.87614095 564.55575859
11654 0.70477562 0.37785920 0.85962042 565.85894424
11655 0.70219356 0.36977408 0.89929887 566.15793508
11656 0.69787857 0.37560256 0.88734005 571.12355884
11657 0.71001349 0.37925321 0.91056054 569.34806394
11658 0.70592738 0.37163966 0.91832927 565.36784179
11659 0.70724947 0.36258224 0.91189505 565.47158419
11660 0.70875399 0.33508502 0.89658571 566.44735611
11661 0.70994261 0.33159901 0.90597674 567.72574742
11662 0.70579830 0.32752933 0.88040251 565.71240240
11663 0.70528911 0.32813131 0.88069918 565.90199259
11664 0.70561504 0.31706409 0.88822902 568.30108327
11665 0.70815676 0.30940817 0.88935544 568.38225623
11666 0.70621651 0.34173633 0.88286217 564.75573452
11667 0.70136533 0.34166791 0.87804753 567.86336406
11668 0.70780762 0.35015895 0.87964861 565.57017393
11669 0.70860124 0.35478127 0.88788428 566.40538295
11670 0.70268819 0.35564511 0.92079576 570.41181913
11671 0.70275902 0.35184965 0.92539454 571.95856327
11672 0.70306712 0.36677562 0.92428782 568.53292007
11673 0.71058659 0.35083625 0.91578583 567.99576408
11674 0.70918665 0.34890247 0.89809269 566.59511908
11675 0.70291536 0.37869564 0.89502695 564.88114556
11676 0.70706900 0.38349811 0.89029707 566.96501999
11677 0.70242656 0.36816306 0.88582935 564.91918667
11678 0.69854418 0.38844598 0.87048438 567.08936367
11679 0.69825028 0.37370240 0.86030416 567.22150199
11680 0.69599613 0.38719184 0.82261417 567.92841445
11681 0.69929294 0.40113404 0.84906717 566.68295417
11682 0.70712174 0.40177959 0.85163975 576.34682062
11683 0.70367991 0.44408725 0.88478580 574.58807054
11684 0.70502258 0.42587241 0.88896281 571.64384291
11685 0.69653391 0.43225904 0.88687530 571.22016090
11686 0.70240530 0.43092542 0.86446156 572.35693198
11687 0.69669750 0.39599939 0.84802531 568.20814216
11688 0.70137849 0.39784124 0.85906475 566.06100257
11689 0.70676549 0.36468286 0.84764496 567.83788107
11690 0.70485903 0.33804037 0.86385987 564.00531947
11691 0.70983759 0.34378070 0.90413510 567.19311533
11692 0.70116039 0.35578046 0.88437296 567.12703233
11693 0.70470340 0.36256229 0.87752243 564.11136905
11694 0.70414114 0.34505075 0.88076058 564.86070046
11695 0.70183134 0.35461043 0.86417369 564.48029514
11696 0.70715002 0.33461182 0.87369170 564.94753964
11697 0.70309099 0.35703084 0.86928668 564.00453711
11698 0.70192934 0.36801189 0.86329246 564.11394566
11699 0.70312294 0.37161734 0.86436008 564.11820818
11700 0.70011908 0.37622555 0.85453752 564.84736549
11701 0.70412823 0.34837868 0.83891888 563.70322257
11702 0.70134710 0.37349988 0.82873861 564.83517096
11703 0.70150201 0.37804260 0.82784972 565.49480155
11704 0.69583702 0.37674543 0.81790467 567.71005681
11705 0.69506429 0.37925753 0.81934696 568.94437370
11706 0.69458840 0.38190411 0.83182173 570.70801002
11707 0.69885504 0.39684181 0.80831895 568.53274741
11708 0.69652074 0.37497163 0.78876790 566.72970812
11709 0.70071323 0.34986071 0.77755876 565.07647296
11710 0.69639204 0.35678847 0.78239855 565.63746783
11711 0.69464770 0.34865780 0.77425652 567.26588987
11712 0.69765180 0.34228946 0.76626547 564.24584360
11713 0.69674816 0.34471105 0.76275900 564.82751397
11714 0.69799671 0.35717591 0.77013521 565.38038514
11715 0.70163786 0.33879369 0.76978384 565.05728208
11716 0.69978041 0.33902050 0.78462764 563.31696327
11717 0.70047700 0.35522476 0.77867572 565.55855171
11718 0.69939002 0.35751123 0.79405221 564.38196644
11719 0.70325643 0.33243215 0.78087888 564.93956529
11720 0.70312715 0.30106576 0.80175426 563.11632300
11721 0.70271882 0.29437414 0.79399686 563.22268886
11722 0.70005708 0.29900252 0.76909605 562.80431854
11723 0.70179467 0.27711450 0.75338435 562.62828814
11724 0.70126691 0.28895969 0.76584183 562.62032534
11725 0.70063267 0.30392987 0.75187070 562.43953545
11726 0.70015095 0.27525780 0.72470986 562.24814306
11727 0.69975704 0.28959760 0.75459814 562.74995473
11728 0.69939903 0.29576235 0.72942052 562.44684898
11729 0.70174531 0.30771721 0.73264808 564.60459621
11730 0.69757058 0.29988715 0.75962661 564.39087638
11731 0.69724680 0.28679343 0.75545939 565.78554965
11732 0.69761375 0.28414982 0.75720164 565.75074520
11733 0.69837403 0.27768124 0.74928369 564.61393779
11734 0.69559417 0.25840667 0.72926809 569.96232509
11735 0.70492710 0.27454481 0.73403079 565.22064521
11736 0.70246982 0.25694079 0.75759152 564.37016259
11737 0.69989465 0.24022491 0.71106730 564.04058120
11738 0.69987125 0.24676462 0.67223328 562.59856300
11739 0.69736911 0.24582829 0.66432750 562.73745882
11740 0.69707686 0.24083353 0.63627129 562.87703731
11741 0.69717092 0.23523185 0.65228078 562.93909046
11742 0.70054560 0.25690689 0.66146700 564.27064004
11743 0.69852221 0.24392638 0.65020958 562.75483773
11744 0.70021200 0.22447942 0.63470956 563.67934549
11745 0.69859611 0.22062554 0.59879941 564.57054302
11746 0.68965382 0.23993670 0.57652330 568.37879261
11747 0.69498385 0.24851220 0.58512746 566.02162813
11748 0.69678035 0.22029870 0.60525295 563.26506933
11749 0.69494611 0.23468244 0.60078063 563.85985862
11750 0.70125277 0.21783650 0.64697860 563.77144563
11751 0.70162849 0.21984205 0.63668854 564.72878421
11752 0.70346168 0.18821357 0.63718154 566.32862745
11753 0.69554771 0.22790907 0.65623116 565.28511791
11754 0.70185361 0.24716706 0.65697382 565.38573152
11755 0.69647098 0.25726841 0.64828952 563.06219879
11756 0.69428440 0.26814765 0.61611791 565.37825370
11757 0.69471249 0.25170207 0.60809830 564.48597267
11758 0.69399972 0.23672208 0.60630325 564.15417884
11759 0.69492125 0.22672681 0.59807073 563.72702908
11760 0.69876565 0.25251899 0.61510549 566.73597564
11761 0.69634235 0.25881121 0.60021200 566.78967433
11762 0.69828055 0.27192030 0.59885653 572.54412216
11763 0.69178354 0.29210691 0.63065948 567.51431576
11764 0.69219568 0.27093714 0.60737220 566.57390583
11765 0.69313611 0.27908290 0.60258703 567.65385430
11766 0.69791151 0.25505509 0.60347291 567.58995634
11767 0.69444763 0.29630544 0.62979088 567.84639157
11768 0.69207087 0.29550593 0.61368297 568.87550935
11769 0.69336136 0.27603711 0.62305686 565.78092116
11770 0.69131994 0.26271276 0.61921830 566.85865080
11771 0.69314479 0.26699113 0.64360110 565.16202737
11772 0.69136926 0.26884351 0.67267867 569.98346979
11773 0.69655452 0.27241194 0.64784147 564.01791307
11774 0.69707036 0.24109974 0.69821891 565.72781339
11775 0.69266639 0.24821754 0.69291138 573.08041145
11776 0.69489588 0.27981143 0.70669204 565.42089506
11777 0.69720755 0.25894137 0.67966215 562.76386641
11778 0.70218478 0.26465622 0.70583936 563.27364636
11779 0.70034735 0.27094494 0.71375002 562.27061459
11780 0.70321346 0.26356873 0.74156986 563.10548538
11781 0.70276904 0.25921660 0.73453271 563.02850842
11782 0.69936556 0.26662267 0.76835840 567.33825732
11783 0.69688762 0.25822355 0.73168418 567.66129252
11784 0.70120596 0.27247056 0.75388289 563.09439491
11785 0.70461017 0.26032670 0.74939248 563.94532916
11786 0.70356991 0.27047099 0.74165594 563.21444400
11787 0.69701728 0.28935700 0.72051208 563.25141213
11788 0.70254197 0.28291999 0.73412883 563.06825167
11789 0.70249774 0.26026976 0.71136187 563.12334214
11790 0.70086834 0.24659263 0.67493586 563.00128099
11791 0.70082801 0.25617593 0.69911334 562.48752556
11792 0.70038094 0.26795330 0.71845447 562.29360075
11793 0.70175686 0.26723497 0.73527354 562.57752428
11794 0.69724595 0.31649200 0.72534512 563.70202375
11795 0.69609938 0.31440211 0.74807391 564.64008562
11796 0.69724619 0.27325102 0.74326077 566.15735604
11797 0.70377992 0.28132384 0.75601780 563.17490007
11798 0.70333328 0.28832589 0.80076107 563.96679871
11799 0.70080759 0.32846712 0.80518201 562.95776483
11800 0.70196681 0.30482369 0.77253273 562.45889203
11801 0.69701238 0.32731536 0.76629247 564.22154725
11802 0.70302333 0.34011928 0.81872677 563.24295787
11803 0.69674266 0.35414920 0.80683639 566.05380775
11804 0.70404451 0.34005173 0.83516156 563.37430492
11805 0.70478329 0.33889084 0.80567244 565.41420336
11806 0.69804657 0.36050290 0.80238470 564.76835265
11807 0.69954093 0.35624314 0.78338085 564.81751562
11808 0.70158792 0.31591717 0.82632851 564.49480464
11809 0.69907455 0.35561807 0.80712029 564.07060694
11810 0.70323111 0.37548187 0.81119391 568.59253296
11811 0.70533557 0.37463557 0.83667600 568.45054622
11812 0.70336807 0.39425094 0.82504282 570.92742339
11813 0.70132114 0.39647156 0.82155698 569.00665028
11814 0.70115316 0.36580705 0.81802738 564.49922747
11815 0.70595306 0.35447761 0.83902028 565.99383204
11816 0.69832422 0.35180373 0.83793657 566.39446024
11817 0.70378214 0.36446733 0.85742989 564.01577320
11818 0.70360553 0.37374708 0.84718059 565.14430469
11819 0.70088392 0.37453498 0.88212067 565.69562801
11820 0.70152429 0.38528800 0.89872199 565.89703632
11821 0.70163141 0.40482889 0.90895902 566.22687867
11822 0.70796176 0.36902468 0.88567387 566.84103938
11823 0.70380331 0.37026265 0.88039025 564.19065266
11824 0.70570703 0.35968790 0.90390345 565.05959124
11825 0.70731685 0.36925629 0.87896411 566.45465557
11826 0.70661172 0.34508403 0.89269963 565.11939049
11827 0.70823767 0.34110536 0.88567307 565.71557189
11828 0.70337163 0.35626978 0.87367228 564.13452272
11829 0.70189230 0.34573769 0.84687238 563.76013402
11830 0.69945051 0.38499938 0.81454901 566.41779899
11831 0.69920228 0.39712185 0.83744157 566.67273785
11832 0.70233825 0.38941305 0.82809224 567.99882414
11833 0.69996620 0.37330370 0.82115706 564.84481752
11834 0.69758046 0.36441474 0.81520258 565.45491097
11835 0.70310352 0.36888814 0.87074468 564.04014184
11836 0.70038962 0.36333317 0.85241711 564.57802098
11837 0.70378647 0.36364488 0.85928690 563.94198829
11838 0.70214490 0.34783980 0.84878472 563.66902959
11839 0.70559434 0.31685430 0.85960167 565.06664254
11840 0.70441324 0.31956872 0.85027519 564.42639654
11841 0.70468746 0.35598190 0.86440610 563.90581564
11842 0.70285778 0.32813030 0.84067417 563.75569460
11843 0.70034307 0.35995283 0.87481293 566.67912907
11844 0.70424984 0.36189188 0.87678415 564.03678978
11845 0.70726109 0.36288499 0.89324410 565.33835552
11846 0.70518095 0.39861984 0.89339645 566.53851843
11847 0.70844956 0.36315640 0.90703987 566.15578456
11848 0.70590631 0.38133817 0.90345153 565.15941538
11849 0.70785275 0.36236726 0.88589991 566.10256679
11850 0.70311725 0.36858267 0.87672119 564.16248396
11851 0.70370185 0.35412036 0.85355285 563.59542831
11852 0.70221687 0.35270916 0.86611413 564.43432670
11853 0.70941302 0.33443273 0.87436517 566.94472714
11854 0.70578757 0.34172915 0.87924579 564.55677021
11855 0.70090669 0.35686789 0.84669310 564.04950716
11856 0.70078215 0.32956550 0.82917768 564.27473940
11857 0.70290583 0.31922532 0.79217417 562.87501091
11858 0.70080511 0.32954158 0.81163683 563.16809155
11859 0.70280886 0.33434295 0.80409849 563.24917558
11860 0.70098062 0.32785448 0.78405603 562.82896526
11861 0.70416404 0.32763051 0.78675269 564.93354674
11862 0.70175899 0.32505205 0.76372012 563.97639452
11863 0.69695265 0.32174416 0.75401866 563.92237433
11864 0.69307264 0.29819199 0.71332806 567.74492914
11865 0.70207223 0.29648343 0.70104894 567.17123260
11866 0.69216863 0.28378716 0.68707037 568.28070278
11867 0.69470053 0.26739081 0.71264262 567.78011693
11868 0.70312090 0.25467757 0.67032357 566.78008333
11869 0.70476022 0.24402991 0.70121008 565.50183920
11870 0.70381460 0.23403892 0.70474853 564.27217798
11871 0.70538819 0.24070770 0.71180380 565.64749133
11872 0.70449586 0.22746926 0.68284554 565.67083884
11873 0.69792656 0.21485774 0.66146232 564.63998563
11874 0.70156469 0.21016645 0.67026523 564.18145436
11875 0.70331920 0.21336676 0.69517560 565.16369791
11876 0.70281585 0.20767425 0.68142560 565.02818872
11877 0.70190195 0.20419008 0.67876619 565.21132210
11878 0.69588441 0.23305327 0.64932184 563.87926317
11879 0.69926384 0.25689901 0.64083835 564.87549665
11880 0.69701151 0.24678208 0.60511469 565.19598788
11881 0.69705211 0.27545023 0.62919950 566.47514201
11882 0.69708525 0.24609249 0.64148706 562.87065969
11883 0.69765324 0.24802456 0.64540590 562.85856834
11884 0.69798421 0.24494821 0.66087291 562.54483898
11885 0.69549039 0.26056730 0.68046210 564.17152558
11886 0.70345438 0.27804279 0.68709730 568.64606555
11887 0.69875543 0.28062565 0.68778208 563.02644511
11888 0.69887717 0.27620829 0.68929948 562.72038931
11889 0.69588658 0.28854586 0.69843866 563.58729540
11890 0.69328815 0.30458660 0.68849727 566.02161518
11891 0.70187850 0.28296737 0.68683385 566.56851195
11892 0.69643309 0.29347938 0.71180626 563.40899835
11893 0.69753799 0.28241125 0.66826970 563.89610950
11894 0.69623309 0.30005837 0.68471601 564.21831072
11895 0.69885431 0.29619057 0.68201063 565.22358970
11896 0.69790494 0.30625020 0.67587827 566.58330059
11897 0.69538739 0.29865443 0.66462390 565.26209536
11898 0.69407887 0.29303418 0.66320114 565.11396628
11899 0.69456250 0.26434260 0.66216033 564.18922972
11900 0.69532346 0.29074784 0.64235595 566.10350054
11901 0.69454514 0.30023756 0.66794065 565.29116586
11902 0.69432800 0.30508583 0.67002624 565.68154777
11903 0.69771675 0.27930663 0.69066647 562.69130387
11904 0.69800527 0.28564910 0.70741839 562.58218583
11905 0.69670331 0.28645927 0.70031565 563.08101991
11906 0.70200025 0.25215314 0.69679886 563.08526477
11907 0.69793656 0.23257630 0.68431915 564.39174893
11908 0.70256814 0.21360490 0.66856203 564.31042999
11909 0.69998787 0.21129128 0.65774771 563.66814621
11910 0.69754810 0.21598962 0.67564679 566.40189917
11911 0.70130601 0.21038874 0.67568048 564.39530856
11912 0.69654392 0.21319934 0.67602004 568.61254529
11913 0.70236180 0.15688067 0.64668619 570.22749155
11914 0.70756678 0.18546804 0.63445551 573.83602955
11915 0.69270000 0.19983223 0.63233515 572.66302379
11916 0.69604521 0.22581336 0.63387846 563.50633838
11917 0.69423606 0.23003094 0.61274097 564.10992119
11918 0.69985496 0.24829029 0.65752194 563.26996781
11919 0.70372245 0.23819657 0.67312643 565.80132444
11920 0.70021256 0.25401755 0.67241475 562.99307999
11921 0.69511262 0.25924547 0.65003184 563.58674244
11922 0.69958253 0.23619432 0.63715827 563.62478834
11923 0.69903131 0.20817173 0.65889032 564.41538940
11924 0.70085652 0.23431137 0.66767470 563.01567706
11925 0.69873561 0.23682077 0.65346521 562.61763058
11926 0.69818225 0.23292308 0.65333669 562.69599291
11927 0.69491401 0.23262765 0.65732132 565.73671989
11928 0.69813205 0.23304028 0.65684419 562.75639632
11929 0.69407803 0.25145545 0.63717820 564.27641718
11930 0.69187565 0.26468503 0.61973563 566.23859822
11931 0.69740913 0.27045202 0.61392904 568.11167751
11932 0.69112881 0.28012637 0.60724372 567.93615917
11933 0.69220438 0.27057836 0.60278440 566.76897253
11934 0.68953983 0.27349155 0.59642945 569.28414051
11935 0.69485379 0.26846828 0.62017484 565.18612127
11936 0.69820905 0.24475689 0.62207118 564.35897970
11937 0.69842082 0.22638489 0.62147957 563.28880749
11938 0.69621058 0.22621968 0.59373460 563.85960657
11939 0.69493585 0.20565532 0.57412099 563.93051293
11940 0.69651511 0.22647572 0.57813403 565.20778089
11941 0.69564056 0.18777666 0.59386452 564.86256357
11942 0.69748724 0.17885015 0.60765386 565.34576566
11943 0.69871083 0.21397257 0.63671560 563.10497672
11944 0.70031579 0.25574943 0.68119681 562.72942990
11945 0.69915847 0.25241954 0.68453151 562.37523791
11946 0.70107152 0.24683238 0.66250409 563.89847897
11947 0.69583052 0.25224849 0.65078672 563.18917437
11948 0.69905816 0.24196764 0.63755725 563.57481894
11949 0.69702674 0.24852259 0.62062030 564.02580029
11950 0.69501111 0.23869787 0.59728036 564.20096273
11951 0.69480445 0.22061796 0.60093283 563.76829106
11952 0.69944998 0.24742375 0.62204303 566.03625314
11953 0.70193321 0.23798717 0.62950129 567.75088674
11954 0.69745414 0.24615762 0.66534173 562.71056069
11955 0.69575527 0.23825800 0.66936769 564.98555212
11956 0.69708235 0.27106211 0.69512709 562.89868652
11957 0.69663383 0.26306030 0.66192878 562.92052726
11958 0.69573708 0.26959170 0.66864239 563.33607500
11959 0.69580790 0.23249116 0.65894131 564.66230525
11960 0.69184851 0.25885314 0.62687118 566.39033353
11961 0.69521875 0.27424885 0.64834250 564.05984779
11962 0.69503573 0.26631495 0.65621038 563.69745121
11963 0.70049635 0.25412374 0.67072547 563.29895300
11964 0.69952702 0.24226881 0.68674968 562.69188563
11965 0.69988486 0.22026960 0.65474115 563.06233470
11966 0.70548174 0.20629792 0.65338530 568.54882417
11967 0.70121739 0.19287510 0.65916458 565.46456240
11968 0.70543419 0.21061518 0.67314272 567.22617963
11969 0.70090600 0.22119283 0.65181603 563.41170942
11970 0.69537458 0.23283554 0.63746804 563.79477130
11971 0.70162790 0.21608650 0.64146536 564.29387386
11972 0.69637334 0.22463308 0.65092565 564.22110334
11973 0.69476860 0.23991550 0.66387650 565.72662935
11974 0.70183946 0.20541315 0.63114628 564.79290429
11975 0.69775649 0.17692928 0.59706451 564.76043155
11976 0.69854709 0.17734473 0.59687541 564.50775739
11977 0.69785125 0.18283456 0.58488254 564.01467019
11978 0.69599992 0.19059833 0.56812070 563.91708093
11979 0.70221944 0.13803020 0.58658686 568.80805724
11980 0.70063532 0.11878308 0.57344515 570.78889499
11981 0.70031049 0.13633891 0.52704416 568.01046088
11982 0.69522092 0.17057909 0.51200013 565.54291570
11983 0.69694209 0.16304539 0.51506577 566.08419933
11984 0.69376805 0.16816123 0.49708623 565.86038580
11985 0.69413586 0.14971349 0.49891689 565.68138984
11986 0.69999610 0.13617081 0.51509396 568.39325973
11987 0.69281544 0.15415599 0.49993250 566.04124921
11988 0.68973141 0.17155160 0.49040892 567.95682952
11989 0.69546074 0.11901097 0.48113037 566.90985261
11990 0.69178121 0.12036602 0.47390607 568.76962867
11991 0.69047046 0.11286404 0.44703847 569.56673775
11992 0.69250477 0.10927384 0.44056681 567.90823859
11993 0.69543900 0.08187050 0.41239391 569.77490242
11994 0.69343679 0.11336412 0.43260623 567.80762162
11995 0.69136241 0.11630316 0.43974746 568.12981564
11996 0.69503257 0.09931283 0.42376064 568.87393668
11997 0.69086834 0.08142549 0.40546685 570.38838258
11998 0.69632083 0.06286297 0.40507774 571.21533900
11999 0.69630622 0.07722319 0.41548873 570.34613268
12000 0.69584436 0.05576700 0.42127504 571.68839612
12001 0.69147029 0.07446078 0.43097291 572.61860538
12002 0.69207123 0.09297927 0.46084043 571.47029448
12003 0.69773249 0.09949367 0.45617959 569.27091637
12004 0.70040001 0.09661992 0.45894083 572.71311395
12005 0.69519552 0.10701466 0.44299321 568.00609558
12006 0.69485159 0.10456591 0.46327465 567.79996589
12007 0.69594356 0.10178094 0.48265199 568.39611675
12008 0.69503671 0.14244621 0.49801677 565.80523313
12009 0.69885588 0.12374058 0.49493183 568.19381698
12010 0.69759215 0.12768329 0.51206230 566.70776296
12011 0.69500129 0.10194165 0.48543179 568.99428154
12012 0.69943579 0.10675059 0.50541314 568.98362230
12013 0.69720874 0.08534391 0.48216069 570.28413015
12014 0.70067641 0.10479179 0.49870780 570.35805206
12015 0.70306759 0.10576541 0.49431078 574.74850878
12016 0.69205068 0.14204157 0.50395232 567.88423213
12017 0.69736362 0.15021648 0.51779589 565.87239108
12018 0.70115518 0.16508279 0.54332686 569.08438888
12019 0.69688000 0.16686391 0.53426648 565.02576785
12020 0.69486845 0.14686127 0.54175229 566.85026106
12021 0.69572082 0.15345431 0.54166999 565.50580753
12022 0.69298825 0.21002847 0.54953425 565.13255422
12023 0.69350885 0.17820403 0.53007144 565.04874211
12024 0.69203250 0.16820617 0.51416141 566.21241159
12025 0.69339750 0.15965923 0.48924532 565.95722085
12026 0.69698182 0.13853533 0.50776335 566.12338656
12027 0.69873887 0.15861442 0.52818507 566.62370981
12028 0.69596206 0.15920622 0.53350954 564.94992574
12029 0.69678075 0.14342196 0.53262207 565.75864084
12030 0.69187772 0.16649234 0.48794304 566.38107056
12031 0.69239562 0.18210421 0.49174111 566.71261005
12032 0.69010931 0.23638142 0.50897518 570.71876079
12033 0.69202834 0.26719960 0.54649356 572.02839920
12034 0.69120167 0.28460964 0.55247182 574.20990778
12035 0.69773559 0.25491805 0.56280488 574.66388516
12036 0.69549231 0.25784526 0.54325945 575.01029624
12037 0.69905130 0.25484601 0.58514084 572.82863485
12038 0.69291562 0.26151093 0.58481670 566.96893929
12039 0.69035741 0.25003245 0.56778597 567.85201663
12040 0.69335710 0.26034666 0.55633213 570.28332968
12041 0.68757082 0.23435989 0.54372939 571.01022300
12042 0.68922859 0.22712271 0.55323283 568.62235205
12043 0.69014356 0.22980095 0.57589374 567.84298153
12044 0.69031698 0.22175024 0.54846763 567.22397773
12045 0.69006551 0.22235750 0.53966125 567.56456253
12046 0.69062519 0.23711687 0.54188412 567.94967872
12047 0.69720045 0.24206326 0.55414540 572.20089004
12048 0.69615573 0.23593365 0.55659905 568.82648760
12049 0.69610989 0.21564649 0.54459920 567.24169002
12050 0.69724797 0.20480365 0.53058234 569.12157202
12051 0.69642767 0.21663984 0.55724858 566.19450883
12052 0.69245181 0.21423344 0.54509242 565.62732228
12053 0.68963860 0.22179709 0.55192092 568.07594778
12054 0.69334472 0.25578175 0.57284696 567.46062753
12055 0.69367842 0.24217111 0.60391068 564.44479280
12056 0.69335053 0.27108884 0.61755675 565.65746845
12057 0.69464322 0.29600807 0.62963394 567.91517189
12058 0.69129490 0.28552262 0.61739032 567.84185376
12059 0.69276621 0.29177932 0.62907489 567.11433586
12060 0.69212959 0.27170802 0.60232165 566.92413155
12061 0.69507884 0.28489465 0.60181912 569.96349097
12062 0.69408619 0.24634098 0.57979020 565.89012036
12063 0.69619933 0.26049944 0.61494109 565.27991823
12064 0.69184016 0.25725131 0.59578003 566.31462307
12065 0.69366306 0.23651361 0.60822842 564.38624401
12066 0.69805194 0.25964353 0.58878532 571.17232903
12067 0.69478421 0.26150737 0.58327854 567.97786055
12068 0.69633841 0.25004735 0.59860213 565.73347254
12069 0.69353310 0.24435926 0.59302868 564.89920798
12070 0.69705251 0.24556502 0.61102553 564.53814798
12071 0.69787888 0.23006534 0.60712895 564.05818260
12072 0.69849146 0.22625324 0.61624798 563.60233188
12073 0.69523978 0.21093966 0.59769310 563.73844292
12074 0.69637822 0.23221877 0.59494546 564.24453708
12075 0.69854967 0.21898411 0.58462732 565.74040274
12076 0.69147507 0.22316819 0.56480227 566.07893523
12077 0.69267281 0.19911568 0.58935303 566.99006892
12078 0.69439299 0.18526264 0.62442935 570.64787213
12079 0.69851812 0.19502048 0.64620880 565.51420686
12080 0.70497958 0.20616517 0.64471827 568.38690936
12081 0.70345807 0.20328079 0.66032900 565.41248961
12082 0.69744124 0.20765910 0.64154109 564.36336440
12083 0.69762245 0.20296360 0.59763245 563.42992155
12084 0.69368553 0.20930445 0.59391302 564.97671141
12085 0.69519416 0.21244746 0.60717947 563.93341583
12086 0.70053567 0.23441744 0.60171645 568.69255226
12087 0.69134820 0.22467838 0.58255323 566.53525658
12088 0.69585785 0.21329366 0.53414735 567.98745251
12089 0.68965107 0.21063188 0.53471796 567.90833309
12090 0.69636625 0.22364966 0.54446420 568.81934408
12091 0.68932460 0.21977110 0.53669822 568.32602051
12092 0.69223772 0.18234882 0.55347599 566.67738825
12093 0.69417599 0.20077059 0.55048733 564.57197673
12094 0.69219264 0.16970227 0.50105412 566.00281602
12095 0.69133150 0.18223092 0.48700624 567.05723664
12096 0.69168096 0.17135835 0.49682587 566.31871511
12097 0.69124836 0.21190122 0.50762550 567.91526619
12098 0.69233902 0.21768095 0.50516129 569.22050115
12099 0.69101985 0.22088480 0.49088391 570.77749215
12100 0.68712127 0.20459516 0.54043391 573.32130417
12101 0.68634238 0.21029976 0.53787242 574.49923479
12102 0.68863051 0.21426135 0.54630729 569.73307650
12103 0.69405063 0.18262500 0.57504940 565.80049717
12104 0.70071794 0.16428420 0.57634557 565.99705421
12105 0.70265258 0.14774724 0.57795396 568.37044030
12106 0.69607446 0.13412561 0.56995831 570.90566198
12107 0.69952301 0.15606276 0.58852193 566.16833881
12108 0.70098968 0.17260619 0.56940626 566.76134700
12109 0.69663648 0.20509174 0.60635154 563.47471615
12110 0.69848496 0.19065082 0.61677748 564.10576744
12111 0.69918719 0.20044310 0.62453789 563.57358156
12112 0.69666639 0.18835542 0.59660203 564.22445221
12113 0.69781134 0.18058243 0.58787837 564.15620141
12114 0.69740567 0.16194804 0.56847799 565.09909778
12115 0.69876039 0.17367800 0.56707929 564.78091627
12116 0.69595867 0.19401428 0.55103005 564.55677780
12117 0.70041655 0.17562219 0.59914461 565.00621885
12118 0.69992851 0.19316314 0.59991531 564.36964424
12119 0.70074297 0.19580846 0.60616186 564.80261360
12120 0.69989026 0.18149343 0.59956175 564.51764225
12121 0.70113388 0.17899960 0.61077143 565.17716937
12122 0.70041249 0.17275419 0.58303415 565.39618025
12123 0.69447467 0.17080119 0.52585460 564.90440308
12124 0.69628633 0.17816406 0.54515143 564.50527447
12125 0.69456137 0.19463972 0.56384203 564.22949843
12126 0.69549510 0.18575187 0.59118925 565.03564171
12127 0.70191438 0.17346383 0.58322497 567.02393428
12128 0.69221646 0.17263677 0.57591211 570.43909967
12129 0.69769728 0.15681915 0.59261804 567.19189185
12130 0.70179614 0.16336339 0.59539349 566.50829803
12131 0.69812143 0.15283165 0.58292608 566.68257753
12132 0.70157451 0.17865574 0.56907653 568.03046782
12133 0.69786109 0.18987023 0.60899322 564.06534502
12134 0.69951909 0.21394448 0.63472408 563.18639525
12135 0.70263709 0.23084304 0.65268221 565.45638638
12136 0.69902022 0.23173114 0.63743550 563.05181880
12137 0.69931643 0.21901345 0.66021988 563.31008726
12138 0.70245889 0.23192518 0.66739660 564.23285104
12139 0.69815454 0.23387470 0.65439025 562.68564191
12140 0.69504661 0.22323466 0.64948612 565.95081359
12141 0.69953278 0.22580006 0.64420130 562.95130896
12142 0.69730076 0.22204258 0.63982860 563.16475226
12143 0.69436661 0.24503915 0.61448208 564.00972672
12144 0.69647827 0.23384508 0.62426046 563.04662016
12145 0.69537191 0.24467755 0.63899459 563.42102638
12146 0.69696832 0.26207669 0.66087642 562.85773142
12147 0.69688165 0.27244658 0.64949462 564.01655835
12148 0.69738102 0.24481253 0.64656455 562.73062645
12149 0.69440228 0.26398003 0.61977491 564.78507948
12150 0.69257728 0.27601994 0.62272240 566.12081684
12151 0.70110658 0.23594206 0.60355762 569.81024977
12152 0.69275666 0.22600072 0.59565946 565.20675772
12153 0.69447028 0.22704561 0.61056483 563.96642425
12154 0.69389758 0.23948815 0.63922502 565.09452653
12155 0.69724879 0.22989945 0.63747565 562.84692689
12156 0.69630859 0.25304850 0.63168838 563.46537739
12157 0.69245870 0.24761103 0.61565858 565.52102537
12158 0.69319766 0.26094829 0.61078003 565.28904818
12159 0.69673296 0.24129502 0.59531073 565.31883156
12160 0.69336913 0.25889310 0.58174130 566.99926237
12161 0.69951985 0.25190158 0.61384297 567.97348693
12162 0.69213722 0.23165249 0.63009005 567.99711049
12163 0.70008168 0.21006546 0.62273069 563.75779863
12164 0.69845019 0.20886865 0.62208859 563.19255328
12165 0.69956039 0.19701620 0.60809399 563.87903433
12166 0.69889002 0.20553183 0.61630677 563.37131583
12167 0.69860372 0.19975430 0.59618919 563.77402729
12168 0.69731883 0.17729904 0.59032764 564.59959577
12169 0.69810399 0.17177751 0.57122059 564.49547763
12170 0.69646675 0.18907068 0.55703183 564.27295914
12171 0.69841483 0.20356215 0.56847804 565.71893136
12172 0.69933075 0.18624963 0.59336250 564.23281175
12173 0.70098682 0.20288745 0.63666447 563.99848325
12174 0.70057719 0.21164005 0.66138379 563.72167684
12175 0.69959209 0.18439931 0.63264706 565.23978736
12176 0.69284358 0.22888932 0.60823264 565.45271363
12177 0.69792825 0.19154258 0.62191333 564.50855718
12178 0.69592829 0.22907660 0.64118868 563.70418868
12179 0.70087875 0.23759568 0.66411814 563.19377771
12180 0.70597221 0.18791472 0.67812273 568.68458073
12181 0.70831520 0.19055476 0.70635144 571.53472347
12182 0.70141959 0.20305602 0.67834904 565.43535994
12183 0.70327908 0.22520410 0.67038284 564.77956271
12184 0.69520408 0.24423277 0.64493961 563.68684495
12185 0.69477657 0.24894004 0.67037507 565.33420408
12186 0.69747372 0.26031981 0.69971355 563.29153409
12187 0.69645670 0.27653475 0.70787805 563.71808689
12188 0.69604953 0.27689573 0.69814553 563.64388108
12189 0.69603507 0.27513678 0.70829416 564.31135957
12190 0.70423110 0.27665027 0.74102798 563.99682578
12191 0.69690740 0.30370747 0.73494638 563.52895403
12192 0.69945836 0.29296345 0.72326516 562.48538947
12193 0.69901093 0.28988673 0.71929248 562.43253478
12194 0.69559364 0.31578986 0.73611165 564.68752988
12195 0.69791357 0.27584673 0.69357632 562.53400647
12196 0.70292147 0.28745923 0.73702936 563.51533691
12197 0.69825292 0.29022451 0.75669263 564.14388311
12198 0.69885064 0.29535753 0.76495285 563.72263814
12199 0.70537116 0.30214298 0.79947198 563.78060135
12200 0.70241129 0.27785043 0.79175732 564.90964023
12201 0.70479410 0.29021545 0.75687038 564.51530199
12202 0.70185953 0.29906662 0.77068791 562.41361810
12203 0.70678266 0.31157047 0.80297729 565.62934291
12204 0.70679737 0.29360175 0.81106912 564.81739788
12205 0.70228672 0.31223813 0.79034597 562.56612041
12206 0.70095607 0.29434426 0.77565376 562.90672512
12207 0.70316523 0.27557885 0.79508177 565.05576783
12208 0.70258552 0.27797892 0.78569803 564.19702933
12209 0.70076897 0.28010961 0.78258328 565.08945773
12210 0.70361310 0.33609418 0.78259808 565.72688092
12211 0.69670809 0.36523440 0.79438013 565.85224540
12212 0.69922537 0.36183536 0.81967193 564.30935046
12213 0.70387394 0.36750657 0.82301778 566.61293666
12214 0.70630891 0.36085240 0.83985536 567.33361934
12215 0.69911036 0.34322940 0.85089610 567.49743446
12216 0.69595113 0.37042901 0.86012777 572.06526699
12217 0.70129657 0.35881443 0.85513455 564.16599398
12218 0.70078962 0.37120803 0.89108724 566.86698726
12219 0.70146360 0.37600801 0.85568671 564.35139726
12220 0.69780687 0.37064207 0.86515682 568.71331082
12221 0.70328385 0.40003953 0.86326308 567.26857350
12222 0.69531078 0.42164343 0.86389520 571.57836285
12223 0.70463782 0.39829912 0.87414338 567.43386330
12224 0.70242296 0.40277589 0.85389860 567.78160696
12225 0.70688631 0.38740705 0.86661878 569.76424106
12226 0.70259268 0.39374624 0.85325282 566.53878592
12227 0.69884555 0.38905254 0.86288212 566.33137405
12228 0.70375599 0.38648793 0.84954997 566.84885847
12229 0.69540005 0.39719554 0.86843076 572.01081791
12230 0.70025265 0.40388334 0.87105284 566.27637754
12231 0.70261802 0.39419040 0.87781719 565.31095104
12232 0.69782920 0.37828988 0.86278536 567.86313802
12233 0.69973061 0.38950152 0.86598688 565.71515860
12234 0.70386176 0.36043066 0.84836898 564.03127720
12235 0.70544343 0.33893476 0.84956846 563.88170027
12236 0.70431494 0.35383050 0.85394248 563.76503299
12237 0.70207809 0.37533588 0.85536251 564.29822686
12238 0.70351768 0.34471941 0.84269136 563.32723690
12239 0.70250802 0.34212094 0.82711390 563.10257393
12240 0.69994611 0.33402740 0.81840169 563.95993488
12241 0.69772158 0.33589300 0.79780476 564.83845030
12242 0.70073934 0.31592425 0.78848561 562.68727609
12243 0.70458500 0.29001103 0.80030510 563.68158681
12244 0.70351007 0.29562159 0.78430712 562.86184266
12245 0.69810744 0.29856557 0.81386000 571.23501380
12246 0.70141581 0.31365576 0.82107009 564.38159677
12247 0.70070738 0.31454768 0.78202627 562.56460296
12248 0.70241692 0.33520033 0.80506915 563.09062091
12249 0.69858291 0.32135797 0.75633311 563.06767769
12250 0.70015825 0.30178542 0.72455339 563.24634032
12251 0.69506901 0.28035361 0.72380662 566.71447200
12252 0.70607885 0.27185424 0.73703473 566.58347422
12253 0.69795470 0.28211564 0.73564564 563.52839525
12254 0.70285901 0.28181046 0.73165941 563.40796952
12255 0.69722246 0.26457388 0.72742361 565.51544354
12256 0.69818710 0.27630582 0.74511442 564.59286753
12257 0.69984350 0.27651289 0.75223545 563.48031709
12258 0.70153297 0.31236410 0.73924142 564.33224687
12259 0.69628720 0.32450094 0.74829669 564.37279021
12260 0.69693447 0.30630342 0.75148267 564.17205306
12261 0.70386757 0.26934030 0.74237846 563.40329695
12262 0.70216856 0.27296503 0.73622503 562.56547231
12263 0.69373727 0.28166126 0.71767289 568.49990407
12264 0.70244610 0.27082341 0.71733333 563.20898741
12265 0.70602162 0.22422476 0.69265375 567.24824255
12266 0.70122911 0.19447162 0.68412238 567.56842955
12267 0.70386418 0.20304700 0.68456848 565.94398820
12268 0.69982718 0.24269809 0.70158526 563.17677610
12269 0.70528756 0.22430147 0.71097457 565.80997358
12270 0.70340818 0.21552405 0.72868037 567.50871225
12271 0.70254854 0.20767132 0.71601950 567.99471723
12272 0.70050340 0.21788925 0.72475668 569.13870542
12273 0.70499416 0.20358652 0.74424136 571.46877661
12274 0.70950937 0.22937048 0.74807014 570.51808903
12275 0.70199380 0.20520363 0.73282359 571.90841671
12276 0.70455073 0.20913936 0.73636140 569.25123143
12277 0.70374475 0.24186155 0.73094002 564.18192078
12278 0.70301165 0.24003310 0.75249207 566.04778570
12279 0.70238913 0.23515007 0.70225299 563.49186711
12280 0.69595595 0.29104947 0.72557222 564.53957387
12281 0.70198751 0.29774970 0.72753396 564.17577221
12282 0.69502695 0.31632987 0.75316922 566.40332029
12283 0.69913596 0.31038148 0.77260565 563.08551680
12284 0.69821293 0.32392382 0.76680781 563.32594141
12285 0.69528846 0.34070510 0.74694715 565.68545375
12286 0.69567296 0.30404490 0.77503285 568.98745086
12287 0.70222041 0.30549931 0.77931507 562.49470112
12288 0.69883572 0.32354875 0.75171382 563.23066089
12289 0.70131853 0.31796365 0.76676355 562.90255688
12290 0.70235085 0.33399626 0.76971915 565.15937309
12291 0.69717075 0.32075674 0.79448601 566.44176371
12292 0.70395064 0.31050028 0.79209251 563.13479084
12293 0.69938272 0.30773813 0.77629969 563.19890179
12294 0.70254184 0.34987715 0.79512757 565.16493614
12295 0.69422238 0.35206797 0.77350037 567.85084786
12296 0.69601871 0.34691805 0.77439395 565.54674713
12297 0.69504413 0.35583953 0.77385066 566.79694771
12298 0.69502476 0.33996027 0.80470136 569.88095683
12299 0.70573534 0.35188616 0.80974591 568.50890241
12300 0.70237540 0.36887711 0.82127937 565.38207757
12301 0.70514307 0.36922069 0.84348098 566.48641375
12302 0.69712263 0.35201130 0.83643723 568.27128625
12303 0.70390179 0.34111676 0.84819159 563.42360637
12304 0.71181048 0.37122414 0.84461852 583.80995187
12305 0.71289729 0.35048157 0.85758173 579.06169346
12306 0.69394404 0.36347825 0.84967817 576.90627634
12307 0.69498173 0.35657124 0.83984599 573.16093240
12308 0.69662497 0.36006728 0.85821633 571.49906800
12309 0.70388103 0.38228694 0.84135891 567.12612926
12310 0.70274785 0.39092860 0.86548394 565.50069557
12311 0.70498254 0.36249183 0.87106620 564.20909993
12312 0.70760367 0.34607158 0.89509319 565.44018558
12313 0.70048231 0.36984242 0.86799482 565.25318630
12314 0.70470840 0.37607435 0.87417723 564.81845894
12315 0.70818803 0.37533010 0.89195090 567.40798430
12316 0.70618863 0.35837606 0.86260188 565.09030342
12317 0.70303581 0.34625471 0.83759576 563.26972509
12318 0.70260267 0.34916073 0.84131339 563.33495395
12319 0.70088151 0.34287729 0.84730505 564.71538807
12320 0.70947008 0.34226623 0.87636235 567.31247608
12321 0.70555057 0.33573338 0.88939343 565.78928997
12322 0.70418682 0.34980422 0.85206027 563.60149896
12323 0.70397113 0.35513161 0.84300743 563.90458355
12324 0.70122532 0.33353786 0.83069474 563.76329527
12325 0.70346166 0.30549910 0.81345479 563.36956780
12326 0.70869856 0.30748532 0.82879070 566.69167966
12327 0.70387318 0.31171966 0.80850325 563.00751555
12328 0.70225789 0.31168015 0.78819609 562.55093031
12329 0.70231212 0.29413031 0.78278499 562.80105060
12330 0.69622413 0.30383356 0.75975582 566.01601331
12331 0.69935123 0.27129662 0.78118827 568.52215826
12332 0.70011849 0.29630692 0.77170946 563.05047398
12333 0.69843263 0.29085300 0.78540836 567.12824708
12334 0.69966719 0.28304934 0.79456507 567.81213062
12335 0.70523119 0.29625627 0.79283825 563.71563136
12336 0.69884468 0.29234326 0.75359684 563.17706714
12337 0.70423780 0.31299666 0.75902708 565.93462658
12338 0.69701131 0.32869301 0.77672258 564.66155556
12339 0.69641926 0.36447641 0.78912597 566.01773326
12340 0.70093686 0.34959313 0.78035285 564.97417708
12341 0.69943672 0.31495324 0.75379594 562.72859244
12342 0.70560143 0.32641245 0.75173001 572.40794531
12343 0.69994212 0.34492374 0.74327171 567.17741302
12344 0.69895004 0.34205317 0.73786793 566.34174113
12345 0.69379519 0.33344712 0.70731438 566.92772581
12346 0.69737395 0.33932526 0.73254725 565.56578270
12347 0.69851559 0.31722640 0.71558387 564.57962244
12348 0.69651686 0.29187620 0.72213147 563.68270718
12349 0.69604647 0.30692585 0.71608356 563.87517651
12350 0.69561645 0.28156157 0.73594786 566.97412222
12351 0.70274830 0.27361814 0.76876597 563.36803990
12352 0.70007982 0.27968904 0.75701145 563.36380354
12353 0.70191338 0.30382832 0.73177711 564.40197946
12354 0.69820502 0.31416509 0.74312242 563.02166314
12355 0.69678288 0.31278067 0.74743016 563.92655447
12356 0.69762845 0.29690914 0.72787926 562.91806479
12357 0.69886521 0.32116260 0.73503154 563.78962660
12358 0.70081769 0.31241187 0.73633274 563.92458817
12359 0.69752513 0.33371793 0.75613532 563.95559559
12360 0.69514132 0.36128622 0.75886760 567.02913991
12361 0.69911405 0.32818265 0.74528838 563.95705174
12362 0.69739883 0.29410023 0.77053191 566.39980280
12363 0.69990232 0.33424360 0.79159893 563.05261893
12364 0.69932066 0.31022409 0.79979382 564.92729102
12365 0.70360577 0.28283318 0.79896335 564.29716602
12366 0.69605868 0.29449325 0.75448328 566.75134266
12367 0.70373497 0.30529525 0.81540993 563.43862208
12368 0.70424453 0.31010007 0.82948977 563.81397445
12369 0.70727061 0.32667849 0.82387839 566.11631125
12370 0.70474265 0.30620250 0.86949352 568.31373548
12371 0.71096888 0.31932675 0.88677114 568.68300747
12372 0.70969721 0.31217591 0.85129375 567.42943957
12373 0.70539809 0.29907290 0.84937831 566.31073458
12374 0.70604055 0.34066129 0.83246115 565.11702542
12375 0.70102421 0.33618548 0.79996913 562.95280053
12376 0.69940792 0.35163639 0.84050049 565.18587766
12377 0.70088212 0.34848625 0.80726079 563.42695938
12378 0.69888837 0.35975662 0.76930147 566.03629577
12379 0.69289947 0.36375930 0.72076092 570.16139868
12380 0.69439726 0.36424026 0.70457556 571.54193490
12381 0.69078154 0.35061608 0.69610055 571.46743495
12382 0.69409152 0.34021207 0.66908872 570.94987166
12383 0.69122730 0.32465423 0.66202978 569.63151152
12384 0.69180419 0.33024006 0.70959702 568.92433601
12385 0.70095576 0.33976837 0.72268976 570.71946869
12386 0.69730017 0.32733992 0.70579242 566.18098176
12387 0.69685836 0.30522416 0.70359120 563.73950358
12388 0.69875679 0.29328306 0.71801206 562.57057974
12389 0.69808813 0.29900143 0.69576525 563.83327819
12390 0.69629469 0.29560101 0.68530620 563.84044180
12391 0.69901971 0.27871264 0.68016757 563.48505115
12392 0.69763318 0.28624660 0.68700039 563.15081139
12393 0.70111229 0.28635182 0.70064997 564.38814974
12394 0.69937544 0.27032731 0.68087426 562.98977823
12395 0.70160071 0.26516586 0.70208165 563.01614100
12396 0.69928010 0.24949397 0.69887401 562.79033569
12397 0.69926560 0.24194980 0.69376914 563.09321650
12398 0.69961937 0.26315798 0.67353830 563.08127583
12399 0.69949559 0.28657849 0.69927547 563.16446680
12400 0.69429711 0.29816114 0.68783680 564.88083658
12401 0.69996217 0.27530342 0.69251088 562.99776894
12402 0.69888999 0.26419938 0.68786592 562.35546436
12403 0.69638532 0.26278631 0.68798642 563.50670303
12404 0.70380915 0.26362121 0.70897895 564.81066431
12405 0.70038985 0.27708973 0.71412991 562.37917933
12406 0.69688783 0.27680014 0.70547640 563.19709096
12407 0.69790417 0.25261440 0.69448688 563.19161433
12408 0.69497790 0.25053966 0.66388083 564.45518137
12409 0.70130440 0.21721985 0.64208240 563.99666076
12410 0.69567118 0.25175459 0.64166253 563.25785575
12411 0.69587713 0.24996365 0.64537851 563.15001221
12412 0.69057130 0.26853628 0.61468148 567.81074364
12413 0.69393508 0.20461394 0.60837978 566.06660039
12414 0.69268159 0.21637007 0.58510178 565.33065000
12415 0.69317015 0.20357020 0.56839813 564.90864589
12416 0.69626192 0.21653756 0.58133396 564.04327571
12417 0.69953134 0.23071113 0.61765763 564.70595124
12418 0.69862943 0.21003823 0.61432896 563.30335770
12419 0.70165653 0.18423249 0.59553079 566.15132662
12420 0.69870552 0.16970375 0.57323286 564.71746685
12421 0.69381691 0.19301559 0.56769496 564.81916048
12422 0.69501843 0.18954793 0.56496710 564.17904936
12423 0.69819775 0.21257477 0.56855408 566.40163733
12424 0.69603940 0.23127716 0.56980318 566.23489499
12425 0.69330958 0.21779019 0.56602525 564.77392514
12426 0.69187202 0.22153683 0.55301133 565.91123732
12427 0.69172765 0.20761962 0.55245323 565.86258425
12428 0.69755484 0.19424773 0.55023252 565.75176797
12429 0.69599369 0.19128452 0.54968047 564.53143150
12430 0.69523744 0.19087922 0.53896033 564.84868932
12431 0.69502119 0.22343159 0.56806160 564.94568576
12432 0.69813244 0.21069122 0.58870193 564.26910696
12433 0.69442402 0.20649016 0.59365754 564.41836651
12434 0.69293988 0.19856107 0.59656599 567.29630915
12435 0.70003695 0.20335880 0.60719287 564.30609006
12436 0.69752681 0.22025770 0.58946981 564.41791133
12437 0.69848470 0.21106169 0.62676001 563.13702457
12438 0.69740147 0.20401775 0.62917512 563.98762503
12439 0.69903950 0.20206191 0.64055487 563.95514621
12440 0.70013543 0.22463865 0.65119640 563.03996081
12441 0.69895675 0.22429459 0.67927666 564.07743505
12442 0.69934408 0.22017300 0.68884150 565.16230338
12443 0.70207516 0.21020095 0.69492324 565.55191384
12444 0.70128411 0.19697046 0.67196709 565.84235348
12445 0.70122754 0.21282194 0.70172405 566.20712593
12446 0.69901245 0.22063068 0.69682234 566.35374083
12447 0.69763765 0.22731793 0.67859547 564.86106702
12448 0.70161326 0.22794016 0.69117583 563.52084662
12449 0.70199848 0.23760362 0.70492935 563.32892316
12450 0.69941968 0.25036190 0.69644008 562.60132467
12451 0.70137166 0.26001450 0.68868378 563.28358366
12452 0.70281105 0.24085268 0.68624712 563.91146822
12453 0.70183273 0.24467356 0.67733549 563.56748906
12454 0.69943703 0.25975743 0.66099784 563.53421694
12455 0.69737976 0.28412129 0.66922985 563.92828108
12456 0.69911187 0.26311492 0.70814739 562.48653288
12457 0.70370102 0.25330415 0.71529526 563.84265227
12458 0.70131953 0.26660969 0.72233691 562.41684530
12459 0.69930264 0.27864613 0.67833617 563.81645101
12460 0.69494318 0.25760442 0.66615326 564.19618730
12461 0.69528186 0.21832929 0.64829630 566.14388310
12462 0.69931658 0.19003612 0.64780491 565.80950259
12463 0.70269911 0.20335788 0.66454145 564.88794184
12464 0.70018204 0.17853226 0.66360859 569.16973394
12465 0.70398519 0.18469885 0.65306859 566.87609035
12466 0.69829774 0.19536535 0.64830967 565.86635797
12467 0.69645518 0.21710555 0.60811358 563.21446908
12468 0.70455642 0.18016050 0.62316850 568.43975604
12469 0.70574759 0.16745808 0.62966141 570.15719083
12470 0.70325335 0.16740503 0.63530535 567.63095809
12471 0.70308625 0.17714110 0.63805199 566.64308575
12472 0.69552642 0.19604169 0.64217396 568.86231359
12473 0.69606088 0.17767849 0.62817365 569.74719502
12474 0.69360439 0.20352659 0.61045310 566.91423845
12475 0.69850881 0.20247870 0.59592919 563.77829881
12476 0.70152321 0.16161780 0.59583317 566.41060824
12477 0.69824713 0.17725416 0.54910195 565.40306512
12478 0.69281257 0.18879134 0.54120970 565.24549102
12479 0.69710633 0.20934537 0.56167877 565.58566950
12480 0.69427956 0.18600182 0.54282920 564.57584986
12481 0.69638535 0.18011879 0.55163651 564.33089824
12482 0.69310170 0.17303927 0.56368099 567.31981954
12483 0.69819859 0.18184581 0.54112206 566.30648346
12484 0.69632322 0.13487931 0.53887271 567.10785299
12485 0.69282243 0.15325837 0.54696622 569.09390200
12486 0.70170092 0.15093546 0.55287707 568.33448612
12487 0.69392204 0.16015966 0.56199924 567.86083339
12488 0.69901008 0.13875426 0.57537016 567.85275854
12489 0.69557324 0.15265975 0.59185353 570.67471828
12490 0.69803423 0.15151440 0.60838882 569.82848453
12491 0.70002921 0.15253353 0.58783211 566.53798632
12492 0.69692832 0.15982425 0.59193491 567.32359053
12493 0.70180439 0.16736765 0.59161982 566.45171088
12494 0.69794868 0.19415089 0.58504768 563.82411193
12495 0.69753649 0.20229514 0.58287638 563.87798603
12496 0.69342865 0.17178226 0.57112379 567.73689253
12497 0.69825205 0.18580997 0.55861788 565.13551240
12498 0.69928594 0.19116862 0.61172691 563.91797288
12499 0.69912903 0.20779129 0.61458235 563.48254490
12500 0.69833269 0.20070610 0.60159356 563.52129466
12501 0.69583747 0.19673545 0.58542028 563.80232335
12502 0.69686145 0.18652643 0.57270644 563.91324716
12503 0.69708144 0.17742736 0.59238366 564.80027973
12504 0.69969784 0.18216198 0.56774505 565.72457378
12505 0.69405328 0.18566123 0.57310165 565.37132274
12506 0.69741257 0.16060022 0.56696181 565.16398523
12507 0.70120968 0.14010348 0.55037108 567.90369836
12508 0.69121580 0.16438412 0.52454342 567.99454757
12509 0.69161931 0.20192014 0.51635600 566.53689963
12510 0.69763638 0.19235580 0.55579975 565.19459471
12511 0.69475553 0.19705954 0.56717178 564.10635707
12512 0.69573478 0.18484799 0.58681668 564.67414410
12513 0.68986170 0.18315449 0.55356401 570.90788882
12514 0.68959645 0.19141952 0.53265689 568.68714172
12515 0.69212046 0.20479309 0.53317734 565.80556648
12516 0.69533693 0.19923752 0.55744297 564.27422665
12517 0.69514172 0.19379848 0.56032415 564.10496899
12518 0.69622757 0.19216344 0.58275925 563.82049075
12519 0.69965878 0.18818784 0.61639715 564.19027921
12520 0.70080461 0.15305123 0.61138285 567.87652489
12521 0.70077155 0.15500616 0.58311586 566.37823883
12522 0.69942328 0.17078290 0.58455003 564.86010655
12523 0.70236688 0.20189761 0.62445914 565.69299857
12524 0.70141486 0.20962032 0.66457802 564.03137924
12525 0.69913752 0.22305630 0.65685454 562.98936965
12526 0.69804329 0.24885062 0.66479932 562.50664093
12527 0.69712332 0.24458537 0.65614669 562.74716845
12528 0.69875976 0.27280834 0.65656745 564.67708059
12529 0.69269233 0.27597412 0.67539079 566.90753753
12530 0.69917085 0.26233829 0.69745781 562.30451713
12531 0.69533553 0.25260361 0.68735492 565.65093010
12532 0.69702452 0.27298055 0.70481315 563.21158349
12533 0.69534346 0.30014880 0.70824444 564.22706257
12534 0.70060910 0.29043679 0.70011989 564.37543174
12535 0.69338607 0.26661420 0.66933513 565.93703416
12536 0.69078785 0.26925832 0.65881149 569.79814388
12537 0.69370082 0.27584306 0.65013795 564.80953944
12538 0.69852214 0.25559324 0.61253235 567.24243029
12539 0.69714650 0.23576550 0.65010974 562.88069354
12540 0.69690157 0.23593354 0.60064324 564.40276358
12541 0.69211062 0.23643976 0.59693968 565.68506471
12542 0.70027478 0.22751871 0.60178929 567.16040311
12543 0.69844784 0.23340785 0.57072675 569.69982898
12544 0.68846271 0.22155035 0.54818681 569.81646261
12545 0.69731033 0.22261842 0.57696848 565.60867499
12546 0.69881143 0.19806830 0.56049262 566.52485461
12547 0.69606678 0.18588517 0.57660566 564.07015664
12548 0.69681938 0.17956802 0.57962653 564.24722055
12549 0.69682479 0.19309261 0.58038717 563.71586211
12550 0.70179371 0.15697218 0.59039889 566.89813162
12551 0.70478693 0.17191709 0.61115606 569.51090760
12552 0.70290541 0.17532372 0.60064697 567.29691272
12553 0.70105735 0.17058586 0.59411757 565.65813680
12554 0.68994222 0.18917498 0.58384874 573.94727427
12555 0.69594591 0.17041776 0.58062361 565.67284569
12556 0.69391206 0.17748287 0.57700189 566.76577393
12557 0.69721900 0.14585219 0.54921099 565.95259989
12558 0.69998455 0.12986291 0.55832608 567.96737402
12559 0.69659547 0.14143890 0.52707372 565.82310830
12560 0.69453499 0.16556242 0.53323930 565.02417181
12561 0.69994481 0.14894285 0.55279952 566.42647792
12562 0.69343504 0.19264865 0.54919689 564.80520768
12563 0.69666734 0.17270315 0.52127893 565.90644902
12564 0.69179495 0.14326461 0.49947041 567.77566749
12565 0.70217023 0.11555595 0.52720776 570.72700039
12566 0.69645293 0.10049000 0.51758633 571.06061256
12567 0.69969520 0.08672341 0.50680045 571.47187945
12568 0.69596488 0.09788461 0.50611373 570.76764461
12569 0.69956383 0.09085091 0.50938613 570.94845995
12570 0.69798808 0.10312687 0.49355458 568.55971674
12571 0.69339223 0.11915188 0.49692609 568.79295990
12572 0.69116349 0.11443091 0.48267425 571.43512515
12573 0.69623320 0.12135963 0.47314559 567.17583807
12574 0.69288988 0.11709744 0.46673477 567.68718957
12575 0.69115017 0.13953738 0.45191049 567.44657819
12576 0.68972235 0.16031849 0.45201100 568.32479338
12577 0.69343870 0.16109868 0.45024099 569.25057031
12578 0.68914441 0.14827000 0.46744292 569.20156145
12579 0.68801872 0.17800160 0.45915561 569.85029353
12580 0.68982456 0.16855062 0.47070586 567.91914161
12581 0.69495264 0.14800808 0.47701887 566.72572701
12582 0.69315269 0.13740155 0.46368908 566.66739681
12583 0.69327577 0.14628132 0.44836102 567.91261311
12584 0.69561428 0.12909505 0.48040894 566.56768883
12585 0.69298884 0.12530813 0.46233392 566.99977322
12586 0.69873686 0.15049268 0.51330493 567.46246985
12587 0.69451537 0.14134271 0.50972472 566.05890031
12588 0.70137673 0.13187064 0.54011310 568.69650979
12589 0.69696276 0.11791034 0.52957422 568.57137450
12590 0.69923380 0.11940294 0.54232228 568.51620473
12591 0.70114385 0.09637586 0.54950135 573.01917282
12592 0.70525009 0.08920702 0.57228493 577.98297508
12593 0.70058725 0.09683212 0.55546433 573.68613847
12594 0.70099507 0.12335702 0.54400798 568.74613570
12595 0.70003635 0.14857203 0.56473569 566.36552389
12596 0.69905929 0.14291373 0.57372440 567.09668130
12597 0.69735351 0.12937472 0.57049511 570.41759109
12598 0.70474910 0.13925391 0.58002508 571.50733326
12599 0.69377403 0.18476609 0.58418303 566.63723588
12600 0.69704905 0.18908817 0.58613817 563.80057365
12601 0.69369144 0.19706259 0.60302571 566.90739482
12602 0.70169207 0.19500085 0.60991384 565.58143078
12603 0.70215625 0.14960664 0.61147367 568.40991827
12604 0.70066897 0.14022457 0.61416488 570.78183297
12605 0.69821795 0.16068340 0.62077505 569.28127222
12606 0.70312035 0.16749630 0.61313028 567.25529841
12607 0.70213428 0.15949727 0.61933888 567.47970250
12608 0.70253807 0.16814254 0.61910800 566.74930974
12609 0.70268374 0.18880395 0.62223248 565.97992695
12610 0.69555402 0.19675863 0.62698899 566.66670745
12611 0.69779846 0.18344515 0.62124965 565.56797385
12612 0.70131736 0.18415261 0.60239308 565.39986644
12613 0.69307766 0.19966172 0.57422515 565.38032947
12614 0.69465752 0.17913818 0.56892408 565.15209100
12615 0.69503189 0.17108338 0.57740083 566.25520690
12616 0.70232439 0.19307464 0.58597045 568.72970916
12617 0.70087568 0.21876065 0.57985763 570.28634488
12618 0.70138333 0.21712765 0.58614318 570.04469229
12619 0.69105641 0.24492109 0.58682401 566.71533383
12620 0.69405445 0.24471410 0.59262372 564.85085987
12621 0.70104010 0.21111339 0.58919281 568.00217674
12622 0.69465279 0.20986111 0.55739141 564.63033376
12623 0.69588851 0.21043644 0.54636704 566.16885374
12624 0.70189953 0.18393338 0.58492794 567.33410079
12625 0.69890598 0.19162088 0.57089497 565.14191008
12626 0.69836949 0.18059013 0.56302864 564.76501738
12627 0.69376311 0.20229497 0.58177939 564.82221279
12628 0.70028879 0.19179402 0.58051872 565.92815625
12629 0.69949404 0.16364958 0.56194496 565.51201273
12630 0.70108512 0.17151809 0.56970085 566.82443653
12631 0.69416195 0.17988130 0.56374773 565.27478554
12632 0.69814882 0.16301344 0.56126224 564.90443107
12633 0.69644167 0.15622709 0.57023978 566.35148027
12634 0.70077181 0.16988994 0.56492466 566.71297147
12635 0.69393840 0.20420852 0.57106853 564.37549951
12636 0.70184307 0.20687059 0.60844716 566.60295740
12637 0.69271562 0.23683847 0.61945499 565.73534078
12638 0.69272898 0.22769331 0.60693856 565.60543342
12639 0.69872321 0.22711417 0.57668767 568.11538599
12640 0.69168685 0.20407093 0.55589979 566.05159477
12641 0.69811304 0.21775185 0.58358947 565.23577362
12642 0.69946626 0.24042134 0.62192882 565.19573081
12643 0.70265772 0.21563531 0.63378017 566.08266978
12644 0.69960502 0.21000375 0.64716402 563.45917853
12645 0.69953667 0.23940747 0.66646862 562.57909268
12646 0.69777375 0.24327519 0.64111144 562.86617213
12647 0.69586496 0.22592552 0.63191278 563.56027792
12648 0.69700171 0.22782471 0.63551368 562.95315281
12649 0.70218532 0.20867025 0.67401007 564.53103663
12650 0.70288413 0.16281545 0.68970058 575.13739238
12651 0.70591449 0.17080248 0.70901607 574.21780743
12652 0.70614926 0.15335761 0.66680847 573.21672001
12653 0.70880494 0.16004885 0.70440867 576.93886599
12654 0.70552775 0.19964632 0.66624523 567.70199540
12655 0.70264813 0.20666973 0.66063090 564.66479554
12656 0.70174883 0.19269069 0.65307275 565.14678037
12657 0.70280238 0.19435427 0.63091583 565.73687008
12658 0.69751649 0.19301115 0.62287287 564.67179212
12659 0.69444294 0.20417748 0.61952314 566.41419991
12660 0.70036376 0.25615404 0.62167840 569.01411356
12661 0.69511808 0.22409842 0.63283113 564.41110779
12662 0.69732336 0.21591913 0.64858552 564.06018656
12663 0.70033888 0.19814406 0.61876006 564.03411530
12664 0.69963221 0.19262567 0.61280203 563.93975305
12665 0.70096613 0.19058565 0.62991795 564.53414209
12666 0.70009679 0.19348381 0.64409316 564.70621321
12667 0.69792043 0.19724921 0.62556074 564.13446316
12668 0.69892207 0.18452963 0.63210269 565.51707265
12669 0.70134598 0.18177726 0.61262251 565.17757935
12670 0.70045804 0.16336904 0.62200541 567.16309476
12671 0.70144927 0.18514585 0.63848524 565.27832661
12672 0.70439455 0.20077131 0.61868056 569.62736733
12673 0.69606959 0.22781133 0.62342597 563.18848439
12674 0.69985164 0.21063409 0.62657980 563.49765809
12675 0.69726576 0.22244676 0.60516888 563.42965811
12676 0.69798784 0.20300446 0.60162225 563.42244319
12677 0.69926605 0.23187441 0.62409683 564.00013085
12678 0.70061834 0.24539450 0.63497992 565.84740078
12679 0.69528413 0.21859520 0.62169426 564.06257347
12680 0.69723873 0.20920626 0.62448067 563.46570096
12681 0.69676237 0.21243323 0.61800796 563.32175713
12682 0.69814635 0.18858841 0.58592660 563.89509925
12683 0.70220938 0.20264828 0.59259587 568.70946063
12684 0.70268431 0.18097893 0.56905914 570.39996352
12685 0.69919552 0.14678806 0.61729863 570.94485866
12686 0.70221465 0.15772771 0.61931913 567.72993222
12687 0.70255831 0.17868976 0.61003749 566.40410277
12688 0.69815006 0.19889107 0.62150867 563.72540920
12689 0.70166873 0.17470280 0.60589688 565.77237351
12690 0.69853702 0.17471479 0.60507151 565.10658231
12691 0.69331632 0.21502625 0.62000682 566.84708961
12692 0.69724119 0.19109709 0.61476674 564.55063845
12693 0.69992982 0.20357237 0.64115905 563.71858198
12694 0.70180013 0.21146007 0.65127690 564.07283198
12695 0.69919894 0.20290851 0.61251824 563.57014289
12696 0.69921357 0.19289927 0.60678288 563.83890077
12697 0.69849118 0.18772931 0.59283624 563.91027025
12698 0.69947930 0.19713909 0.59409835 564.37535612
12699 0.70095306 0.18848952 0.61387070 564.69375388
12700 0.70224025 0.17281307 0.64099823 566.92769642
12701 0.70395666 0.19563565 0.65511695 566.22646480
12702 0.70109687 0.19427406 0.64670214 564.67553910
12703 0.70398683 0.18836832 0.65221356 566.62747703
12704 0.70614850 0.20236957 0.66048609 569.05418517
12705 0.69874332 0.20080810 0.65705901 565.48031383
12706 0.70392536 0.23719670 0.64790775 569.03665026
12707 0.70377449 0.23491051 0.63903263 569.70021077
12708 0.69759670 0.23732720 0.61522788 563.83270590
12709 0.69563704 0.23569879 0.59088244 564.50753228
12710 0.70115303 0.22018598 0.61651250 565.90830969
12711 0.69847156 0.18701950 0.60174558 563.96619210
12712 0.69378259 0.17771028 0.56449767 565.91805674
12713 0.69381113 0.19911392 0.58774573 565.29152187
12714 0.69816216 0.21251346 0.62382066 563.08897886
12715 0.69474377 0.20979511 0.60647596 564.46116608
12716 0.69385615 0.23899798 0.59635728 564.43352185
12717 0.69471128 0.26587455 0.58720813 568.13942552
12718 0.69370182 0.25924159 0.57819058 567.53071489
12719 0.69745866 0.25291539 0.59614265 567.66520650
12720 0.69094950 0.26797785 0.60704834 567.34675931
12721 0.69177798 0.27539299 0.58824804 568.39910815
12722 0.69283863 0.26364516 0.60362750 565.92278807
12723 0.69206234 0.25093390 0.59624321 565.86938554
12724 0.69563619 0.26068868 0.59897845 566.60605424
12725 0.69296032 0.27708623 0.59021780 568.58940487
12726 0.69212631 0.27583309 0.58203132 569.06156383
12727 0.69547670 0.25001084 0.57347962 568.00922625
12728 0.69612358 0.24643311 0.57439414 567.99274313
12729 0.70103119 0.21261638 0.59405102 567.52806416
12730 0.70091118 0.20946515 0.59104471 567.32885398
12731 0.69799056 0.23719169 0.59039232 566.67090677
12732 0.70062099 0.21179095 0.59898421 566.19022846
12733 0.69994745 0.19748719 0.59682751 564.63157939
12734 0.69730907 0.22126630 0.60336256 563.48200841
12735 0.70254294 0.18491336 0.62899468 565.73948260
12736 0.70135306 0.16165041 0.61929825 567.08328219
12737 0.69780247 0.17367633 0.62063014 567.08485916
12738 0.70141178 0.19866963 0.63055384 564.45046842
12739 0.69883933 0.19368396 0.64693776 565.52364245
12740 0.69737834 0.21163888 0.64901960 564.51964506
12741 0.70047129 0.23852583 0.63468551 564.91467992
12742 0.70210900 0.21459181 0.63994135 564.83778485
12743 0.70194320 0.22386096 0.64374464 564.80781586
12744 0.70021319 0.22131683 0.65527891 563.08509733
12745 0.69905230 0.22450396 0.66873770 563.34433135
12746 0.70340361 0.23123889 0.68016057 564.57426520
12747 0.69674754 0.22115700 0.67443848 566.51880078
12748 0.69837889 0.23991360 0.65781846 562.55716876
12749 0.70175627 0.23140514 0.64814441 564.70764786
12750 0.69176275 0.25894668 0.66843649 569.75792566
12751 0.69351362 0.25554082 0.64741698 565.11113992
12752 0.70139464 0.22706706 0.69971865 563.99288954
12753 0.69671593 0.27431980 0.70218006 563.30448221
12754 0.69876643 0.26912894 0.71249747 562.52764634
12755 0.70108487 0.29811863 0.72516214 563.53158795
12756 0.70121457 0.28180518 0.71736634 562.86157566
12757 0.69749341 0.29306674 0.69717609 563.15885189
12758 0.69627328 0.29180972 0.69213872 563.44488324
12759 0.69806139 0.29292204 0.68325046 564.10785500
12760 0.69771392 0.30567725 0.72486539 563.04788767
12761 0.69657747 0.29032919 0.70751461 563.24326763
12762 0.69727862 0.27433185 0.67621196 562.88597783
12763 0.69581093 0.25813922 0.66869031 563.43851388
12764 0.69748500 0.23961932 0.61879009 563.69480058
12765 0.69744052 0.24014339 0.62740518 563.21820164
12766 0.69420323 0.24675765 0.63806158 564.30164991
12767 0.70032707 0.22872497 0.65138682 563.14123271
12768 0.69937216 0.22389429 0.64929358 562.87188538
12769 0.69744379 0.24304588 0.61113073 564.55534946
12770 0.69349414 0.23162939 0.63697742 566.21337236
12771 0.70109175 0.23861539 0.64785223 564.46626292
12772 0.70239748 0.23357444 0.64191717 566.42981359
12773 0.70135348 0.24905923 0.63419491 567.67671975
12774 0.69689436 0.26865482 0.63520791 564.77917297
12775 0.70209828 0.22765234 0.64932440 564.79926660
12776 0.69199770 0.22129388 0.61880789 568.37361008
12777 0.69707907 0.20853837 0.63638005 564.20991925
12778 0.69861923 0.23510221 0.64261728 562.80546441
12779 0.69557333 0.25058076 0.61415787 564.12922995
12780 0.69557145 0.22702296 0.60551042 563.43716167
12781 0.69439852 0.21870788 0.60390698 564.15611108
12782 0.69590050 0.24956189 0.59193870 566.04879367
12783 0.69594572 0.24333444 0.60882629 563.99989085
12784 0.69552393 0.25491942 0.62030357 564.08579718
12785 0.69332578 0.25673436 0.61452610 564.90302986
12786 0.69077687 0.27255602 0.60557277 567.75432673
12787 0.69118386 0.25030101 0.58773558 566.70725142
12788 0.69580089 0.20507828 0.56539387 564.21168240
12789 0.69265731 0.20826353 0.57522853 565.39239777
12790 0.69159496 0.22237309 0.54669226 566.29595641
12791 0.69653940 0.21302282 0.56686774 564.97676219
12792 0.69466713 0.22481671 0.59380135 563.85166648
12793 0.69442503 0.20843185 0.59280910 564.28258398
12794 0.70028900 0.22736139 0.56537186 573.40917408
12795 0.69520403 0.23821718 0.57639742 565.77431640
12796 0.69154191 0.22379826 0.55176348 566.22174636
12797 0.69150960 0.22589978 0.53659044 567.06076774
12798 0.69582840 0.21396466 0.58165145 563.81306690
12799 0.69831548 0.18912024 0.57079422 564.54197414
12800 0.69261329 0.21181915 0.55017373 565.30961206
12801 0.70004000 0.16344058 0.55437168 566.37762239
12802 0.69897519 0.16283940 0.56647538 565.13942453
12803 0.69954555 0.15628593 0.58015597 565.83440470
12804 0.69804998 0.18185782 0.58015048 564.09064808
12805 0.70219015 0.14854264 0.58061639 567.80599400
12806 0.69575835 0.15869304 0.58355477 567.96670310
12807 0.69845262 0.14527782 0.58543492 567.93193431
12808 0.69903689 0.15645862 0.58506332 566.01185306
12809 0.69969240 0.17613550 0.56159385 565.90713481
12810 0.69964960 0.16256468 0.56337829 565.59205639
12811 0.69867680 0.15064403 0.55352971 565.68096973
12812 0.70146612 0.15268338 0.54514140 568.64260774
12813 0.69780308 0.15002570 0.56635342 566.11587569
12814 0.69716773 0.15626266 0.54769059 565.09880948
12815 0.69872359 0.15273770 0.59181333 567.08712447
12816 0.69373302 0.18027628 0.59543598 568.65355534
12817 0.70041840 0.17181731 0.61978553 565.82517215
12818 0.70467466 0.21885035 0.64048616 569.34523367
12819 0.70200821 0.24148622 0.66441545 564.41910319
12820 0.69786462 0.24468207 0.65561438 562.58317904
12821 0.69613232 0.24006696 0.65322066 563.40472619
12822 0.69953793 0.23260059 0.68404564 563.22575881
12823 0.69527913 0.25074028 0.68376884 565.60136973
12824 0.70619784 0.20721030 0.67624280 568.21847326
12825 0.70002472 0.20867144 0.65475460 563.76004323
12826 0.70156436 0.23281288 0.64538873 564.79824405
12827 0.69507169 0.22197054 0.63190783 564.58618369
12828 0.69690151 0.23850807 0.65125863 562.92369216
12829 0.69796649 0.23827859 0.66278067 562.72811882
12830 0.70356180 0.24507864 0.67507752 565.93631917
12831 0.70086462 0.24550012 0.66782731 563.29428708
12832 0.70173049 0.25450020 0.69442081 563.04199369
12833 0.69735803 0.27918796 0.70648445 562.83252204
12834 0.69783800 0.26375579 0.70204944 562.91662194
12835 0.70250002 0.26335445 0.70721464 563.41912905
12836 0.70460741 0.23937180 0.68725234 566.05238512
12837 0.69842470 0.24889800 0.69215213 562.97222507
12838 0.69654953 0.25051297 0.67403505 563.38020406
12839 0.70186986 0.25614914 0.68181639 563.97447884
12840 0.69952979 0.25327200 0.65908438 563.25557238
12841 0.69772994 0.27244552 0.65581456 563.94297470
12842 0.69368980 0.27217977 0.67842274 565.73042329
12843 0.69294893 0.28980316 0.66395082 565.83469470
12844 0.69836505 0.30327068 0.69605031 564.42226541
12845 0.69763234 0.30323153 0.70146190 563.73306311
12846 0.69347384 0.30077693 0.70450189 566.31410684
12847 0.70080295 0.29226382 0.70422684 564.40556624
12848 0.69696050 0.28145945 0.70057837 562.93105495
12849 0.69557036 0.29751710 0.72542287 564.68522171
12850 0.69657826 0.30416847 0.69438531 564.07773513
12851 0.70093617 0.29167552 0.72136606 563.11815638
12852 0.69458692 0.30297655 0.69065634 564.80563334
12853 0.69964579 0.26197444 0.66716482 563.42718000
12854 0.69916313 0.26567311 0.68271718 562.56860582
12855 0.70210852 0.25501236 0.70016360 563.10922532
12856 0.69836766 0.26235152 0.71473404 563.28736174
12857 0.69934940 0.27770142 0.68800948 563.08094584
12858 0.69686090 0.26386427 0.67566981 562.80009560
12859 0.69874898 0.25576087 0.70291579 562.84026038
12860 0.69765043 0.24775858 0.69176448 563.63436983
12861 0.70438195 0.22006785 0.69504755 565.25451966
12862 0.70524459 0.21407688 0.72146689 566.99361222
12863 0.70652225 0.22528410 0.71562118 567.03563295
12864 0.70735102 0.22186344 0.69021508 569.75888863
12865 0.70270170 0.22183997 0.73163372 567.05439749
12866 0.70070933 0.22676087 0.73076057 567.80311601
12867 0.70087742 0.20172342 0.72319314 572.65716515
12868 0.70964567 0.21633552 0.71189874 572.66876263
12869 0.70665585 0.20716820 0.70437448 568.14674296
12870 0.70430658 0.20218939 0.70596111 567.38984060
12871 0.70622524 0.22566882 0.71193812 566.73776187
12872 0.70848503 0.22293736 0.72268087 569.77388197
12873 0.70708065 0.21407556 0.73515723 568.68987070
12874 0.70348391 0.22859126 0.75325550 567.98284341
12875 0.70344508 0.24661053 0.76171847 565.74958562
12876 0.70040493 0.26333783 0.72341587 562.55173358
12877 0.69561333 0.26043250 0.68353949 564.22423842
12878 0.70449189 0.23971991 0.69160272 565.57044424
12879 0.69914326 0.22613325 0.65132170 562.79858017
12880 0.69707189 0.26283282 0.64605388 563.50187408
12881 0.69887930 0.26764459 0.64070231 565.87318544
12882 0.69861469 0.27010067 0.61334908 570.01970077
12883 0.69223427 0.26689805 0.60995889 566.17432967
12884 0.69611218 0.25261973 0.60883483 564.89196453
12885 0.69029339 0.22736178 0.60538008 569.81778987
12886 0.69591829 0.19183108 0.60019792 564.60064115
12887 0.69622399 0.19527219 0.63887313 567.36855946
12888 0.69586324 0.22199989 0.62585715 563.56107597
12889 0.69735390 0.22620899 0.65195440 563.33368293
12890 0.70095577 0.19444641 0.63946327 564.43066869
12891 0.69566930 0.22314707 0.62474047 563.60230689
12892 0.69493767 0.23283425 0.62246949 563.69550755
12893 0.69508115 0.20264148 0.62245935 565.98604736
12894 0.69952257 0.17071640 0.61201654 565.67141949
12895 0.69746410 0.17744504 0.58607107 564.38539235
12896 0.69577779 0.18084382 0.57609493 564.50921280
12897 0.70025441 0.14873160 0.56606728 566.46909947
12898 0.69307792 0.17974132 0.52858605 565.23525727
12899 0.69447629 0.16908160 0.50967528 565.38877225
12900 0.69270812 0.17589100 0.50737658 565.70009535
12901 0.69890534 0.19323811 0.55671017 566.58710663
12902 0.69612926 0.18859725 0.54847840 564.54604590
12903 0.69462614 0.17094927 0.51848040 565.08707501
12904 0.69409316 0.15654269 0.51804199 565.46808003
12905 0.69529185 0.16496374 0.54542658 564.94477095
12906 0.69570403 0.17343517 0.55308610 564.46788157
12907 0.69545166 0.16053064 0.56204480 566.01876392
12908 0.69597402 0.16864376 0.60245669 568.10059844
12909 0.69834131 0.17371958 0.60425987 565.25484194
12910 0.70041816 0.19647517 0.60115506 564.78674684
12911 0.69984330 0.19120388 0.60079879 564.27490575
12912 0.69663461 0.19307989 0.60210256 564.09092808
12913 0.69516483 0.20597279 0.58754450 563.80516512
12914 0.69388773 0.22629214 0.61287932 564.58275396
12915 0.70346210 0.24106427 0.61582313 574.34772923
12916 0.69194076 0.27191012 0.60858654 566.73124263
12917 0.69464556 0.26199928 0.61949317 564.63132056
12918 0.69425833 0.25746016 0.61013336 564.81861255
12919 0.69393947 0.25699141 0.64393047 564.46297508
12920 0.69165114 0.25085255 0.64962176 568.82506221
12921 0.70060667 0.23828715 0.65270244 563.59801463
12922 0.70299418 0.25561997 0.68381538 565.19296675
12923 0.70430710 0.23675648 0.69161882 565.19810336
12924 0.70263502 0.24364966 0.66231166 565.63796617
12925 0.69667791 0.23732135 0.63784394 562.89864395
12926 0.69591340 0.26581769 0.63915110 563.88316195
12927 0.69632895 0.22285071 0.63620280 563.57182981
12928 0.70048011 0.25574743 0.65987901 564.23047499
12929 0.69864309 0.23403139 0.68148563 563.43510359
12930 0.69402928 0.24847795 0.65536357 565.30283927
12931 0.69894973 0.26707893 0.67695737 562.79721381
12932 0.69659167 0.28520050 0.66733707 563.92853723
12933 0.69695108 0.27414729 0.62605260 566.55978308
12934 0.69184537 0.28779523 0.62933386 567.18479692
12935 0.69675335 0.26636651 0.63925548 564.13286888
12936 0.70189434 0.28034907 0.68386836 566.58039366
12937 0.70137989 0.28510507 0.67993497 567.04752888
12938 0.70027911 0.25700783 0.66204299 563.95312164
12939 0.69483017 0.26584298 0.70165132 566.42247249
12940 0.69710666 0.29771366 0.72380213 563.15905485
12941 0.70062289 0.30724604 0.77381991 562.49195961
12942 0.69872742 0.29532984 0.70708287 563.07323732
12943 0.69928108 0.27159139 0.69605796 562.39989399
12944 0.69793326 0.29382616 0.68655244 563.89246144
12945 0.70189602 0.29253163 0.71506941 564.63478285
12946 0.70385492 0.26397104 0.73832275 563.45639943
12947 0.70589123 0.24970951 0.76240038 565.50970873
12948 0.70237465 0.26914005 0.77893473 564.81076523
12949 0.70239149 0.28678139 0.76922665 562.66185190
12950 0.69676783 0.30230379 0.74485766 564.15883507
12951 0.69952224 0.32893030 0.72375861 566.27299493
12952 0.69734055 0.32879039 0.72134484 565.06281338
12953 0.69643981 0.31136107 0.69673567 564.60673685
12954 0.70080008 0.30011264 0.69669245 566.38781128
12955 0.69136837 0.29524333 0.66882878 568.07277739
12956 0.69786142 0.28053741 0.70707161 562.58032375
12957 0.69889557 0.25559323 0.66492720 562.74547279
12958 0.69539490 0.28360291 0.66820087 563.89140049
12959 0.70059015 0.26735166 0.65042924 566.96731712
12960 0.69735002 0.27779008 0.65951259 563.99852642
12961 0.69514137 0.29539873 0.62108385 569.27255139
12962 0.68922845 0.26817219 0.62360938 570.42376029
12963 0.69031886 0.29145207 0.59923217 570.01261685
12964 0.69246331 0.27551445 0.61926283 566.27751822
12965 0.69521704 0.28096479 0.63228184 565.71498988
12966 0.69346600 0.28449449 0.64502126 565.44245005
12967 0.69187876 0.24423831 0.63813836 567.91406589
12968 0.69514861 0.22796020 0.62107626 563.66628849
12969 0.69728081 0.22345061 0.61608830 563.07492490
12970 0.69618507 0.21787926 0.62692033 563.61363159
12971 0.70272521 0.20302295 0.63405325 565.58028308
12972 0.69295995 0.23101779 0.61104890 565.32301867
12973 0.69231077 0.23618601 0.59984791 565.52972481
12974 0.69667980 0.24628755 0.59810598 565.58807343
12975 0.69730519 0.19111232 0.59244358 563.73417358
12976 0.69894228 0.18011548 0.56930553 564.85148488
12977 0.70094752 0.15687697 0.59324864 566.45909666
12978 0.70472378 0.17389262 0.62502606 568.63680975
12979 0.70360925 0.21337778 0.65255342 565.88315149
12980 0.69872190 0.23289887 0.66087335 562.69733478
12981 0.69773521 0.24433000 0.66859186 562.72080626
12982 0.69857336 0.24017504 0.65078200 562.66653775
12983 0.70001561 0.26105948 0.69896345 562.31418606
12984 0.70003521 0.26644564 0.69071601 562.63032454
12985 0.69366527 0.26908534 0.67047849 565.45244030
12986 0.70172979 0.24371671 0.63712762 567.14346517
12987 0.69884011 0.25171855 0.63505751 564.43943125
12988 0.69657131 0.25708318 0.64651062 563.09703072
12989 0.69673060 0.28806797 0.65382156 565.34563948
12990 0.69615344 0.29638032 0.69171665 563.70388434
12991 0.69764624 0.28036919 0.71403014 562.82663270
12992 0.70168474 0.26324204 0.76150613 564.36680176
12993 0.70523100 0.23681495 0.70642607 565.62937114
12994 0.69733793 0.23699008 0.70134351 566.36863123
12995 0.70166818 0.23951775 0.71732414 563.71034056
12996 0.70073726 0.27394827 0.74139712 562.56684123
12997 0.70321260 0.25874099 0.73237235 563.19073099
12998 0.70546134 0.25994550 0.75906544 564.56848831
12999 0.70661907 0.23625220 0.76166052 567.16991926
13000 0.70669576 0.24796137 0.75455592 566.06165012
13001 0.70809757 0.23093770 0.75508521 568.53188484
13002 0.69630943 0.26005761 0.71825871 566.54247505
13003 0.70270734 0.27448571 0.70580689 564.56451781
13004 0.70283750 0.26156889 0.69811970 564.25614780
13005 0.70122480 0.26636046 0.72491456 562.41754974
13006 0.70298047 0.24890394 0.71877115 563.31701626
13007 0.70794043 0.24801044 0.71739299 570.19761672
13008 0.70601290 0.26481688 0.69172046 571.51903975
13009 0.70527324 0.23769838 0.68504086 567.25796239
13010 0.69494201 0.26288550 0.70641761 567.15058374
13011 0.70210878 0.29328613 0.71856034 564.64383521
13012 0.69633082 0.32061192 0.73954773 564.14207790
13013 0.69749803 0.33984008 0.76311214 564.20425048
13014 0.70523833 0.30675046 0.72733088 571.58855981
13015 0.70334725 0.32314838 0.72885525 570.54186473
13016 0.69629430 0.31136472 0.71106000 564.01224775
13017 0.69744455 0.32646018 0.72117336 564.82640128
13018 0.69505840 0.32516857 0.74361169 565.50764016
13019 0.69932734 0.33650130 0.80490933 563.65647622
13020 0.70484808 0.35278066 0.81144970 566.90742086
13021 0.69444631 0.33433005 0.76993389 567.75412601
13022 0.69683117 0.33305000 0.77169403 564.55351731
13023 0.69691781 0.33802249 0.78528353 564.98683070
13024 0.69735612 0.34326786 0.77869190 564.39744884
13025 0.69633444 0.35791551 0.77213674 565.78151035
13026 0.69658653 0.35302310 0.79229687 565.56555213
13027 0.69490621 0.34049739 0.77771101 567.27442382
13028 0.69488249 0.33579055 0.72126761 566.06275783
13029 0.69479514 0.31483965 0.71134894 565.01623714
13030 0.69701735 0.32789785 0.68687531 568.25560074
13031 0.69544037 0.28657381 0.67818198 563.80657263
13032 0.69977124 0.26471678 0.73727219 563.53133628
13033 0.70326542 0.27868336 0.75700764 562.87684937
13034 0.70206949 0.25911995 0.74489390 563.39172499
13035 0.69583080 0.26589959 0.73448830 568.83037210
13036 0.70171183 0.24306906 0.75419806 566.73095046
13037 0.70148868 0.26559587 0.75394234 563.58560446
13038 0.70479785 0.26211325 0.74508623 564.08084999
13039 0.70186147 0.26793287 0.73998725 562.65478138
13040 0.70300330 0.26332051 0.72800823 563.06831155
13041 0.70450377 0.30033378 0.76659454 564.25451945
13042 0.70571081 0.27326288 0.75275942 564.97399978
13043 0.69913425 0.30436343 0.76544717 562.98492220
13044 0.70039855 0.30590236 0.75335039 562.44412762
13045 0.69376559 0.30180320 0.72794876 567.46982773
13046 0.70394912 0.28101556 0.71115240 566.68429618
13047 0.69317649 0.29823140 0.68902522 566.12269885
13048 0.69701955 0.30871303 0.68732700 565.13266652
13049 0.69539940 0.32650342 0.70825745 565.56082736
13050 0.69535393 0.33941970 0.72252847 566.18110627
13051 0.69750728 0.32500097 0.75464676 563.61053932
13052 0.69734455 0.32660254 0.75416969 563.74283892
13053 0.70091790 0.30263145 0.77770974 562.62278985
13054 0.69863547 0.32064247 0.77872146 563.41702875
13055 0.70161439 0.29064087 0.79649013 564.37863909
13056 0.70414932 0.28603662 0.77438555 563.19364771
13057 0.70193212 0.30222851 0.77188505 562.42772699
13058 0.70042053 0.33696142 0.77373652 563.68872260
13059 0.70117926 0.32627847 0.82391375 563.76680233
13060 0.70426188 0.34204539 0.82027487 564.10952650
13061 0.70270650 0.34435187 0.84959911 563.57880032
13062 0.70138699 0.32707807 0.82042335 563.36654482
13063 0.70663504 0.34360154 0.87007861 564.57941858
13064 0.70845346 0.37483542 0.90461915 566.92182174
13065 0.70593724 0.39183291 0.89324349 566.45534727
13066 0.70125838 0.37695890 0.87793525 565.02742949
13067 0.70229409 0.35156726 0.85811120 563.94651696
13068 0.70221644 0.34742741 0.84641170 563.55034876
13069 0.70066954 0.35621013 0.81568513 563.71204167
13070 0.70585763 0.33513021 0.82645630 564.79757950
13071 0.70478166 0.34598339 0.84187199 563.88640380
13072 0.70537749 0.34826132 0.87662432 564.21324253
13073 0.70431171 0.32875888 0.86590545 564.92103874
13074 0.70364262 0.35347869 0.86288098 563.71301173
13075 0.70426140 0.34815723 0.85332815 563.58795746
13076 0.69985123 0.36281777 0.85289028 565.10259974
13077 0.69699562 0.37707902 0.80337078 566.36762702
13078 0.70122767 0.36674999 0.83160896 564.10045287
13079 0.69882295 0.35562380 0.81632887 564.34877583
13080 0.69942578 0.35314779 0.83070301 564.45933753
13081 0.69985070 0.36765161 0.86719785 565.97910903
13082 0.70829021 0.34771235 0.87207376 566.24936854
13083 0.70718025 0.33870864 0.85625441 565.09861215
13084 0.70613872 0.35289931 0.89753481 564.98427776
13085 0.70224778 0.36143734 0.90169061 567.19727018
13086 0.70772375 0.35257458 0.88381891 565.49545251
13087 0.70790886 0.35069965 0.87465255 565.86432128
13088 0.70338353 0.35354885 0.89276196 565.76478069
13089 0.70794165 0.33585290 0.89797755 566.16838592
13090 0.71044888 0.34610973 0.93547764 568.60066456
13091 0.70274909 0.35260681 0.90733490 568.54341676
13092 0.69902294 0.38734288 0.92239213 572.75377788
13093 0.70445755 0.36987584 0.91121644 565.42734975
13094 0.70569266 0.37457528 0.89742767 564.81256190
13095 0.70397230 0.39426837 0.86124578 567.23299399
13096 0.69979016 0.39529577 0.87710159 566.15720666
13097 0.69855230 0.38593989 0.85585954 566.28665414
13098 0.69826736 0.38790526 0.83866077 566.17954691
13099 0.69920010 0.39313034 0.83694386 566.25855060
13100 0.70022641 0.40927124 0.81186244 571.89185222
13101 0.70252353 0.41842148 0.85751874 570.55955945
13102 0.70175158 0.40382533 0.84375636 568.36052282
13103 0.69720778 0.39112833 0.84201638 567.27477724
13104 0.70306961 0.39114184 0.84669130 567.13988723
13105 0.70223637 0.38498961 0.83146713 566.76434582
13106 0.69940594 0.39569552 0.84548540 566.22742035
13107 0.69856126 0.40427928 0.87530223 567.39683238
13108 0.70098423 0.39123985 0.87001528 565.23955603
13109 0.70166563 0.37457039 0.90698329 567.20530888
13110 0.70364074 0.37197710 0.89737669 564.81923800
13111 0.70598658 0.39467882 0.92944562 565.72852989
13112 0.70505922 0.38520548 0.94263012 566.74673210
13113 0.70261880 0.39996511 0.92394922 566.32991946
13114 0.70430208 0.39815008 0.92855789 565.76107529
13115 0.70793185 0.34890119 0.89870535 565.63287604
13116 0.70617050 0.35090221 0.89089622 564.75725603
13117 0.70471548 0.33991659 0.85863156 563.75748034
13118 0.70571944 0.35252642 0.88264053 564.37598858
13119 0.70873511 0.36258715 0.88759164 567.17607463
13120 0.70550534 0.36064278 0.88088446 564.32868441
13121 0.70000540 0.38248236 0.86876521 565.51026372
13122 0.70341286 0.39054364 0.89841065 564.99129186
13123 0.69953281 0.37295495 0.84931331 565.04659759
13124 0.69658760 0.37734159 0.85376733 569.19286904
13125 0.70199517 0.38006135 0.82873550 566.04036393
13126 0.70358797 0.36559137 0.85519341 564.05586254
13127 0.69982124 0.36673062 0.84231735 564.54649934
13128 0.70013466 0.37060774 0.86559608 565.40586118
13129 0.70441556 0.36789043 0.88652548 564.28801265
13130 0.70488524 0.39102475 0.89569438 565.42062678
13131 0.70653925 0.39795671 0.91147922 566.68651044
13132 0.70362490 0.40235905 0.87838949 566.71080068
13133 0.70344734 0.40910647 0.87610811 567.76233045
13134 0.70193013 0.40551336 0.85857900 567.42157879
13135 0.69644998 0.38826219 0.86320212 569.79618019
13136 0.69682444 0.38967702 0.86269566 569.01049124
13137 0.70625857 0.41871994 0.86130936 577.11870289
13138 0.69827052 0.38637850 0.83666712 566.08127944
13139 0.69649562 0.38696252 0.84089355 568.01921260
13140 0.70511205 0.37002185 0.84630077 566.29806492
13141 0.70102905 0.35459142 0.85543180 564.51687616
13142 0.70293327 0.35430884 0.86272342 563.83195739
13143 0.70114444 0.33035742 0.83115483 564.05400667
13144 0.69663712 0.32571184 0.81248509 569.24712812
13145 0.69493423 0.34004877 0.80797424 570.53393876
13146 0.69870539 0.34328796 0.83070256 565.78549183
13147 0.69602071 0.33963877 0.80586194 567.96242284
13148 0.69576538 0.36117165 0.78832943 566.47920280
13149 0.69711809 0.33429253 0.77384079 564.35296716
13150 0.69535087 0.35715083 0.78333076 566.72737877
13151 0.70304833 0.32729703 0.78450929 563.86248795
13152 0.70089547 0.32740216 0.78860507 562.74296494
13153 0.69922738 0.33282157 0.82637333 565.53234079
13154 0.69889575 0.32557169 0.80829806 564.84892054
13155 0.70223918 0.28015907 0.78123900 563.77659673
13156 0.70027618 0.30450202 0.76621301 562.46112846
13157 0.69623813 0.31573977 0.76206407 565.27367807
13158 0.69702516 0.30140327 0.75964333 564.99443405
13159 0.69298069 0.32197975 0.72669619 567.75338460
13160 0.70142580 0.30661764 0.72491433 564.86687004
13161 0.69901666 0.29448725 0.72735824 562.44705403
13162 0.70346319 0.26685584 0.72541663 563.57053211
13163 0.69519846 0.26491347 0.70715217 566.49042309
13164 0.70069831 0.23091109 0.72161080 565.78324834
13165 0.70322968 0.27357191 0.72683383 563.56880303
13166 0.70049569 0.26140877 0.71435728 562.39406705
13167 0.70206902 0.26691342 0.71748410 562.79326456
13168 0.70309621 0.28067066 0.72738851 563.84048682
13169 0.70120056 0.29540599 0.74018642 562.59437504
13170 0.70535802 0.32232495 0.78667794 565.98611303
13171 0.70028782 0.33233211 0.79454603 562.93422850
13172 0.69691395 0.32124606 0.79365065 566.73982884
13173 0.70617894 0.30809694 0.81003767 564.36710197
13174 0.70232048 0.34831142 0.81839239 563.45524491
13175 0.69853216 0.33760016 0.82265444 565.70479992
13176 0.70277845 0.34579139 0.80151834 564.36559126
13177 0.69697174 0.32913317 0.77521700 564.61531460
13178 0.69647109 0.30342482 0.76249135 565.92943144
13179 0.70023795 0.31249540 0.72166563 564.72174352
13180 0.69278663 0.33491161 0.74298795 568.76935434
13181 0.69570034 0.33445679 0.69981674 567.15790797
13182 0.69691407 0.32323888 0.69121134 566.81899459
13183 0.69539505 0.29468909 0.70420103 564.09381936
13184 0.69204137 0.30388733 0.69488729 568.02550311
13185 0.69442896 0.25981770 0.69665632 567.36950138
13186 0.69589426 0.27869650 0.69104605 563.50194831
13187 0.69955175 0.27480158 0.70233610 562.39189320
13188 0.69827262 0.28022791 0.70352381 562.46395085
13189 0.69811299 0.30558317 0.73609743 562.84387149
13190 0.69922635 0.28193112 0.71001381 562.37979570
13191 0.70173579 0.29629507 0.70631032 565.90640541
13192 0.69499627 0.27924202 0.71076135 565.65069890
13193 0.70289924 0.25936954 0.69724572 564.23831322
13194 0.70695169 0.25496141 0.74094541 566.71441473
13195 0.70474541 0.26628619 0.73564076 564.40681280
13196 0.70162848 0.26191886 0.73695914 562.88682577
13197 0.70063461 0.26144826 0.72976809 562.85187089
13198 0.69857996 0.29667652 0.74027032 562.66029264
13199 0.69512829 0.30560217 0.74735764 566.50195497
13200 0.69825014 0.33211036 0.72618721 565.48868287
13201 0.70098263 0.33461238 0.72126443 569.80436007
13202 0.69448189 0.32351046 0.68885779 566.49710490
13203 0.69455609 0.30745018 0.67000038 565.87201794
13204 0.69577455 0.29761973 0.65567600 565.96837523
13205 0.69719076 0.27173074 0.62600934 566.42428999
13206 0.69699533 0.26634982 0.66266691 562.96072484
13207 0.69234995 0.25896036 0.64509285 566.47860294
13208 0.69972089 0.23789606 0.61998316 565.43464123
13209 0.69781443 0.18340749 0.58997694 564.02823869
13210 0.69503647 0.16720716 0.56127916 565.56668373
13211 0.69968806 0.15948102 0.56214455 565.71455611
13212 0.69996161 0.15528045 0.53634301 567.31621126
13213 0.69850834 0.17391757 0.55977547 564.90734042
13214 0.69676286 0.17790982 0.58896651 564.75550633
13215 0.69771799 0.17107711 0.59737123 565.45896047
13216 0.69658449 0.17964485 0.60401259 565.70810060
13217 0.69722676 0.16862252 0.59748604 566.15360908
13218 0.69664960 0.15158280 0.57631525 567.42198316
13219 0.69867251 0.14676751 0.56284946 566.15840973
13220 0.70201457 0.15390257 0.56046525 568.31262881
13221 0.69965915 0.16163250 0.55916571 565.75787202
13222 0.69487596 0.17654269 0.56631078 565.06846000
13223 0.69423031 0.18807194 0.57131818 564.91394468
13224 0.69684021 0.18011395 0.60885948 565.81672936
13225 0.69978850 0.18715718 0.56793149 566.10788737
13226 0.70089321 0.16654730 0.57607795 566.14322326
13227 0.69952347 0.16309482 0.55041574 566.07157514
13228 0.69901974 0.15800527 0.55908735 565.43060230
13229 0.69405276 0.15695687 0.56450703 568.49043982
13230 0.70069163 0.15852959 0.56290879 566.56052556
13231 0.69831158 0.16112220 0.53793180 565.66213625
13232 0.69490320 0.16770161 0.55856240 565.47529474
13233 0.69861705 0.18474396 0.55299611 565.89030363
13234 0.69835617 0.19086068 0.57318512 564.49284352
13235 0.69720057 0.17754607 0.57549375 564.21381400
13236 0.69665934 0.17442763 0.54348591 564.64432729
13237 0.70166756 0.14878780 0.56229331 567.75447514
13238 0.69446564 0.16345937 0.56369624 566.79489676
13239 0.69479070 0.15234801 0.54338593 566.34237643
13240 0.70221063 0.16050622 0.55140837 569.75797625
13241 0.69805459 0.15121850 0.51423859 566.65754344
13242 0.69865054 0.14567883 0.51359381 567.13890351
13243 0.69564211 0.13328753 0.54784331 568.77395167
13244 0.70055431 0.13653836 0.51923463 568.85965833
13245 0.70017891 0.11171477 0.53220130 569.26123107
13246 0.69641710 0.12250424 0.50206827 566.84706111
13247 0.69591671 0.13649156 0.50069259 566.01979927
13248 0.69631604 0.16061514 0.51776069 565.42226678
13249 0.69603927 0.15374043 0.52353534 565.20457113
13250 0.69186564 0.16882202 0.52607649 566.77639597
13251 0.69673376 0.17342753 0.51491027 566.58564078
13252 0.70004809 0.13171107 0.52407911 567.90685558
13253 0.69950006 0.13309979 0.53293002 567.14351774
13254 0.69566976 0.14881760 0.54917884 566.42596145
13255 0.69413125 0.14783168 0.54564812 567.88282194
13256 0.69617804 0.16455560 0.56016088 565.01738773
13257 0.69666450 0.15395624 0.53792607 565.16325048
13258 0.69388424 0.19355838 0.53659054 564.90169439
13259 0.69289890 0.17870507 0.51067676 565.59893214
13260 0.69859682 0.16832490 0.50794201 569.45567117
13261 0.69131275 0.16517561 0.47847518 566.84187859
13262 0.69082081 0.17306920 0.45887471 568.31568885
13263 0.69451254 0.16431873 0.44739955 571.40261193
13264 0.68705254 0.16597213 0.46045940 571.18447747
13265 0.68998322 0.14597101 0.44333413 568.20640565
13266 0.69570761 0.13721632 0.47132603 567.18107417
13267 0.70092009 0.11798632 0.47049015 573.80245605
13268 0.69081681 0.11368531 0.47675093 571.50601417
13269 0.68689940 0.11763760 0.42162303 573.11241380
13270 0.69389188 0.09788482 0.44146419 568.20079352
13271 0.69513544 0.12921381 0.43714058 569.25973068
13272 0.69307088 0.14002760 0.45259052 567.19445222
13273 0.69224643 0.13559586 0.43965100 567.63118377
13274 0.69140840 0.11298672 0.43132658 568.19531182
13275 0.69163848 0.12304144 0.44614861 567.67574912
13276 0.69494455 0.12478555 0.44894387 567.76587829
13277 0.69558349 0.12835950 0.45775290 567.73241206
13278 0.69517683 0.12015333 0.44564326 568.00531725
13279 0.69742731 0.09454146 0.48165509 569.06243530
13280 0.69199720 0.11664409 0.46039527 568.19647988
13281 0.69668204 0.11030447 0.45655130 568.29519438
13282 0.69620767 0.12791435 0.47255809 567.20550906
13283 0.69596047 0.13240608 0.47828030 566.79807726
13284 0.69438816 0.12834315 0.47210610 566.57582402
13285 0.68913840 0.13268412 0.44210165 569.32283692
13286 0.69093651 0.11781378 0.40558143 568.87510974
13287 0.69045455 0.11613142 0.43259569 568.72148146
13288 0.69426456 0.08856071 0.42981446 568.72719862
13289 0.69343987 0.07771194 0.42165052 569.67593042
13290 0.69740567 0.07311495 0.42157511 571.13064088
13291 0.69508731 0.08402730 0.43917560 569.11570232
13292 0.69138277 0.09215433 0.43119738 569.98319861
13293 0.68990908 0.10297253 0.43680117 570.85975930
13294 0.68688435 0.11971755 0.42197491 572.93801516
13295 0.69134536 0.13307228 0.44268893 567.59087471
13296 0.69089537 0.15369448 0.47378709 567.20045550
13297 0.69909965 0.12322811 0.48474127 569.21344321
13298 0.69494969 0.13198435 0.47438123 566.54010350
13299 0.69455090 0.15495208 0.47121276 567.34408713
13300 0.69384513 0.13615757 0.49641333 566.44170934
13301 0.69266467 0.14364247 0.50202335 566.92046450
13302 0.69556829 0.14131758 0.53157556 566.34086292
13303 0.69787401 0.14396217 0.50739356 566.73813232
13304 0.69206156 0.16526813 0.50090028 566.14208169
13305 0.69370092 0.15003579 0.51229668 565.95910549
13306 0.69953748 0.14762871 0.52047149 567.74230075
13307 0.69895433 0.16672233 0.53315410 566.89016789
13308 0.69547154 0.17932337 0.50717881 566.67786284
13309 0.69383600 0.18859151 0.52145082 565.41795117
13310 0.69909993 0.19332712 0.53186719 570.35533682
13311 0.69220398 0.19516416 0.53250480 565.59200704
13312 0.68810656 0.20334590 0.53278880 570.60759046
13313 0.69335220 0.18199570 0.53707533 565.04791095
13314 0.69178243 0.15370363 0.52719283 568.66738937
13315 0.69819036 0.15112400 0.53554514 565.69418155
13316 0.69626107 0.18405192 0.53822120 565.01662021
13317 0.69209472 0.19570682 0.52201732 565.88951674
13318 0.69271034 0.20537700 0.53764870 565.46857651
13319 0.69693489 0.22083678 0.58488803 564.41552566
13320 0.69623473 0.22310602 0.58858931 563.98177118
13321 0.69749842 0.24944159 0.61283081 565.14050936
13322 0.69946223 0.25299839 0.63577941 565.17269506
13323 0.69853094 0.25133033 0.66479030 562.52902740
13324 0.69960833 0.25176281 0.63206288 565.61938049
13325 0.70019236 0.20560879 0.63866962 563.60303414
13326 0.69758359 0.20591545 0.63291365 563.90088432
13327 0.70210242 0.21748186 0.62277401 566.44910243
13328 0.69735033 0.19394105 0.59304458 563.62520525
13329 0.69422649 0.20316590 0.59212221 564.75683449
13330 0.69200160 0.20932904 0.58679018 566.79562765
13331 0.69737715 0.15313126 0.57474661 566.45824724
13332 0.69587604 0.17283658 0.59424002 566.56654684
13333 0.69259764 0.20235334 0.58885159 566.70286686
13334 0.69482236 0.20537444 0.57412590 563.96152307
13335 0.69486291 0.20981259 0.57406181 563.98094092
13336 0.69400978 0.19905507 0.60460669 566.30492410
13337 0.69464951 0.20723010 0.61673057 565.48035612
13338 0.70015935 0.19938662 0.61984430 563.89724487
13339 0.69553516 0.20505656 0.63769800 566.58622367
13340 0.69801011 0.18002175 0.63651449 567.56136789
13341 0.69463907 0.19365136 0.64669514 572.06531146
13342 0.69131406 0.21549815 0.62508580 571.70649306
13343 0.69823698 0.20662451 0.61915284 563.25256436
13344 0.69900144 0.20642102 0.62328197 563.31740137
13345 0.69994504 0.20020633 0.59346049 564.97189555
13346 0.70008925 0.18804990 0.58519202 565.16554366
13347 0.69729186 0.17494992 0.58347943 564.54790463
13348 0.69585807 0.18053177 0.57255822 564.37465308
13349 0.69170489 0.18769251 0.56872486 568.15199033
13350 0.69652189 0.18268035 0.58320820 564.24246011
13351 0.69525402 0.19068193 0.53216341 565.28149683
13352 0.69146591 0.21790214 0.54876784 566.15244171
13353 0.69187567 0.19612476 0.56860732 566.92032965
13354 0.69628814 0.19556535 0.56847882 563.92220485
13355 0.69122572 0.23883296 0.57678195 566.46748202
13356 0.69299163 0.23268410 0.55859349 566.02933430
13357 0.69949802 0.21148703 0.54885017 571.46904590
13358 0.69490486 0.20588548 0.54487398 565.25049166
13359 0.69730706 0.20160098 0.53695654 567.80632791
13360 0.69342081 0.19557796 0.54688060 564.79746262
13361 0.69665569 0.16896314 0.52778104 565.27769442
13362 0.69844167 0.15350575 0.52969197 566.09818199
13363 0.69939782 0.16410154 0.54509231 566.31096827
13364 0.69437101 0.16756387 0.53902866 565.10426769
13365 0.69501872 0.15542417 0.53752821 565.55610862
13366 0.69104883 0.17918306 0.51684179 566.74560017
13367 0.69696799 0.16129536 0.53037967 565.18191401
13368 0.69035143 0.17738736 0.53341754 568.68584910
13369 0.68992273 0.21074531 0.53532542 567.58602407
13370 0.69561366 0.18791569 0.51676274 566.65131679
13371 0.69070250 0.18868493 0.48334019 567.77818776
13372 0.69547171 0.17750760 0.50759197 566.47931143
13373 0.69618553 0.17337161 0.51513339 566.06525867
13374 0.69535172 0.15986725 0.50958461 565.41281503
13375 0.69249193 0.12383982 0.50091674 569.60559250
13376 0.69516502 0.13214248 0.49973722 566.27560619
13377 0.69606896 0.14405258 0.50548535 565.76646574
13378 0.69631278 0.13952035 0.50771215 565.88905984
13379 0.69256481 0.12257733 0.47509981 567.76920193
13380 0.69428264 0.15149431 0.46475740 567.47919507
13381 0.69993022 0.13727249 0.48636873 571.40269129
13382 0.69940030 0.14119157 0.49525948 569.65955151
13383 0.69274813 0.13957641 0.52019095 568.60857963
13384 0.69738616 0.14061611 0.51317089 566.11670574
13385 0.69779156 0.09806406 0.51271891 570.16711803
13386 0.69731941 0.11060528 0.50727801 568.10928647
13387 0.70210407 0.09498842 0.50406411 572.42760845
13388 0.69702685 0.11470471 0.46234698 568.28614930
13389 0.69230848 0.10673942 0.46109710 569.03744503
13390 0.68964082 0.11731121 0.45089877 570.48838173
13391 0.69175721 0.13145577 0.46366321 567.36532529
13392 0.69302475 0.12568520 0.46533748 566.98020612
13393 0.69828618 0.11960370 0.47560698 568.78942884
13394 0.69643156 0.10718566 0.45446331 568.22032145
13395 0.69335093 0.10481375 0.45483149 568.11670538
13396 0.68945666 0.12346831 0.48688900 573.75070763
13397 0.69633513 0.12981954 0.48121502 566.85464953
13398 0.69671602 0.11530671 0.45621513 568.41693113
13399 0.69734906 0.11461169 0.44276394 570.37616093
13400 0.69850145 0.10126324 0.44631682 570.97163490
13401 0.69429016 0.10135535 0.46146358 568.21377965
13402 0.68816880 0.09386629 0.42675769 574.50361387
13403 0.69630683 0.09484609 0.40364907 571.85193670
13404 0.69335395 0.05367996 0.42197916 573.38322295
13405 0.69947672 0.06377834 0.42586746 573.61608840
13406 0.69722419 0.04774478 0.45382692 575.02840320
13407 0.69998307 0.05079052 0.46467658 575.20568325
13408 0.69827387 0.05975316 0.46629078 573.40443452
13409 0.69650525 0.06524750 0.45426968 571.89834954
13410 0.69778091 0.09319973 0.44854467 569.78457204
13411 0.68690068 0.10214831 0.40958549 574.06072512
13412 0.69346006 0.07665518 0.36632729 571.23980796
13413 0.68815305 0.08667034 0.38354331 571.95506097
13414 0.68830205 0.12069129 0.39674533 570.26599283
13415 0.69052494 0.12291640 0.38991371 570.11756452
13416 0.69243229 0.11167320 0.38668455 570.61114287
13417 0.68823853 0.10362031 0.37898657 570.77907166
13418 0.69117593 0.10921315 0.39403399 569.28225821
13419 0.69332749 0.08572874 0.41471908 568.97343376
13420 0.69019857 0.11012842 0.41625248 569.02339894
13421 0.69187443 0.10852429 0.43275876 568.18391159
13422 0.69386268 0.09482001 0.41677498 568.65634747
13423 0.69225004 0.09055314 0.41422340 568.93769345
13424 0.69613929 0.06909636 0.40217008 571.00280506
13425 0.68906543 0.08490189 0.39006229 571.26060982
13426 0.69072390 0.07223549 0.39938978 571.29727189
13427 0.69033869 0.04227303 0.37848272 574.90483416
13428 0.69693114 0.06920776 0.36475179 575.86478303
13429 0.68511073 0.09217001 0.38757612 577.42747928
13430 0.68602478 0.11068463 0.39168754 573.56056906
13431 0.68916768 0.14825560 0.39236077 571.80626440
13432 0.68560672 0.14223559 0.43103764 573.98489631
13433 0.69050724 0.10793856 0.42945971 569.17501025
13434 0.69252651 0.12740414 0.45943750 567.08696208
13435 0.69119789 0.12184548 0.46403258 568.68374813
13436 0.69807021 0.12273126 0.46712719 569.37660938
13437 0.69075197 0.13674583 0.49395778 569.68227565
13438 0.68924950 0.14677654 0.47513571 569.54873793
13439 0.68912300 0.14645666 0.46446123 569.23382399
13440 0.68993429 0.11938445 0.46358279 570.77969795
13441 0.69165640 0.11973512 0.47721820 569.25753551
13442 0.70038325 0.11837874 0.48263550 571.23097689
13443 0.68949195 0.11194783 0.45133920 571.51346942
13444 0.68890899 0.15117350 0.47727288 569.82984084
13445 0.68698963 0.15412336 0.47157881 572.82481347
13446 0.69364775 0.14018135 0.45617260 567.16249203
13447 0.69236605 0.13157416 0.45889326 567.00709856
13448 0.69240230 0.13830577 0.45624222 566.96318432
13449 0.69556855 0.12325811 0.44566690 568.46296523
13450 0.69442804 0.10634418 0.47278484 568.05971977
13451 0.69840433 0.11350346 0.47187499 569.07239270
13452 0.69875053 0.10768636 0.48021165 568.97140187
13453 0.69262277 0.12918736 0.49688247 568.26787158
13454 0.69550532 0.12695528 0.49791474 566.54082584
13455 0.69324221 0.13596748 0.49424046 566.78005386
13456 0.69212440 0.12197322 0.49133195 569.50333825
13457 0.69542894 0.12829193 0.48390171 566.46540117
13458 0.69867090 0.10904153 0.48888991 568.54847020
13459 0.69680618 0.10980406 0.49340574 567.77168096
13460 0.69822034 0.12020758 0.51175576 567.39694385
13461 0.69615893 0.12486093 0.48270093 566.77169541
13462 0.69233754 0.12024597 0.47830024 568.43304285
13463 0.69454254 0.13525107 0.49632502 566.19809397
13464 0.69336683 0.14184666 0.48956217 566.21456921
13465 0.69761304 0.12809376 0.50553322 566.76208914
13466 0.69470546 0.14198967 0.51122941 565.96200935
13467 0.69755734 0.12812033 0.52460080 566.81879145
13468 0.69849154 0.11037514 0.46597652 569.55401648
13469 0.69424097 0.12907154 0.48813641 566.57818537
13470 0.69226503 0.12317742 0.47513590 567.99019627
13471 0.69729247 0.13270832 0.47670482 568.03877644
13472 0.68977784 0.13393616 0.49027552 571.54327501
13473 0.68822601 0.13948616 0.48480690 573.39297099
13474 0.69001227 0.13945602 0.48248933 569.58913564
13475 0.69469153 0.10606692 0.48598484 568.65552455
13476 0.69241998 0.12070845 0.49453914 569.58959898
13477 0.69241759 0.07199839 0.47905640 578.93212889
13478 0.70289515 0.07767979 0.49634409 574.92305434
13479 0.69838463 0.08513008 0.50670585 571.84492322
13480 0.70225646 0.12031123 0.53312662 570.43442629
13481 0.70255987 0.12788321 0.55956942 569.71989716
13482 0.69765336 0.15598005 0.51677375 566.27238781
13483 0.69718865 0.18306970 0.52527699 566.88288854
13484 0.69225810 0.19435658 0.48972101 567.90438089
13485 0.69314728 0.17916074 0.49559872 566.38267222
13486 0.68820229 0.17132039 0.45797100 569.56640907
13487 0.69340428 0.16963175 0.45705449 569.43006619
13488 0.68800442 0.17494299 0.44116520 570.39912292
13489 0.68518105 0.18049404 0.40023488 575.32454746
13490 0.68507842 0.15692965 0.40186824 573.85552973
13491 0.68861844 0.14993875 0.40119718 571.06702137
13492 0.69260069 0.12064981 0.40411715 569.68033326
13493 0.68958150 0.10187098 0.40961446 569.94946444
13494 0.69573974 0.09161049 0.41877724 569.64206549
13495 0.69345916 0.09749362 0.41861355 568.46169517
13496 0.68867085 0.12123846 0.39926912 569.94742714
13497 0.69100500 0.10077489 0.37159264 570.42992469
13498 0.69037087 0.06882811 0.36940966 570.85886002
13499 0.68934928 0.08414901 0.34942341 571.13094507
13500 0.69391704 0.08414492 0.34791417 574.56165344
13501 0.69220584 0.11143495 0.36378243 573.24003276
13502 0.68969521 0.11951137 0.36668988 571.73250485
13503 0.68891171 0.13282002 0.37651510 571.77000322
13504 0.68645543 0.11179114 0.37818997 572.41736884
13505 0.69045163 0.09654987 0.36301808 570.70950808
13506 0.69204499 0.09795423 0.36565198 571.40435265
13507 0.69148097 0.10286688 0.34954961 573.32036883
13508 0.68615135 0.11172995 0.36010431 572.83542429
13509 0.69457381 0.10771024 0.33735216 582.22165035
13510 0.68594716 0.10682244 0.33760565 573.64096901
13511 0.68574463 0.12350188 0.35285505 573.71620432
13512 0.69208624 0.11547141 0.36729282 573.12195504
13513 0.69349030 0.12638190 0.37946000 574.89053641
13514 0.69091865 0.11221636 0.40876323 568.69504397
13515 0.69574593 0.10434204 0.42212465 569.78074652
13516 0.69832459 0.07157115 0.43274111 571.61137474
13517 0.69249698 0.07835472 0.43958473 571.41883996
13518 0.69510562 0.08980519 0.43130960 568.76586717
13519 0.69115681 0.10360852 0.42114993 568.76001641
13520 0.69386725 0.12784452 0.42726197 568.93529582
13521 0.68938083 0.15949241 0.43389746 569.27598175
13522 0.69384681 0.15084761 0.44206576 569.45497644
13523 0.68917756 0.13462389 0.41860530 569.20886063
13524 0.69293102 0.13511836 0.42710531 568.80457187
13525 0.69089315 0.12153013 0.43936443 568.17642144
13526 0.69969142 0.11085747 0.45440332 572.74627076
13527 0.69562797 0.13253321 0.43643503 570.28593646
13528 0.69681238 0.08514491 0.48060380 570.31944590
13529 0.69311929 0.11991542 0.46327795 567.24913734
13530 0.69900529 0.13055932 0.51642803 567.27458038
13531 0.69481009 0.12969954 0.50946864 566.97062334
13532 0.69375871 0.16913643 0.51212775 565.29734364
13533 0.69581422 0.14813110 0.51811119 565.43471249
13534 0.69122252 0.14483486 0.53640264 572.50560972
13535 0.69617409 0.14275075 0.49053753 566.42838083
13536 0.70148842 0.11569999 0.51150323 570.55574022
13537 0.69979607 0.12056769 0.51429641 568.32349173
13538 0.69826757 0.10946586 0.51686875 568.60216108
13539 0.69117955 0.12971226 0.49176084 569.80149420
13540 0.69980267 0.13441687 0.51403625 568.18528048
13541 0.69519845 0.16934799 0.55489356 564.96038497
13542 0.70232092 0.18267450 0.60757120 566.23181914
13543 0.69750181 0.19118718 0.61338284 564.30351887
13544 0.70250319 0.19169868 0.62824820 565.54159302
13545 0.70199026 0.16552662 0.63897091 567.87711056
13546 0.69971297 0.19738761 0.65493818 565.10500051
13547 0.69943559 0.22380667 0.65575292 562.91162393
13548 0.69847447 0.21921601 0.60847552 563.69584609
13549 0.69321663 0.20838110 0.58001966 564.96784671
13550 0.69321414 0.18699548 0.55115673 565.16814321
13551 0.69608787 0.18041248 0.58268489 564.62789057
13552 0.69681125 0.19411060 0.56835108 564.02435969
13553 0.69410474 0.22051441 0.58665780 564.13336481
13554 0.69223878 0.22866407 0.58201071 565.43713036
13555 0.69622557 0.19469062 0.56929687 563.88363802
13556 0.69359084 0.19665181 0.56796777 564.82894338
13557 0.69772729 0.19179350 0.56672846 564.47360035
13558 0.69834914 0.18950000 0.55155272 566.08685335
13559 0.69697161 0.19667976 0.54227376 566.17577813
13560 0.69247357 0.19981341 0.54497867 565.32273051
13561 0.69551959 0.19582451 0.56959001 563.90309592
13562 0.69452763 0.19695397 0.58310268 564.52318486
13563 0.69519717 0.22881245 0.59534210 563.80094680
13564 0.69512313 0.19543609 0.61007102 565.74040704
13565 0.70262997 0.15367711 0.58253258 567.99490506
13566 0.70337192 0.16588171 0.56064316 571.48740237
13567 0.69046751 0.19656632 0.53234707 567.14174225
13568 0.69060386 0.21140838 0.52463551 567.12160222
13569 0.69525941 0.22624868 0.54656907 567.61323580
13570 0.69215203 0.21078163 0.57034236 565.68356363
13571 0.69436387 0.17957713 0.55125311 564.72059086
13572 0.69557602 0.19767025 0.54066139 565.29064212
13573 0.69301418 0.21120872 0.55501756 565.00087263
13574 0.69579296 0.19026298 0.57702980 563.97348139
13575 0.69872777 0.20150141 0.57290913 565.46180272
13576 0.69532278 0.20724905 0.55966930 564.49940678
13577 0.69649617 0.18193021 0.59021811 564.59314568
13578 0.69922573 0.17501765 0.55793200 565.62910687
13579 0.69750789 0.16147268 0.57714491 565.48810459
13580 0.69313731 0.17980210 0.53859771 565.28287627
13581 0.69333186 0.17522669 0.52063963 565.23480167
13582 0.69149915 0.16467510 0.49011652 566.53997119
13583 0.68650593 0.18119033 0.50075776 573.58743633
13584 0.69895510 0.18844111 0.54080128 568.06129351
13585 0.69866349 0.15844867 0.53965741 565.81877575
13586 0.69195176 0.17203822 0.52898904 566.56226628
13587 0.69628183 0.17407775 0.51053609 566.62095825
13588 0.69334913 0.16511524 0.51760063 565.46097773
13589 0.69389706 0.17740319 0.51387304 565.36370246
13590 0.68843027 0.19709084 0.53336825 570.46014834
13591 0.69408115 0.19835452 0.54382073 564.75489731
13592 0.69281839 0.19949996 0.53921414 565.21663398
13593 0.69338067 0.19339131 0.54080139 564.89534526
13594 0.69271930 0.23868233 0.55807119 566.62332012
13595 0.69419330 0.21128603 0.58869251 564.23814716
13596 0.69325470 0.20015937 0.58035784 565.44148862
13597 0.69328519 0.19929177 0.58373777 565.66820648
13598 0.69992158 0.20580131 0.58734960 565.87622937
13599 0.70135965 0.19305574 0.60961364 565.18083955
13600 0.70167505 0.19307237 0.61117757 565.43545199
13601 0.70238615 0.17116063 0.57559036 568.26706162
13602 0.69814062 0.19775411 0.55640812 566.09294481
13603 0.69901294 0.17467438 0.54795774 566.13788852
13604 0.69619309 0.15343341 0.54983142 565.60965224
13605 0.69300739 0.14083617 0.55650576 572.71982805
13606 0.69349859 0.14956272 0.55600441 569.73756194
13607 0.69707359 0.12737986 0.52801798 567.09162341
13608 0.69663892 0.14405574 0.52893668 565.66732586
13609 0.69937867 0.14410158 0.52090341 567.39893857
13610 0.69568717 0.13775330 0.50333948 565.92957149
13611 0.69617058 0.14643835 0.51848652 565.50857856
13612 0.69929778 0.13724634 0.52508059 567.06609603
13613 0.70328185 0.14964289 0.52800656 574.27191516
13614 0.70065373 0.15385932 0.54886979 567.25699237
13615 0.70072962 0.13198723 0.55484224 567.92369504
13616 0.69524558 0.16274604 0.56847728 566.41593066
13617 0.69918232 0.19323886 0.56250114 566.33460768
13618 0.69270314 0.20179395 0.57218743 565.57703931
13619 0.69451291 0.19967772 0.55982239 564.24707478
13620 0.69492168 0.20333043 0.54943312 564.78059626
13621 0.69165686 0.19654642 0.54512266 566.08899335
13622 0.69043641 0.19337549 0.52671891 567.15211418
13623 0.69889855 0.17785171 0.54952683 566.06099419
13624 0.69533263 0.20179242 0.55980295 564.25560858
13625 0.69384544 0.20104641 0.56278880 564.45882400
13626 0.69689551 0.19633665 0.54635068 565.66590949
13627 0.69630315 0.17608494 0.57457151 564.54276850
13628 0.69599946 0.16845460 0.56155387 564.83284716
13629 0.69407614 0.17479813 0.54407098 564.99017816
13630 0.69372383 0.18661983 0.57303057 565.63960382
13631 0.69216787 0.20070601 0.58078837 566.91410991
13632 0.69110078 0.20392971 0.56339649 567.13253666
13633 0.69309102 0.19180649 0.57453855 566.01524547
13634 0.70298776 0.18797534 0.61049581 567.04867803
13635 0.69949656 0.19256639 0.61400711 563.90584667
13636 0.69875745 0.17153101 0.57989141 564.63304647
13637 0.70049028 0.17886862 0.58605759 565.32505812
13638 0.70601236 0.15109761 0.59258526 572.97705738
13639 0.70385361 0.13534750 0.58141708 570.40227505
13640 0.69839229 0.12723187 0.58086823 571.24055219
13641 0.70141378 0.12236526 0.57441047 570.16333683
13642 0.70661890 0.13233601 0.58068633 575.15788636
13643 0.70561810 0.13474464 0.55950533 574.74568801
13644 0.70422292 0.10807862 0.56267766 573.41444296
13645 0.69968497 0.12922451 0.57638832 569.34391038
13646 0.69926678 0.14011626 0.58884454 568.71514328
13647 0.69518543 0.18316013 0.59305229 565.79380035
13648 0.69972853 0.16634043 0.58214425 565.19927309
13649 0.69528343 0.15854844 0.58588052 568.96767088
13650 0.69620591 0.12428112 0.56618509 572.58753311
13651 0.70252839 0.10928464 0.57530673 572.81418442
13652 0.70181241 0.12369758 0.55352068 569.38112175
13653 0.69537624 0.13357138 0.52510715 567.01471885
13654 0.69451406 0.15884144 0.51406469 565.24613206
13655 0.69476571 0.14484751 0.53158917 566.50716909
13656 0.69683740 0.12654545 0.52055916 566.92651369
13657 0.69718558 0.14917211 0.53663109 565.43071493
13658 0.69230402 0.17330504 0.54688291 567.05552478
13659 0.69244214 0.18764342 0.52431674 565.54242738
13660 0.68992282 0.20431057 0.52552151 567.55367444
13661 0.69236747 0.24521095 0.55938244 567.19202756
13662 0.69165998 0.25185242 0.56197348 567.74043105
13663 0.69139061 0.25293693 0.57143375 567.28348148
13664 0.69226037 0.24881699 0.58893601 565.82085884
13665 0.69205254 0.23974820 0.59622928 565.70347628
13666 0.69256165 0.23329273 0.58883067 565.18470706
13667 0.69785021 0.19464830 0.61329977 563.85345615
13668 0.70065083 0.19024190 0.61927171 564.39663570
13669 0.69993034 0.19746544 0.60804883 564.09066532
13670 0.69942208 0.22613254 0.63634705 563.14161083
13671 0.69600415 0.21937063 0.63473373 564.02635245
13672 0.69573309 0.22493324 0.62283728 563.43167617
13673 0.70010058 0.23666458 0.63131414 564.62035006
13674 0.69828449 0.22722319 0.64218524 562.76281266
13675 0.69270096 0.25873942 0.61843341 565.34530134
13676 0.69108274 0.25298770 0.63414212 568.34738564
13677 0.69462596 0.26351826 0.63561214 564.07642437
13678 0.69521192 0.25024751 0.61123504 564.22905693
13679 0.69504039 0.23501132 0.62944600 563.70784872
13680 0.69740482 0.19628056 0.64050252 565.83710610
13681 0.69856635 0.19371965 0.63346260 564.63510495
13682 0.69700670 0.24342146 0.65139926 562.76935514
13683 0.69866647 0.25935569 0.66286719 562.93598446
13684 0.70234816 0.24711224 0.65990204 565.80881258
13685 0.70196405 0.24128907 0.65322713 565.33647170
13686 0.70103192 0.23988330 0.64090112 565.15052546
13687 0.69168417 0.25454117 0.61625213 566.37326996
13688 0.69198980 0.24426344 0.60266843 565.83322381
13689 0.69680538 0.22935778 0.60767268 563.46728919
13690 0.69090008 0.24555164 0.59665831 567.03292721
13691 0.69259664 0.27410779 0.59466108 567.65681295
13692 0.69265386 0.24785019 0.58500967 565.73342904
13693 0.69246655 0.21469663 0.59471814 566.17187875
13694 0.69715904 0.24586496 0.60110826 565.63698372
13695 0.70020145 0.24227700 0.61410537 567.49423701
13696 0.69922112 0.23079004 0.59812837 566.46143846
13697 0.69483916 0.24842525 0.58271203 566.17337070
13698 0.69862661 0.22522043 0.62553002 563.16665098
13699 0.69456737 0.23612789 0.62685331 563.98721579
13700 0.70106950 0.23022062 0.63618014 564.77928804
13701 0.69756232 0.25239189 0.64230151 563.17293067
13702 0.69309669 0.25774780 0.63620008 565.14079061
13703 0.69365368 0.26500015 0.66571044 565.40957857
13704 0.69745933 0.25489698 0.65781484 562.70036014
13705 0.69725596 0.25773625 0.66684203 562.65065948
13706 0.69613035 0.26197966 0.66482350 563.08478639
13707 0.70364073 0.26715864 0.68006562 568.25997756
13708 0.69869072 0.24129618 0.69478165 563.57866207
13709 0.70021245 0.22240862 0.68291045 563.83472281
13710 0.70246906 0.25933898 0.66835767 566.50216741
13711 0.70008506 0.20819242 0.65490333 563.79720643
13712 0.69704587 0.20746415 0.62689500 563.79490258
13713 0.70492343 0.22395009 0.62721905 572.73446116
13714 0.70256991 0.21914726 0.63969660 565.67157995
13715 0.69179834 0.21797811 0.60801748 568.05630845
13716 0.69750026 0.24933310 0.63863680 563.16580832
13717 0.70029796 0.24087586 0.64050291 564.38971621
13718 0.69817026 0.22953409 0.66973550 563.45314302
13719 0.69412940 0.25395549 0.65998529 565.07280999
13720 0.69373168 0.23382519 0.65374630 567.21417926
13721 0.69305379 0.23914592 0.63193422 565.84019800
13722 0.69461085 0.27702081 0.63198245 565.18925156
13723 0.69971768 0.26748689 0.64744895 566.08680824
13724 0.69682501 0.24154057 0.62424604 563.27797996
13725 0.69691196 0.25438005 0.60596102 565.99274184
13726 0.69947557 0.25913889 0.60418489 570.96878873
13727 0.69305587 0.21902876 0.61573196 566.42334602
13728 0.69752489 0.20999881 0.60367778 563.28542927
13729 0.69391808 0.21457193 0.58735972 564.31792419
13730 0.69490921 0.19626593 0.59728086 564.93086163
13731 0.69255517 0.21493829 0.59486196 566.03526206
13732 0.69449856 0.20892028 0.61485294 565.34168164
13733 0.70020619 0.23623162 0.62273922 565.57856126
13734 0.69358815 0.25663993 0.58244298 566.70937922
13735 0.69022024 0.25130389 0.56952386 567.98463762
13736 0.69540945 0.26717612 0.56255164 573.29047723
13737 0.68762031 0.27232339 0.56520567 572.22178653
13738 0.69604269 0.27772634 0.54985495 580.42767860
13739 0.69420326 0.27199375 0.55339871 574.36733702
13740 0.69049664 0.28600335 0.56823256 572.03206169
13741 0.69106215 0.26097030 0.57743998 567.79575821
13742 0.69155485 0.23101690 0.61458338 567.72593897
13743 0.69462979 0.24434852 0.62351286 563.78144854
13744 0.69343331 0.24185797 0.62514037 564.85166228
13745 0.69234173 0.24751939 0.63000571 566.24655441
13746 0.69719093 0.24435645 0.64532440 562.75773303
13747 0.69669942 0.25434628 0.66964278 562.95023246
13748 0.70298719 0.22594170 0.64941625 565.90176012
13749 0.69652037 0.24760235 0.65871440 563.00242121
13750 0.69688657 0.26124452 0.68624052 563.08320737
13751 0.69807914 0.29646212 0.70223142 563.23316920
13752 0.69691689 0.29698155 0.70155055 563.29805200
13753 0.70312089 0.28573295 0.71494167 565.49266799
13754 0.69912231 0.29354540 0.67943155 565.39169575
13755 0.69431405 0.31314245 0.71131189 565.41258505
13756 0.69479884 0.29643423 0.67137420 564.76964681
13757 0.69643736 0.30930572 0.65083521 569.02480871
13758 0.69088315 0.30794878 0.66279145 568.83219922
13759 0.69072797 0.31694392 0.63851212 570.33311847
13760 0.70207204 0.27497569 0.66180514 569.31793743
13761 0.69897126 0.24419825 0.63591715 563.79112351
13762 0.69498077 0.25024558 0.64838294 563.77906282
13763 0.69951558 0.25917216 0.65472665 564.04862865
13764 0.69757838 0.25145656 0.65862230 562.61853015
13765 0.69485917 0.27523799 0.69779012 565.13892214
13766 0.69562386 0.26038058 0.66429049 563.41050798
13767 0.69345709 0.23201480 0.64472434 566.97406605
13768 0.69772825 0.26019640 0.63395239 564.50920689
13769 0.69557296 0.25383468 0.64668654 563.30231475
13770 0.69550466 0.26280325 0.66537149 563.48008876
13771 0.69382104 0.27095650 0.68105119 565.78700875
13772 0.69607555 0.25700580 0.65264210 563.08659412
13773 0.69487184 0.29766120 0.67744111 564.62272518
13774 0.69445297 0.28021241 0.68217348 564.59146313
13775 0.70041018 0.24289368 0.67700422 562.65844990
13776 0.70141034 0.20226838 0.63741550 564.24569608
13777 0.69871860 0.22829773 0.59247016 566.15038029
13778 0.69648478 0.25581260 0.59556764 567.05680087
13779 0.69540117 0.20971704 0.61856790 564.48860753
13780 0.69547972 0.19084478 0.58364092 564.24890828
13781 0.69751893 0.21267342 0.58657293 564.11252604
13782 0.69473759 0.20495932 0.59468944 564.28317529
13783 0.69680005 0.21149036 0.61848589 563.36123132
13784 0.69861986 0.19851467 0.61221359 563.52701738
13785 0.69842810 0.21519365 0.60970843 563.45591523
13786 0.69505767 0.22816771 0.59864647 563.70692288
13787 0.69746118 0.21603349 0.61192969 563.12504168
13788 0.69982613 0.21859275 0.62856776 563.51364688
13789 0.70036601 0.22083841 0.59930348 566.76006697
13790 0.69398155 0.22645111 0.62944969 565.38696961
13791 0.69410775 0.21204612 0.64399192 568.73130817
13792 0.69587309 0.19180960 0.62494012 566.78701364
13793 0.70121927 0.18625453 0.60299429 565.28562047
13794 0.69425867 0.18179328 0.59104006 567.01609524
13795 0.69470355 0.17965111 0.56516034 564.89822173
13796 0.69904303 0.15329790 0.57717809 566.00724302
13797 0.69509658 0.14528899 0.54645451 567.22166315
13798 0.69953631 0.13192575 0.58292406 569.54732566
13799 0.70293067 0.13232572 0.57711298 569.70902017
13800 0.70114162 0.12060251 0.57168456 570.24527913
13801 0.70197427 0.12092484 0.59451424 572.25213325
13802 0.70213255 0.13032078 0.58725856 569.85751387
13803 0.69712567 0.15021905 0.59405301 569.23770110
13804 0.69586036 0.14032109 0.57857080 571.06921347
13805 0.69889423 0.12906292 0.58544869 570.95017172
13806 0.70116156 0.15119524 0.62776283 569.73754805
13807 0.70319940 0.14448582 0.63010693 570.86643487
13808 0.69608817 0.16156412 0.60418303 569.65412906
13809 0.70280090 0.15281522 0.60756864 568.10619727
13810 0.70292486 0.16886694 0.57638481 569.00378124
13811 0.70201486 0.18332964 0.58888456 567.11991255
13812 0.69805464 0.17055895 0.60114849 565.59079318
13813 0.69590622 0.15285813 0.57732847 568.13445502
13814 0.70033350 0.17067778 0.56397858 566.26988059
13815 0.69829617 0.15305351 0.53234021 565.85617333
13816 0.69711288 0.12651106 0.53936114 567.88716738
13817 0.70464469 0.10272576 0.52124380 575.61661945
13818 0.69306068 0.12940061 0.49534913 567.65370641
13819 0.69971167 0.11118323 0.51527261 568.80914910
13820 0.70245379 0.11895095 0.52911743 570.94132743
13821 0.69579526 0.10186129 0.53202214 573.55042282
13822 0.70223246 0.09330373 0.51194485 572.52934055
13823 0.70230356 0.08258921 0.48533278 574.07328277
13824 0.69781137 0.10114544 0.49877572 568.88591946
13825 0.69871908 0.12086792 0.49121815 568.25708690
13826 0.69412259 0.13013444 0.50284873 567.06482088
13827 0.69719845 0.13485373 0.52402373 566.23845422
13828 0.69495675 0.13579647 0.51043935 566.32122682
13829 0.69303089 0.16599252 0.51598034 565.59562759
13830 0.69508277 0.15314418 0.52259932 565.32685224
13831 0.69149120 0.17753901 0.52982383 566.75555929
13832 0.69575976 0.15165977 0.52481063 565.28250021
13833 0.69992352 0.14919172 0.53420824 567.24716883
13834 0.69267666 0.14499206 0.53395792 569.27675769
13835 0.70096120 0.14757301 0.53648322 568.41003228
13836 0.69603580 0.15989541 0.52511093 565.05509659
13837 0.69485850 0.14939065 0.48587657 566.17706946
13838 0.69404684 0.12999540 0.48589815 566.55256065
13839 0.69305822 0.11149292 0.45714397 567.76578965
13840 0.69419552 0.10998721 0.45448769 567.46897511
13841 0.69102704 0.10223619 0.44736639 570.18892487
13842 0.69653316 0.09327721 0.42194093 570.24034275
13843 0.69695967 0.08402401 0.45771399 569.56674539
13844 0.69437055 0.10551965 0.45233571 567.70050498
13845 0.69571504 0.12666322 0.47701293 566.74342085
13846 0.69087321 0.15790214 0.47141493 567.17477133
13847 0.68825637 0.18180886 0.50071651 569.93336736
13848 0.68914653 0.19896585 0.51194062 568.40145158
13849 0.68838546 0.17322860 0.50600314 570.67502666
13850 0.69192894 0.17077146 0.46306319 567.97011996
13851 0.69320541 0.14201187 0.42933607 569.39445860
13852 0.68440231 0.13403175 0.40570850 575.70656279
13853 0.68811671 0.13233683 0.41586879 570.11957683
13854 0.69431229 0.13879715 0.43038441 570.06105720
13855 0.69511775 0.14374252 0.42615798 572.52116171
13856 0.68994053 0.10578575 0.43292543 570.20228333
13857 0.69371282 0.09468930 0.43253123 568.38980919
13858 0.69347525 0.08935516 0.41425850 568.80402019
13859 0.69283118 0.10226312 0.39454449 569.56869910
13860 0.69362985 0.11442502 0.40238649 570.22971830
13861 0.69228737 0.11587187 0.39911668 569.60826903
13862 0.68877521 0.12368212 0.42215559 569.76566484
13863 0.69057019 0.12158822 0.46759744 569.79436384
13864 0.69688148 0.11356523 0.46947490 567.80064118
13865 0.69491486 0.09789121 0.48418887 569.59691999
13866 0.69162618 0.11556396 0.45932479 568.61754019
13867 0.69857023 0.13265119 0.44449729 574.53099638
13868 0.68738931 0.15130852 0.44343248 570.78042898
13869 0.69393037 0.13575337 0.43900261 568.44174854
13870 0.69212213 0.11242531 0.43691204 567.88935608
13871 0.69532981 0.11043939 0.46054399 567.45929922
13872 0.69607645 0.12001000 0.47766776 566.99804256
13873 0.69831916 0.12909076 0.48609798 568.30117987
13874 0.69537075 0.14935341 0.47017975 567.70502918
13875 0.69193994 0.12766513 0.47116692 567.69246091
13876 0.69580312 0.13156742 0.46000551 567.88724890
13877 0.69492679 0.14126369 0.48856624 566.01805915
13878 0.69804946 0.12684765 0.52669794 567.01175379
13879 0.69806340 0.11986486 0.51662442 567.43961653
13880 0.69501156 0.12612054 0.50301307 566.93685114
13881 0.69735187 0.10491066 0.49127666 568.22412347
13882 0.69334155 0.12503653 0.46702073 566.90319906
13883 0.69912836 0.10222318 0.50477560 569.22390564
13884 0.70081884 0.10845818 0.52064826 569.81825496
13885 0.70170004 0.09077734 0.53177147 572.84226247
13886 0.69339744 0.12121157 0.52791326 572.05329752
13887 0.69680192 0.12615075 0.48992062 566.81118082
13888 0.69577614 0.11598249 0.48478933 567.12648339
13889 0.69632393 0.12990433 0.49702286 566.38388465
13890 0.69893962 0.13864790 0.48723633 569.62408229
13891 0.69414391 0.13209905 0.50936103 567.18605118
13892 0.69651839 0.16104479 0.52889186 565.06211079
13893 0.69490132 0.18071138 0.54444996 564.46233531
13894 0.69879134 0.17368742 0.54613080 565.98801056
13895 0.69200560 0.16365051 0.52445801 566.96804779
13896 0.69374056 0.14646120 0.51977220 566.53618760
13897 0.69751672 0.16795798 0.52231366 566.30383020
13898 0.69434239 0.16885096 0.49271237 566.37284574
13899 0.69311556 0.18201587 0.51870814 565.36342888
13900 0.69060459 0.23536222 0.53254573 568.41119950
13901 0.69183130 0.24276617 0.54238635 568.38034125
13902 0.69146270 0.23674780 0.57193168 566.27091753
13903 0.69013363 0.21412547 0.56002468 567.84546163
13904 0.69726330 0.19925108 0.52440758 569.20313257
13905 0.68859677 0.20624454 0.50988770 569.08822686
13906 0.69097571 0.20098934 0.51369365 566.85654344
13907 0.69786627 0.17950336 0.51998348 568.02136792
13908 0.69474846 0.19902682 0.52371568 566.38847479
13909 0.69228704 0.18281892 0.54899705 566.30837204
13910 0.69104604 0.18645129 0.54643557 567.58335498
13911 0.69755727 0.16687781 0.54411642 564.95496973
13912 0.69674880 0.15576694 0.53948431 565.07887738
13913 0.69325784 0.19422827 0.55297172 564.89998973
13914 0.70187730 0.16857140 0.54653565 570.41928259
13915 0.69820031 0.19118773 0.55846366 565.42015540
13916 0.69103442 0.20240041 0.56019037 567.16207299
13917 0.69167714 0.23707666 0.56949833 566.18857343
13918 0.69098029 0.21486922 0.55381327 566.53872402
13919 0.69187188 0.20228514 0.52366884 566.15027951
13920 0.69211895 0.18047889 0.52005717 565.81018491
13921 0.69283879 0.20264605 0.53979260 565.26474161
13922 0.70166997 0.20179440 0.57782002 569.61116818
13923 0.70327719 0.15726774 0.59286115 568.32105801
13924 0.69806704 0.15591847 0.58806341 566.65889324
13925 0.69462878 0.16984516 0.59063673 568.41778335
13926 0.69959243 0.21855969 0.57986012 567.78532078
13927 0.69218981 0.22192260 0.60816572 566.93645002
13928 0.69220674 0.21881379 0.58337742 565.71175536
13929 0.69895433 0.20094678 0.58206819 564.87443705
13930 0.69452627 0.21125869 0.61200592 564.88279965
13931 0.69787220 0.21743793 0.65401723 563.83924156
13932 0.69788458 0.22635067 0.66197985 563.48106363
13933 0.70072434 0.23629060 0.67279509 562.85636337
13934 0.70150568 0.22655161 0.70801602 564.58209909
13935 0.70397598 0.22648579 0.68720690 564.86450891
13936 0.70331716 0.25261787 0.72928972 563.40369527
13937 0.70509107 0.26109063 0.75706191 564.26332210
13938 0.70484991 0.24962662 0.75010721 564.62197154
13939 0.70548933 0.23196540 0.76221371 567.62235281
13940 0.70460396 0.22842732 0.74646962 566.77693226
13941 0.70465138 0.25768195 0.74560547 564.04318732
13942 0.70641551 0.28208514 0.73300051 568.91314127
13943 0.70509032 0.27213334 0.74484546 564.57368679
13944 0.70703906 0.29281514 0.79197282 565.52002093
13945 0.70344123 0.28850686 0.77426960 562.86812983
13946 0.69871958 0.26511534 0.73897010 564.67894005
13947 0.70406202 0.29033592 0.75063473 564.05947224
13948 0.70082881 0.27946663 0.74751878 562.50111327
13949 0.69580713 0.27577340 0.70838562 564.56295071
13950 0.70333480 0.27176063 0.71688251 564.20503672
13951 0.69689703 0.25164418 0.66667067 562.84824897
13952 0.70141770 0.25875844 0.70948569 562.56199998
13953 0.69781268 0.27824805 0.70579934 562.59812924
13954 0.70481104 0.24692080 0.69783125 565.99344692
13955 0.70324064 0.24652200 0.69706965 563.99160446
13956 0.69933746 0.26840411 0.70850301 562.28678629
13957 0.70272801 0.26497973 0.70320345 563.99838817
13958 0.69992688 0.24751091 0.69276913 562.53377002
13959 0.69874167 0.25326283 0.69002315 562.51530329
13960 0.69698001 0.25346691 0.67812796 563.05992560
13961 0.69826335 0.27769892 0.67891328 563.11425115
13962 0.69864209 0.27510611 0.66554318 564.01454290
13963 0.69635039 0.24411428 0.66639890 563.57832116
13964 0.69779531 0.24040503 0.69721152 564.75825431
13965 0.70280970 0.23787788 0.72034246 563.92474318
13966 0.69730497 0.26353728 0.70603268 563.59942105
13967 0.69494347 0.29852159 0.71211222 564.76448613
13968 0.69879135 0.26165120 0.72091573 563.40927350
13969 0.70387850 0.22822888 0.69884231 564.53567262
13970 0.70238020 0.21606228 0.65808000 564.30180854
13971 0.70340867 0.20511624 0.66149214 565.29290953
13972 0.70625959 0.18308426 0.65581696 569.52518606
13973 0.70258888 0.18255326 0.63117018 565.87252924
13974 0.69318318 0.19932279 0.59850279 566.97970795
13975 0.70011108 0.19580904 0.57014177 567.06902001
13976 0.69178593 0.24362913 0.54830477 567.93002127
13977 0.69071703 0.21529736 0.52067589 567.43649358
13978 0.69140367 0.20249540 0.50621115 567.19436142
13979 0.69112499 0.17941923 0.49510153 566.71790363
13980 0.69298370 0.16590574 0.52107738 565.70710325
13981 0.69339863 0.17742773 0.51906705 565.23781674
13982 0.69584760 0.17512317 0.52960651 564.97473689
13983 0.69798333 0.17926074 0.54118921 565.87732925
13984 0.70166286 0.19195794 0.56465469 570.22139982
13985 0.70057582 0.18595485 0.54962938 569.41648574
13986 0.69739522 0.17403560 0.53203265 565.75153608
13987 0.69488161 0.19018613 0.58819847 564.98897460
13988 0.69731324 0.21541686 0.55890642 566.82013424
13989 0.69616399 0.21859805 0.55015104 567.00880974
13990 0.68918068 0.22616985 0.54164791 568.58048273
13991 0.69688451 0.23042364 0.55848613 568.58625949
13992 0.69400433 0.23354249 0.56408367 565.85007411
13993 0.69791359 0.23132373 0.55775184 570.57381248
13994 0.69207824 0.22474651 0.53686724 566.87246701
13995 0.69417074 0.19496077 0.54532217 564.60718869
13996 0.69358866 0.19894213 0.58752952 565.55913251
13997 0.69707295 0.20707133 0.60134176 563.30851853
13998 0.69829330 0.21706388 0.61529920 563.22806537
13999 0.69420717 0.23623994 0.61116529 564.02012547
14000 0.69573424 0.24506306 0.62803388 563.30506033
14001 0.69386055 0.23149899 0.67163029 569.75404772
14002 0.69507842 0.22985286 0.67567269 568.07265823
14003 0.69839189 0.20967773 0.68674388 567.95213732
14004 0.70462888 0.20279664 0.69206986 566.60869688
14005 0.70458441 0.19255177 0.68390775 567.37958279
14006 0.70421904 0.19418043 0.68356049 567.01286836
14007 0.70272363 0.17676975 0.65199069 567.11570002
14008 0.70411107 0.17061341 0.65744279 568.67286234
14009 0.70431431 0.15425001 0.63493286 569.86425482
14010 0.70370032 0.17757501 0.63385523 567.06454451
14011 0.69931376 0.18159847 0.64950706 567.48263391
14012 0.69990034 0.18192755 0.65711156 567.81780062
14013 0.69502346 0.18390303 0.62675778 570.04572104
14014 0.69715647 0.18737800 0.61464009 565.03424253
14015 0.69365750 0.20509462 0.60793623 566.38352539
14016 0.70357099 0.16859277 0.59010333 568.91479238
14017 0.69810022 0.17523365 0.59904289 564.89485605
14018 0.69624761 0.18780671 0.59192741 564.31215587
14019 0.69966665 0.17318770 0.60626882 565.10444740
14020 0.70174589 0.17678870 0.61402017 565.64968894
14021 0.70041582 0.20915620 0.60080806 565.49470311
14022 0.69861124 0.18609747 0.56870502 564.78365642
14023 0.69726608 0.16749643 0.57734285 564.97640046
14024 0.69919167 0.17448408 0.57413575 564.80596036
14025 0.69874470 0.18168385 0.57985448 564.33537806
14026 0.69176792 0.19553400 0.56788688 567.09148611
14027 0.69654630 0.19030942 0.59236398 563.99089546
14028 0.69903033 0.15661492 0.56453420 565.46766284
14029 0.69330862 0.19295449 0.56158650 565.07507736
14030 0.69984171 0.18890448 0.57054201 566.05757304
14031 0.69521058 0.20471587 0.54753531 565.09710321
14032 0.69448497 0.22972210 0.54883257 567.16075410
14033 0.69380403 0.20376975 0.58225011 564.71724168
14034 0.69641780 0.18937070 0.60718631 564.87902830
14035 0.69517359 0.18933131 0.57892960 564.38756508
14036 0.69504533 0.16865852 0.56314351 565.51577418
14037 0.69331599 0.20016381 0.60722303 567.54195917
14038 0.69727616 0.22768618 0.60406127 563.75091547
14039 0.69868636 0.22157338 0.58934912 565.67302336
14040 0.70277345 0.21388646 0.60330328 569.83516048
14041 0.69466314 0.17394973 0.59945212 568.73492706
14042 0.69632397 0.19132075 0.53410798 565.87609270
14043 0.69444651 0.18857372 0.53777848 564.70466032
14044 0.69500325 0.17824946 0.52045771 565.27855682
14045 0.69249163 0.17799416 0.49477063 566.30428555
14046 0.69691380 0.15465545 0.52181919 565.47231221
14047 0.69513120 0.15855183 0.52015644 565.11479127
14048 0.69578557 0.16824883 0.52351863 565.07932266
14049 0.69867661 0.15851536 0.52529722 566.77823373
14050 0.69330023 0.17131080 0.51182718 565.40301289
14051 0.69588123 0.14404780 0.48722948 566.47293037
14052 0.69264084 0.16136394 0.48161732 566.33169946
14053 0.69367009 0.16661914 0.48641379 566.41553428
14054 0.69387949 0.18631658 0.50274338 566.63184641
14055 0.69740608 0.15492328 0.51107602 566.41526899
14056 0.69417491 0.12889830 0.49181585 566.70842811
14057 0.69560229 0.11155696 0.46693339 567.37733205
14058 0.69061128 0.13039667 0.45894082 568.33676590
14059 0.69250809 0.13928503 0.46991930 566.66023614
14060 0.69304531 0.15127716 0.47925329 566.22739747
14061 0.69430883 0.13861699 0.50342519 566.19924912
14062 0.69810904 0.13684085 0.51321542 566.60357205
14063 0.69245595 0.14059699 0.45612313 566.97985233
14064 0.69664016 0.12877438 0.44050360 570.85264740
14065 0.69366762 0.09035765 0.39953031 569.38016096
14066 0.69436119 0.08875583 0.40989760 569.19544130
14067 0.69479320 0.07607198 0.39876438 570.07642203
14068 0.69313778 0.07882515 0.37855029 570.20816182
14069 0.69235130 0.04958684 0.36647625 571.49542434
14070 0.69253598 0.08554229 0.36469155 571.05846943
14071 0.69102151 0.07483977 0.35600195 570.72178311
14072 0.69088290 0.08498012 0.35165263 571.18164883
14073 0.69575046 0.06801024 0.38897855 571.42655485
14074 0.69292868 0.08260608 0.39927636 569.30482653
14075 0.69645558 0.07379709 0.40984839 570.81357777
14076 0.69601704 0.07408070 0.41508691 570.23801003
14077 0.69646284 0.06442918 0.40840160 571.14344533
14078 0.69017365 0.05321567 0.41594800 577.71276264
14079 0.69230753 0.05035539 0.42381602 575.69982716
14080 0.70143361 0.04469186 0.41955761 577.72672381
14081 0.69392680 0.04291072 0.42008806 574.87138854
14082 0.69355291 0.06281280 0.41833313 571.32889022
14083 0.69607273 0.07521641 0.42373403 569.99430315
14084 0.68885129 0.08967079 0.39529415 571.29694761
14085 0.69545362 0.07287850 0.41220477 570.05922972
14086 0.69105516 0.10392694 0.41181563 568.76424910
14087 0.69384489 0.09118489 0.43420454 568.61935749
14088 0.69679283 0.07588765 0.41824243 570.65517977
14089 0.69856374 0.06745235 0.40438612 573.90876231
14090 0.69933183 0.06668707 0.39828695 575.99915153
14091 0.68819128 0.10165425 0.39838880 571.21900649
14092 0.69334219 0.10734479 0.38572787 571.19935104
14093 0.69074097 0.11420815 0.38565277 569.97584802
14094 0.68715716 0.08346190 0.38689134 574.16501745
14095 0.69240799 0.06814019 0.39313580 570.28377953
14096 0.69721916 0.08595896 0.42257202 570.82342134
14097 0.69173827 0.10162048 0.40539166 568.73524509
14098 0.69446263 0.10045368 0.41388565 569.13528541
14099 0.69064253 0.08261409 0.41154020 570.79977362
14100 0.69725447 0.12234332 0.43907712 571.36923025
14101 0.68551148 0.14111449 0.40808501 573.28424259
14102 0.68874506 0.14314691 0.38242082 572.19103622
14103 0.69284153 0.11799199 0.38927482 571.30487490
14104 0.69810256 0.08532093 0.42319042 571.95127221
14105 0.69412489 0.09024170 0.40462341 569.33655660
14106 0.69259932 0.10492155 0.41920533 568.25107748
14107 0.69164257 0.08698269 0.38881975 569.44462299
14108 0.68736692 0.10236625 0.39223846 572.06844562
14109 0.68762224 0.09384704 0.38495644 572.10110822
14110 0.69566008 0.09617489 0.38650287 573.17553674
14111 0.69297989 0.10903693 0.41450049 568.51774577
14112 0.69528242 0.11961856 0.42427559 570.05808965
14113 0.69260215 0.13782133 0.39490614 572.83379338
14114 0.68588085 0.15173993 0.39426170 573.00217717
14115 0.69219220 0.12533458 0.38201328 572.45327169
14116 0.68693561 0.09690906 0.33976443 572.65048895
14117 0.68840693 0.10369906 0.32986784 573.60615515
14118 0.69597846 0.05568760 0.34608947 575.46847911
14119 0.69496985 0.06107984 0.31029207 579.82185770
14120 0.68975014 0.08607245 0.29330010 577.44915993
14121 0.69069289 0.07271024 0.28887619 577.42415101
14122 0.68374980 0.06599991 0.30170529 577.22509817
14123 0.68640803 0.04098007 0.28298290 574.95984095
14124 0.69126771 0.03434975 0.30192236 573.58435119
14125 0.68897706 0.03828477 0.32001391 573.36447895
14126 0.69354669 0.04352454 0.33363290 573.05073301
14127 0.68988980 0.05170038 0.33690697 572.02287502
14128 0.68671180 0.07646180 0.30636631 573.82954923
14129 0.68939220 0.09395345 0.30219608 576.79765868
14130 0.68912970 0.03958670 0.28243003 574.13819298
14131 0.68955306 0.04618367 0.30150614 573.16787877
14132 0.68792331 0.05354668 0.30080151 573.39374739
14133 0.68881151 0.05121751 0.30613644 572.98220824
14134 0.68349728 0.03674608 0.29144067 580.21731045
14135 0.69509324 0.05733076 0.30962598 579.65084845
14136 0.69023001 0.08096752 0.29902899 576.37696738
14137 0.69285750 0.07335841 0.32191307 575.50132796
14138 0.69531263 0.03159850 0.33333070 574.79661666
14139 0.69659471 0.01839277 0.33717875 576.22547504
14140 0.69277756 0.04127312 0.33077934 572.69729207
14141 0.69855591 0.05059496 0.38990303 574.91063968
14142 0.68790582 0.05905948 0.37689557 575.70281929
14143 0.68689546 0.07917620 0.35195774 573.06812194
14144 0.68843644 0.07375801 0.37185050 572.31832137
14145 0.68967091 0.08799027 0.37471139 570.28519744
14146 0.69223453 0.07308311 0.39652579 569.99554632
14147 0.69457890 0.08028045 0.43679359 569.49742050
14148 0.69715276 0.09517079 0.44539408 569.33655075
14149 0.69472186 0.08345894 0.43294375 569.09909819
14150 0.68991763 0.11341503 0.40508727 569.15341412
14151 0.69489373 0.08949271 0.41924158 569.04773646
14152 0.69405340 0.08806103 0.42629723 568.76496892
14153 0.69558429 0.10696478 0.44035595 568.36249083
14154 0.69476424 0.12453477 0.45593511 567.23920116
14155 0.68843243 0.12052519 0.45497885 572.60990063
14156 0.69122238 0.10864958 0.44059639 568.83811196
14157 0.69190240 0.10585664 0.39478307 569.28359189
14158 0.68926734 0.09491037 0.39382535 570.35205959
14159 0.69475778 0.09038185 0.41381734 569.21045214
14160 0.69873725 0.09593101 0.42631977 573.29970443
14161 0.70096672 0.08285976 0.42340823 577.51478302
14162 0.69301126 0.09136179 0.42025331 568.69122163
14163 0.69120716 0.11444170 0.42440680 568.25723279
14164 0.69536905 0.10616802 0.43206121 568.70487751
14165 0.68842188 0.13749407 0.43604691 569.80148125
14166 0.69165317 0.11976864 0.42584126 568.00829568
14167 0.69326796 0.11035286 0.43385588 567.77405346
14168 0.69362456 0.11627136 0.46066822 567.25061922
14169 0.69438435 0.11583440 0.44890942 567.40238481
14170 0.69386362 0.15106258 0.44045693 569.69949268
14171 0.69563197 0.11687502 0.44770905 568.10944644
14172 0.69461086 0.14252040 0.44585103 568.92275732
14173 0.68988100 0.10052152 0.41793770 570.04083709
14174 0.69015925 0.14529121 0.42720351 568.75284592
14175 0.68726129 0.16967973 0.44406943 570.74343219
14176 0.69263559 0.17524101 0.44045894 571.80893517
14177 0.68890800 0.14057417 0.41318462 569.66380729
14178 0.69208095 0.11770785 0.39547132 569.94837860
14179 0.69231320 0.11129133 0.40795739 568.74652563
14180 0.69498000 0.11632068 0.43446809 568.54448380
14181 0.69348508 0.09184911 0.43078378 568.61374528
14182 0.69670557 0.07660201 0.46277679 570.58952222
14183 0.69733174 0.08428219 0.45433245 569.66647088
14184 0.69521898 0.06388339 0.44547840 572.06370557
14185 0.69327151 0.06092208 0.42540541 572.40803193
14186 0.69717976 0.05550407 0.42469628 572.05985416
14187 0.69708295 0.05343732 0.41031714 572.18631079
14188 0.69663506 0.06440851 0.40222243 571.53757176
14189 0.69330021 0.09674799 0.43050148 568.33263750
14190 0.69703906 0.08327592 0.46494510 569.80782089
14191 0.69313752 0.10012824 0.42601926 568.21741915
14192 0.69488250 0.09816314 0.40190358 570.41902620
14193 0.69022569 0.13085860 0.40657519 569.31058753
14194 0.68946841 0.12672646 0.43737597 569.16702306
14195 0.69120343 0.13130384 0.42551296 568.21325569
14196 0.68604019 0.13416062 0.41050750 572.75319649
14197 0.69119215 0.16963321 0.41664246 572.97849634
14198 0.69027143 0.18772371 0.45475680 570.06134974
14199 0.68906125 0.18137881 0.47628999 568.61241788
14200 0.69641198 0.18635973 0.50378128 569.00744273
14201 0.69613700 0.18679010 0.52157167 566.52507476
14202 0.70596792 0.18116282 0.56076154 581.38259127
14203 0.70350025 0.20324557 0.56803325 576.36005179
14204 0.70063482 0.21122385 0.54727007 574.46524514
14205 0.70216802 0.21019315 0.56565717 574.49723388
14206 0.69558776 0.23876211 0.54165481 571.00534895
14207 0.69895560 0.20812894 0.52264397 574.74002962
14208 0.69658805 0.19628868 0.54207886 565.79013182
14209 0.69716894 0.20179691 0.58100250 563.80058571
14210 0.70018047 0.20479586 0.59691934 565.23478152
14211 0.69409508 0.22589523 0.60387257 564.16177620
14212 0.69400562 0.18859773 0.58627086 566.02033862
14213 0.69774431 0.19152067 0.62721584 565.00106964
14214 0.69766202 0.23697549 0.63717243 562.80765341
14215 0.69942018 0.27219346 0.66617262 564.29286557
14216 0.69693011 0.28231132 0.67032296 563.58067709
14217 0.70036503 0.27712570 0.68608644 563.92995330
14218 0.69812483 0.25810442 0.67610849 562.44699137
14219 0.69875270 0.26383392 0.68783218 562.34990559
14220 0.70127468 0.27308005 0.73229903 562.35682954
14221 0.70028512 0.25376844 0.71360147 562.76064694
14222 0.70373401 0.25210114 0.70952875 564.08060636
14223 0.70802223 0.23652104 0.68809004 572.99162679
14224 0.70368399 0.25866783 0.68527155 566.46521753
14225 0.70260064 0.26148051 0.67049178 566.75124306
14226 0.69997518 0.25480571 0.69132459 562.37307984
14227 0.69355908 0.27743668 0.69244173 566.62975650
14228 0.69748226 0.30063809 0.69422341 563.88901320
14229 0.69509585 0.31750549 0.70598871 565.01899101
14230 0.69488718 0.33847887 0.70396173 567.29216181
14231 0.69831210 0.32543186 0.70117747 567.18509829
14232 0.69574086 0.32677659 0.71062696 565.40581694
14233 0.69665415 0.29397156 0.69779624 563.30843734
14234 0.69110564 0.26328337 0.64233713 568.20719415
14235 0.69443033 0.28902469 0.67189203 564.54522894
14236 0.69519735 0.29743187 0.69362994 564.17812235
14237 0.69651652 0.28843083 0.72803064 564.16776096
14238 0.69382897 0.30152078 0.71704963 566.48852954
14239 0.69779881 0.26552442 0.68588389 562.50652262
14240 0.69948126 0.25026320 0.69563811 562.56512111
14241 0.69958362 0.23474198 0.67420609 562.73783309
14242 0.69955862 0.23319031 0.65622135 562.73678941
14243 0.70432180 0.23894922 0.65947435 568.49657066
14244 0.70320238 0.22208225 0.66011950 565.16930906
14245 0.70062434 0.21810125 0.65211643 563.30845457
14246 0.69119094 0.21579589 0.62006957 571.20675053
14247 0.69673293 0.24694381 0.62719932 563.40098859
14248 0.69525351 0.24517202 0.65226077 563.87270137
14249 0.69891689 0.25014674 0.68819140 562.53528244
14250 0.70226117 0.25168601 0.65378046 566.97565723
14251 0.69275122 0.26251847 0.61757860 565.43085664
14252 0.69238221 0.24244780 0.58662378 565.53092561
14253 0.69274152 0.24670700 0.58401417 565.67377635
14254 0.69204394 0.25603602 0.60354139 565.94855419
14255 0.69396955 0.25487919 0.61846656 564.41730479
14256 0.69540965 0.22405066 0.62525578 563.76983990
14257 0.69689272 0.23736478 0.64594337 562.87259369
14258 0.69680730 0.25209703 0.64164665 563.05625818
14259 0.69501047 0.24291002 0.63303994 563.60546962
14260 0.69547785 0.24182843 0.61998258 563.45404734
14261 0.69491190 0.23761471 0.61248952 563.66951590
14262 0.69475555 0.23366530 0.61665489 563.72301006
14263 0.69805193 0.20790525 0.59680337 563.64158513
14264 0.69520048 0.21285216 0.58562183 563.72039567
14265 0.69255393 0.21839910 0.58376306 565.34842643
14266 0.69298574 0.21747405 0.55558430 565.20101302
14267 0.69258324 0.20470084 0.56502049 565.32533099
14268 0.69292362 0.18980807 0.55490387 565.39029155
14269 0.69613452 0.20341207 0.57229353 563.91585247
14270 0.69447622 0.17789389 0.55541539 564.84220394
14271 0.69590747 0.15866511 0.56373444 565.98509757
14272 0.69206675 0.16893358 0.54659259 567.91573764
14273 0.69661985 0.19197961 0.53128167 566.50098878
14274 0.69447862 0.18083112 0.53129286 564.78708624
14275 0.69449690 0.15876886 0.52700609 565.30091243
14276 0.69267498 0.16396437 0.53044445 566.48101161
14277 0.68915204 0.19925404 0.52377834 568.59661060
14278 0.69234937 0.16628311 0.48909877 566.19909952
14279 0.69072111 0.15423792 0.46669689 567.35058472
14280 0.68722801 0.17058485 0.45300671 570.71836167
14281 0.68725380 0.18742948 0.47839223 570.73023846
14282 0.69049711 0.21084081 0.47635676 570.80718249
14283 0.69076670 0.17678193 0.51077628 567.00933520
14284 0.69703823 0.17000712 0.54374366 564.74787202
14285 0.69392753 0.16065922 0.59131358 571.83635843
14286 0.70571057 0.16069585 0.60479945 571.53278840
14287 0.69416939 0.16599256 0.59036896 569.96752682
14288 0.70080018 0.15672001 0.61879085 567.88754524
14289 0.69658021 0.19605165 0.60400051 563.96982965
14290 0.69764534 0.18101747 0.60395221 564.75058666
14291 0.70129712 0.21432567 0.61319820 565.92738519
14292 0.69838086 0.23807122 0.61651310 564.35931133
14293 0.69819415 0.20184950 0.61391430 563.39737187
14294 0.69732577 0.21612268 0.62236146 563.07337417
14295 0.69703515 0.21148199 0.60079190 563.29638581
14296 0.69208336 0.21910582 0.54894758 565.83846418
14297 0.69320378 0.22982439 0.53837431 567.55631258
14298 0.69667374 0.19848843 0.54476953 565.80864133
14299 0.69479624 0.17852912 0.51209343 565.75317137
14300 0.69308989 0.18264485 0.51770759 565.41020569
14301 0.69143557 0.18196074 0.52862364 566.51266842
14302 0.70162067 0.16597235 0.54442512 569.91195169
14303 0.69398255 0.19562006 0.52227241 565.82983695
14304 0.69151115 0.19972120 0.53991394 566.07241017
14305 0.69541236 0.17834872 0.56258898 564.46897682
14306 0.69460978 0.18548968 0.57766805 565.08693252
14307 0.69587356 0.16747810 0.58494547 566.50273413
14308 0.69865250 0.15810761 0.56710109 565.30385057
14309 0.69819389 0.18118531 0.55716993 564.98476083
14310 0.69921907 0.17176833 0.54910733 566.12772925
14311 0.69884272 0.19066804 0.54021894 568.23650326
14312 0.70166511 0.17822225 0.57075195 567.97372334
14313 0.69497469 0.19469067 0.55564461 564.22958291
14314 0.69546214 0.15777485 0.56043570 566.24281073
14315 0.69711936 0.16940459 0.55803259 564.50538779
14316 0.69710426 0.15337747 0.55010835 565.33561651
14317 0.69797424 0.12189475 0.52660674 567.51592906
14318 0.69783995 0.16368082 0.50974328 567.58040451
14319 0.69831670 0.16127127 0.51402239 567.55574183
14320 0.69111837 0.17194329 0.52640868 567.51369481
14321 0.69686454 0.18637218 0.55596862 564.40523359
14322 0.69255027 0.20917332 0.57333940 565.40598190
14323 0.69551835 0.20651610 0.55233625 565.01486004
14324 0.69660148 0.19096337 0.54381936 565.23202531
14325 0.69905790 0.15830835 0.55552813 565.50828751
14326 0.70078081 0.16480801 0.58286024 565.86353907
14327 0.69815545 0.18217080 0.57209386 564.28588689
14328 0.69680260 0.18780412 0.58894420 563.96076769
14329 0.69741986 0.19791196 0.60890915 563.64183288
14330 0.69833734 0.18011483 0.59041211 564.20215907
14331 0.69966071 0.17542172 0.57366348 565.14956274
14332 0.69774690 0.19875028 0.55647932 565.74001056
14333 0.69548241 0.19527397 0.54248220 564.95268224
14334 0.69226801 0.22233719 0.54644193 566.06080420
14335 0.69076147 0.23176591 0.53806264 567.67584707
14336 0.69677894 0.22551275 0.56283678 567.06070587
14337 0.69703412 0.22380428 0.56894262 566.36268337
14338 0.69638432 0.21324609 0.57917203 564.03814479
14339 0.69433887 0.18358576 0.58602613 566.18219377
14340 0.69244695 0.17742700 0.56109879 567.51108927
14341 0.69750061 0.19059458 0.59148251 563.73123866
14342 0.70127160 0.16287703 0.58643121 566.24333420
14343 0.69883178 0.16404376 0.59252350 565.55729148
14344 0.70393442 0.18973640 0.62204454 567.71655747
14345 0.70059579 0.20595514 0.64316594 563.71801838
14346 0.70092860 0.22346455 0.63992679 563.95877273
14347 0.70584014 0.22965634 0.67804061 568.40191442
14348 0.70372452 0.21986374 0.67148431 565.15220643
14349 0.69976961 0.25067138 0.66914824 562.75169624
14350 0.70302547 0.25751215 0.71143129 563.47434437
14351 0.70346445 0.21146912 0.70942857 566.27908928
14352 0.70669334 0.22976383 0.71890239 567.08029110
14353 0.70003797 0.23331019 0.72173738 566.04706010
14354 0.70094348 0.23233705 0.70623553 563.98887099
14355 0.70403912 0.25126118 0.72439749 563.88918522
14356 0.70049235 0.28528357 0.72667125 562.34544184
14357 0.69831675 0.27855809 0.73848837 563.64588856
14358 0.69830399 0.26687963 0.73823465 564.89082468
14359 0.70220760 0.26202856 0.72540144 562.71870799
14360 0.70431821 0.25669087 0.71328020 564.73357602
14361 0.69843906 0.24299570 0.68848761 563.20952339
14362 0.69947412 0.23466235 0.68586384 563.17538066
14363 0.70129590 0.24114743 0.69646856 562.88343146
14364 0.69374278 0.29133910 0.66921475 565.15127117
14365 0.69751381 0.28274047 0.68967931 562.86107204
14366 0.69772836 0.27269398 0.66835468 563.15929547
14367 0.69400813 0.29769850 0.67068342 565.23725697
14368 0.69365825 0.26358683 0.65478751 564.94528515
14369 0.69669023 0.26731234 0.63909838 564.20878027
14370 0.69672529 0.26399890 0.62739492 564.84943167
14371 0.69272628 0.24324665 0.64752992 567.28823455
14372 0.70110716 0.25660168 0.65676074 565.41563350
14373 0.69558133 0.23475101 0.63163755 563.38688240
14374 0.69743194 0.21587098 0.65851628 564.73513935
14375 0.69919655 0.20537450 0.64336308 563.74261250
14376 0.69927335 0.21097737 0.63942247 563.25767207
14377 0.69845788 0.21438639 0.63537298 563.09339017
14378 0.69927761 0.20890035 0.64856774 563.64425181
14379 0.69592462 0.20400083 0.65871458 568.99615867
14380 0.70075932 0.18735784 0.65091521 565.73835080
14381 0.70837935 0.16280092 0.65452106 574.03435980
14382 0.69930813 0.17647164 0.63704107 567.01282542
14383 0.69884146 0.16633993 0.63389707 569.13557181
14384 0.70268083 0.19295638 0.67141924 566.14836800
14385 0.70572706 0.18654133 0.68779745 568.94527017
14386 0.70552969 0.22139223 0.67726641 567.39098101
14387 0.70349764 0.23626510 0.67231638 565.40254327
14388 0.70167512 0.26051876 0.68041579 564.21969515
14389 0.69813188 0.29137421 0.68955132 563.53989360
14390 0.69419739 0.28120073 0.69189946 565.33402340
14391 0.70018255 0.27630148 0.69833590 562.87116305
14392 0.69938195 0.25971935 0.73031554 563.81847251
14393 0.69834762 0.27715334 0.74516188 564.30609335
14394 0.69975358 0.27832336 0.75007994 563.23629761
14395 0.70176215 0.28702171 0.75230495 562.37261999
14396 0.70343493 0.30957382 0.78609001 562.94034598
14397 0.70185979 0.31152100 0.78893006 562.53943331
14398 0.70210810 0.29340481 0.75537687 562.50301397
14399 0.69834211 0.31488919 0.74632593 562.98314900
14400 0.70120432 0.28343594 0.74928379 562.35798433
14401 0.69642709 0.29848383 0.74261465 564.64847089
14402 0.69917004 0.29074822 0.73588959 562.40372184
14403 0.70027656 0.28783545 0.73882924 562.24427732
14404 0.70238748 0.27589302 0.74462666 562.59251402
14405 0.70511100 0.26857515 0.74984410 564.28370445
14406 0.70453506 0.29234933 0.75871412 564.22653332
14407 0.70005607 0.29262255 0.72994842 562.40726618
14408 0.70226988 0.25473711 0.77320624 566.55018321
14409 0.70424639 0.27930938 0.78399598 563.64446861
14410 0.70232883 0.27411503 0.74957696 562.66108415
14411 0.70152930 0.25717449 0.73224817 563.02257999
14412 0.70393542 0.26908097 0.73207322 563.80766813
14413 0.70186358 0.24527623 0.72409947 563.51233159
14414 0.70163563 0.25472801 0.74281671 563.83833849
14415 0.70226437 0.25017363 0.75660620 565.32965619
14416 0.69816113 0.27415705 0.74294821 564.66009856
14417 0.69687601 0.29152110 0.71771862 563.23257182
14418 0.69749057 0.30177798 0.70471914 563.43553662
14419 0.69926678 0.28422758 0.69897418 562.89589126
14420 0.69462229 0.27171941 0.68953371 565.13794990
14421 0.69340134 0.26079512 0.66932723 566.34364173
14422 0.69403129 0.26357206 0.67994377 565.94041184
14423 0.69477010 0.27727932 0.68971383 564.64003605
14424 0.69810839 0.27219354 0.67179578 563.06067284
14425 0.69541597 0.26621124 0.66591128 563.51704366
14426 0.69499801 0.25254646 0.64182516 563.61402532
14427 0.69953313 0.25438952 0.64883375 564.11573023
14428 0.69475945 0.26429246 0.66752974 564.17220994
14429 0.69484459 0.26830590 0.66604488 563.95265614
14430 0.69480074 0.26701333 0.63772412 564.12473918
14431 0.69781977 0.25176495 0.63447839 563.72009688
14432 0.69872577 0.26068956 0.65953691 563.23686175
14433 0.69964562 0.22122857 0.64038176 563.07135866
14434 0.69789051 0.20828921 0.63641375 563.69650658
14435 0.69846074 0.21972234 0.61637983 563.31408346
14436 0.69809838 0.23049472 0.62004806 563.38374385
14437 0.69370398 0.24877791 0.61917928 564.41062983
14438 0.69321616 0.26393311 0.65102334 565.33256889
14439 0.70122223 0.24817565 0.64767285 565.59486582
14440 0.69485281 0.27025100 0.64356022 564.09086641
14441 0.69673324 0.26251514 0.67591551 562.87803870
14442 0.69297883 0.28791446 0.67939944 566.17818732
14443 0.70231244 0.30139778 0.70806767 567.44584814
14444 0.69821833 0.30980292 0.71023783 563.99546506
14445 0.69653172 0.28962202 0.72404353 563.84935565
14446 0.69959227 0.29884984 0.75866409 562.63404653
14447 0.69860557 0.31390866 0.76442306 563.05173755
14448 0.69954944 0.31543054 0.78175374 563.04178454
14449 0.69990130 0.32796077 0.79555066 563.08266891
14450 0.70080112 0.30301836 0.77656454 562.61048570
14451 0.70222492 0.31745437 0.78313746 562.72861557
14452 0.70145208 0.31935341 0.79756654 562.67724287
14453 0.70163701 0.31626927 0.77247394 562.73604416
14454 0.70331242 0.32577624 0.78767064 563.75880076
14455 0.69957455 0.34132457 0.80075072 563.39534775
14456 0.70293628 0.33351774 0.78846693 564.10873413
14457 0.70404808 0.34218765 0.79390564 566.02307512
14458 0.70163625 0.32944803 0.79356905 562.83844551
14459 0.69926571 0.33271370 0.80610024 563.87049584
14460 0.70062212 0.33611698 0.78607329 563.17166152
14461 0.70038563 0.34977419 0.78141397 564.55772623
14462 0.70285595 0.33518292 0.77498713 565.40067211
14463 0.69529679 0.32243204 0.75435559 565.77434244
14464 0.69875885 0.30480320 0.76431892 563.18977409
14465 0.70475458 0.28922962 0.78220602 563.48669257
14466 0.70179948 0.26789945 0.77938077 565.51293044
14467 0.70355981 0.27021831 0.78054268 564.26157690
14468 0.70468406 0.26477799 0.76396288 563.98773436
14469 0.70518195 0.24923727 0.76789778 565.61850433
14470 0.70879777 0.23077994 0.76135168 569.42721742
14471 0.70230805 0.23999124 0.75216654 566.49972783
14472 0.70736680 0.24708767 0.76210806 566.79329901
14473 0.70641930 0.23127450 0.75452530 567.26557464
14474 0.70324738 0.23613500 0.77329129 569.55803883
14475 0.70919883 0.24078405 0.75962511 569.40459610
14476 0.70544606 0.24006106 0.78032554 568.18104576
14477 0.70303193 0.22395171 0.75010845 568.90382798
14478 0.70300698 0.23812583 0.73006472 564.40193285
14479 0.69943533 0.26074175 0.73175650 563.78059839
14480 0.70008287 0.25669535 0.72875836 563.47257527
14481 0.69528580 0.27145910 0.68681015 564.14944826
14482 0.70231948 0.24584423 0.67488828 564.28835509
14483 0.70274998 0.24051505 0.68273182 564.01105377
14484 0.69831245 0.23480295 0.66986168 562.97967719
14485 0.69781546 0.21789713 0.62111543 563.00652108
14486 0.69659611 0.20559993 0.59385263 563.42161451
14487 0.69506447 0.20368070 0.58589358 563.90575347
14488 0.69388718 0.18181806 0.55774614 565.11016469
14489 0.69976230 0.16985185 0.57535985 565.19573231
14490 0.69502127 0.20761321 0.57210993 563.97179495
14491 0.69500919 0.21411838 0.57272465 564.12408221
14492 0.69158504 0.22365799 0.56122532 566.00466454
14493 0.68842006 0.22475131 0.53538115 569.54528656
14494 0.69659313 0.19203586 0.54596965 565.13005296
14495 0.69132224 0.18640907 0.53427391 566.59761395
14496 0.70022539 0.19436121 0.56335977 567.93028381
14497 0.69506204 0.21428067 0.57567935 564.01607157
14498 0.69601673 0.20015959 0.57028907 563.89747766
14499 0.69891908 0.21418948 0.60150990 564.19909971
14500 0.69497667 0.24105633 0.60491140 563.97985602
14501 0.70145085 0.21256934 0.61486097 565.84143372
14502 0.70593303 0.23384391 0.62094284 579.23230637
14503 0.70118082 0.24463637 0.63761747 566.28391109
14504 0.70254085 0.22322695 0.64268225 565.64790900
14505 0.70101658 0.23092435 0.62895711 565.45918105
14506 0.69069080 0.23947655 0.62711949 569.83096654
14507 0.69083420 0.24015776 0.60796181 567.82767104
14508 0.69124726 0.23152484 0.61437716 568.24614853
14509 0.69582945 0.24311511 0.60944067 563.92363059
14510 0.69394581 0.23391373 0.61805504 564.37756015
14511 0.69481983 0.23318235 0.63324523 564.11560689
14512 0.69646831 0.25756535 0.64704653 563.10627621
14513 0.69980703 0.24259494 0.64058176 564.02527858
14514 0.69642788 0.24080588 0.65610904 563.25294993
14515 0.70082021 0.21812222 0.66537443 563.41821474
14516 0.69961445 0.20402936 0.63735786 563.60011447
14517 0.70072097 0.21421240 0.66214365 563.57061942
14518 0.69827747 0.24202081 0.66487151 562.55778803
14519 0.69694623 0.23546582 0.63664558 562.84642738
14520 0.69979218 0.25456036 0.64487708 564.77802924
14521 0.70023135 0.26928362 0.66998808 564.42425755
14522 0.69489117 0.25974260 0.62306651 564.26944229
14523 0.69493657 0.26874503 0.62568556 564.83841512
14524 0.69640468 0.24519598 0.63276078 563.09681601
14525 0.70268053 0.26840706 0.67822065 566.86974326
14526 0.69368396 0.26689786 0.66871034 565.43858420
14527 0.69735445 0.30129106 0.65557132 567.78447190
14528 0.69200869 0.28936642 0.64715615 566.77779448
14529 0.69271701 0.30073750 0.60268897 571.12478939
14530 0.68617496 0.29397870 0.59768019 575.58016031
14531 0.68664259 0.29224572 0.57154731 574.96624964
14532 0.68651049 0.30644710 0.55947111 577.72979789
14533 0.68882274 0.30280037 0.58035583 573.84197236
14534 0.69050405 0.28978420 0.59591387 569.95361709
14535 0.69536908 0.30572516 0.63572451 569.43371410
14536 0.69491997 0.30784499 0.63933339 568.98643468
14537 0.69783347 0.28103218 0.62554689 568.95868663
14538 0.69160959 0.25307480 0.61134179 566.37153371
14539 0.69295718 0.26822225 0.61649624 565.63741906
14540 0.69505610 0.25249957 0.63434170 563.59222960
14541 0.69677956 0.25302277 0.63342206 563.45675945
14542 0.69754780 0.24248441 0.65062566 562.65195022
14543 0.70082741 0.23102965 0.66499302 563.05737324
14544 0.69431565 0.22810606 0.64073916 565.64021155
14545 0.70134770 0.24963566 0.66349822 564.33855604
14546 0.70361827 0.25184765 0.70259918 564.30368789
14547 0.70068365 0.26035216 0.69600232 562.54328312
14548 0.69964958 0.27475385 0.68512135 563.21541693
14549 0.69783276 0.26441437 0.69982141 562.79869050
14550 0.69769247 0.27837522 0.72890802 563.61092174
14551 0.69906651 0.29085407 0.70869875 562.79554829
14552 0.70156949 0.27991802 0.73269900 562.44215829
14553 0.69578003 0.28701318 0.73613017 566.04351978
14554 0.69937175 0.27409023 0.75258209 564.20146952
14555 0.70010022 0.27284686 0.69446580 562.81615245
14556 0.70166873 0.23138252 0.68054209 563.24258878
14557 0.69924370 0.22901678 0.68486545 563.76366653
14558 0.69844247 0.25378760 0.66499109 562.56514316
14559 0.70016912 0.26148753 0.69341807 562.43960771
14560 0.69804007 0.25397771 0.70868731 563.92224242
14561 0.70422717 0.25898759 0.73739325 563.76926305
14562 0.69988968 0.27611976 0.74222786 562.83546299
14563 0.70007129 0.30173143 0.75318430 562.36032369
14564 0.70486178 0.29663171 0.78615595 563.55823775
14565 0.70648666 0.30164901 0.80199912 564.74991595
14566 0.70324686 0.31211177 0.82399276 563.59330948
14567 0.70170912 0.32417622 0.80656702 562.78169342
14568 0.69929705 0.32954814 0.78629628 563.14718936
14569 0.69766363 0.33968600 0.78628287 564.26965553
14570 0.70058081 0.33352012 0.80198501 562.95578382
14571 0.69934613 0.31236995 0.79452716 564.19700466
14572 0.70917537 0.31736279 0.84597371 567.01892251
14573 0.70591249 0.32441197 0.83498412 564.02085635
14574 0.70781345 0.29188132 0.83215780 565.96544865
14575 0.69624855 0.32728716 0.81038199 569.55953204
14576 0.70535499 0.37103623 0.82644938 569.16747886
14577 0.69950381 0.34570248 0.80949607 563.64900528
14578 0.70451840 0.34686855 0.80371965 566.34519161
14579 0.69843818 0.36701081 0.80723795 564.92626922
14580 0.69895600 0.36072075 0.81478618 564.36017892
14581 0.70121750 0.35271010 0.83992576 563.66396090
14582 0.70290415 0.34930241 0.83213333 563.38509776
14583 0.70520584 0.31896317 0.84395096 563.98323215
14584 0.70545893 0.32712017 0.84664599 563.84454401
14585 0.70099253 0.34638969 0.83597567 563.71330148
14586 0.70568123 0.33257268 0.86016486 564.12318117
14587 0.70505085 0.36672864 0.86720470 564.57845236
14588 0.70529168 0.35115956 0.86172864 564.03320433
14589 0.70665311 0.36552423 0.88214037 565.24579739
14590 0.70464852 0.32648900 0.87037912 565.39506000
14591 0.70103984 0.34898807 0.83982027 563.80386906
14592 0.70583814 0.31034565 0.82675075 563.98556713
14593 0.70322722 0.30757150 0.83196179 564.64556820
14594 0.70365726 0.34781876 0.86080292 563.71396407
14595 0.70827878 0.34736750 0.88005456 565.92783688
14596 0.70381269 0.34590261 0.88822830 565.69826812
14597 0.69971528 0.33473874 0.85270486 567.86987952
14598 0.70336348 0.34168502 0.88022565 565.67504552
14599 0.70523397 0.33942581 0.87573770 564.51767470
14600 0.70572956 0.34527667 0.86643678 564.11881081
14601 0.70176402 0.35406898 0.86003284 564.28024275
14602 0.70575353 0.34929837 0.84570692 564.76718310
14603 0.70661332 0.33658327 0.84513410 564.80402459
14604 0.70812124 0.34311863 0.85473265 566.66349210
14605 0.70161437 0.35615428 0.83712717 563.52836365
14606 0.70667627 0.30623086 0.84499962 565.04221950
14607 0.70564147 0.31456782 0.85591406 564.98919458
14608 0.70294751 0.33555650 0.86844933 565.45046014
14609 0.70236502 0.31231813 0.86763185 569.98300867
14610 0.70761955 0.34500444 0.83198410 568.13952445
14611 0.70717755 0.35941047 0.80179494 574.98135777
14612 0.70526641 0.34116427 0.83388500 564.26074688
14613 0.70161076 0.32312931 0.83942099 565.02708245
14614 0.70371811 0.30293887 0.79368153 562.91282080
14615 0.70145510 0.31184136 0.77387893 562.48841903
14616 0.70419020 0.34013630 0.78663395 566.74775801
14617 0.70384022 0.33638115 0.79860828 564.57090256
14618 0.69803347 0.33229499 0.76384117 563.61528098
14619 0.70433735 0.30511682 0.77414935 563.94145493
14620 0.70268050 0.31092314 0.77027009 563.07776807
14621 0.70426983 0.31562324 0.80412175 563.22384861
14622 0.70081180 0.30374967 0.79006692 563.23549915
14623 0.69790951 0.33822549 0.75896844 564.08557025
14624 0.70440184 0.31476549 0.74426251 568.46300542
14625 0.70227795 0.29360544 0.74193747 563.08030225
14626 0.69911955 0.28363571 0.73992573 562.74835688
14627 0.70310711 0.25979009 0.70361998 564.06454974
14628 0.70335664 0.24756698 0.69846081 564.07577852
14629 0.70209964 0.24611425 0.69953439 563.04173051
14630 0.69175209 0.24465883 0.67307547 572.81295877
14631 0.69583020 0.24474792 0.68454803 565.56177546
14632 0.70170029 0.19909990 0.69971293 568.26640284
14633 0.70157202 0.21970692 0.70558896 565.28704265
14634 0.70008461 0.23166800 0.68679096 563.23959451
14635 0.69761436 0.24104394 0.66900937 562.94551564
14636 0.69845459 0.22244352 0.64750128 562.94307454
14637 0.69535059 0.25245045 0.64269387 563.41000661
14638 0.69790102 0.24099072 0.62311448 563.73249248
14639 0.69552208 0.21461196 0.59144752 563.57170063
14640 0.69945842 0.19563944 0.58438716 564.90231777
14641 0.69813244 0.20497550 0.57184975 565.21816120
14642 0.69647619 0.19432264 0.55360211 564.65478352
14643 0.70070268 0.18561942 0.60560366 564.76726051
14644 0.69923736 0.19144518 0.63935701 564.96417885
14645 0.69627550 0.23046381 0.63299995 563.14500354
14646 0.69942685 0.18811192 0.60496934 564.07104364
14647 0.69879992 0.17606868 0.59744567 564.60357391
14648 0.69773468 0.19909285 0.61559675 563.65225043
14649 0.69259318 0.20698513 0.59953392 567.10932924
14650 0.69296269 0.18279453 0.56048998 566.13447071
14651 0.69991803 0.17902746 0.56912487 565.73244623
14652 0.69826025 0.15559808 0.56766478 565.49600694
14653 0.70167589 0.18293283 0.62379770 565.26363349
14654 0.70211542 0.17334179 0.62577852 566.20401939
14655 0.70259354 0.19494733 0.63210034 565.46801104
14656 0.69469340 0.20033900 0.60859441 565.55599565
14657 0.70091953 0.18779243 0.57848142 566.71139739
14658 0.69592950 0.18841563 0.57150498 563.95742328
14659 0.69472086 0.21000851 0.57147730 564.07226076
14660 0.69031597 0.20787150 0.56488707 568.21130413
14661 0.69747909 0.20552683 0.55447135 566.34180237
14662 0.69710997 0.18891764 0.53847289 565.97767630
14663 0.69051249 0.19644070 0.52600867 566.98741985
14664 0.69043232 0.17729495 0.50651153 567.26841442
14665 0.68874738 0.18860674 0.52776002 570.14747117
14666 0.70072486 0.15573819 0.54297204 567.83594987
14667 0.69531109 0.13663178 0.55248233 569.07137028
14668 0.70109696 0.14073450 0.57388021 567.61438300
14669 0.69551035 0.16102641 0.56476736 566.09724936
14670 0.69527326 0.18117633 0.55881253 564.33066778
14671 0.69611826 0.17278977 0.56622048 564.60387915
14672 0.69978505 0.16821890 0.57021909 565.39459719
14673 0.69823234 0.18243952 0.57937692 564.13543020
14674 0.69390847 0.18934201 0.53318030 564.91347883
14675 0.69348408 0.19299394 0.51704378 565.88461748
14676 0.69789935 0.20949169 0.55605063 567.16714289
14677 0.70014438 0.17929545 0.55090735 567.74099651
14678 0.70211481 0.14501374 0.57639339 567.99188873
14679 0.69639893 0.16911337 0.53966916 564.68278666
14680 0.70202044 0.17686532 0.56055938 569.71311888
14681 0.69721693 0.17998117 0.54066017 565.27798469
14682 0.69306436 0.17170526 0.52975424 565.53788775
14683 0.69066324 0.16505830 0.53424173 569.73986830
14684 0.69550123 0.16618642 0.54814595 564.84082571
14685 0.69599760 0.16435152 0.54381134 564.74661488
14686 0.69444705 0.17862961 0.52576601 564.93732476
14687 0.69322397 0.18272171 0.55328065 565.47939502
14688 0.69590187 0.17910314 0.56304105 564.25762522
14689 0.69646704 0.18648963 0.57294780 563.92425858
14690 0.69359670 0.20130186 0.54325810 564.92260109
14691 0.69105081 0.21492546 0.54683729 566.45326721
14692 0.69850857 0.21015168 0.57131589 566.19900283
14693 0.70381371 0.17645679 0.59968370 568.82142395
14694 0.69881530 0.18796067 0.59535204 563.96387796
14695 0.69498856 0.21219569 0.59356006 563.78503898
14696 0.69475740 0.21613155 0.57709512 564.04663589
14697 0.69700291 0.20960866 0.56345261 565.34510291
14698 0.69420668 0.21241777 0.54486917 565.51119176
14699 0.69795660 0.17556046 0.54778698 565.18266395
14700 0.69940449 0.16919008 0.56787120 565.19238161
14701 0.70378914 0.13104376 0.58852472 570.77756689
14702 0.70613214 0.14694564 0.59298298 573.17002472
14703 0.70461000 0.17010458 0.60777687 569.41436335
14704 0.69980800 0.17868393 0.62975781 565.71160766
14705 0.70177243 0.16972463 0.62109519 566.28218650
14706 0.70316229 0.16987838 0.63745506 567.38711294
14707 0.70080772 0.18820466 0.63629256 564.82787290
14708 0.69426984 0.21224080 0.61400355 565.23422129
14709 0.69394493 0.24130933 0.65479928 566.04335848
14710 0.69921873 0.27348553 0.65788553 565.08734574
14711 0.69978183 0.23692772 0.65585924 562.85881846
14712 0.69781272 0.23343536 0.68275729 564.27859460
14713 0.69477941 0.21824149 0.62035221 564.51705720
14714 0.69377448 0.24884818 0.62570759 564.38705627
14715 0.69232911 0.22142214 0.62548480 568.43580560
14716 0.69428823 0.19049172 0.63013230 570.63904885
14717 0.69672660 0.18456005 0.59743436 564.56613132
14718 0.69831179 0.18615479 0.59223577 563.93254064
14719 0.69703524 0.18682994 0.59145206 564.00633541
14720 0.69768120 0.18970283 0.59937102 563.84864890
14721 0.69942067 0.16779455 0.60728376 565.77920028
14722 0.69869137 0.18305458 0.56899492 564.74147922
14723 0.69484809 0.17536680 0.55719338 564.81922858
14724 0.69840267 0.16482215 0.56394670 564.88132691
14725 0.69744367 0.20831549 0.56625776 565.36111663
14726 0.69439690 0.20034041 0.57242796 564.21482108
14727 0.69612151 0.19555163 0.57076423 563.84552618
14728 0.69649710 0.16895560 0.53361388 564.91489448
14729 0.69448052 0.16585870 0.55150572 565.63610581
14730 0.69322794 0.22324975 0.54702838 566.05151529
14731 0.69220516 0.20225488 0.52305882 566.08472794
14732 0.69431051 0.19226390 0.53612432 564.87563172
14733 0.69799877 0.18799342 0.55579771 565.24141099
14734 0.68942707 0.18318234 0.55542383 572.16886354
14735 0.70066705 0.19907512 0.54266752 572.93392976
14736 0.69692978 0.20689902 0.55595522 565.74880067
14737 0.69564114 0.22578828 0.56541517 565.72779036
14738 0.69454311 0.26416310 0.57829707 568.89811812
14739 0.69357920 0.26093602 0.57841056 567.69594562
14740 0.69168482 0.25399522 0.56947943 567.41101554
14741 0.69367957 0.22891770 0.58698952 564.42899272
14742 0.69757591 0.24537023 0.61286033 564.74178789
14743 0.69478732 0.26925959 0.60938235 566.17967608
14744 0.69147412 0.26301729 0.58753302 567.23875620
14745 0.68911754 0.20884303 0.56940380 570.92429368
14746 0.68926991 0.19471843 0.56183455 571.56897465
14747 0.68953166 0.21836733 0.52915946 568.12609570
14748 0.69658526 0.19513594 0.54212518 565.68234454
14749 0.69679954 0.17247090 0.54646905 564.58084485
14750 0.69795984 0.16659194 0.53377853 565.76936099
14751 0.70175687 0.14967270 0.55193976 568.45851504
14752 0.69687873 0.15357280 0.55867470 565.68707871
14753 0.69470556 0.18622224 0.58821409 565.59115889
14754 0.69901432 0.15814529 0.58635515 565.88481212
14755 0.69827144 0.16565239 0.59769419 565.88120405
14756 0.69505009 0.18939978 0.57979699 564.50074819
14757 0.69592534 0.18512018 0.55539782 564.17823340
14758 0.69309807 0.20215161 0.55003461 564.92416323
14759 0.69126119 0.19738925 0.53380610 566.29300479
14760 0.68979412 0.20364895 0.51760745 567.70653672
14761 0.69604672 0.20410130 0.54951816 565.36641295
14762 0.69303517 0.20215058 0.52985743 565.62640440
14763 0.69543867 0.17192294 0.55701465 564.71477838
14764 0.70011867 0.12663123 0.56727374 568.93669049
14765 0.69990402 0.13798399 0.57604935 567.80560913
14766 0.70030675 0.13158899 0.56337903 568.02471708
14767 0.69342199 0.16940953 0.55594203 566.68090632
14768 0.69835471 0.15526070 0.54431571 565.46592040
14769 0.69638639 0.13409192 0.51837998 566.24063114
14770 0.69937316 0.09406668 0.51637093 570.82646593
14771 0.70004234 0.12252421 0.50398339 569.02571904
14772 0.69865042 0.13937970 0.49785306 568.15510647
14773 0.69706222 0.17870742 0.49638704 569.98932969
14774 0.69684709 0.15025078 0.52715813 565.38168445
14775 0.69344192 0.17563249 0.52353173 565.15833287
14776 0.69199475 0.18211881 0.51254911 565.93094269
14777 0.69689878 0.17239756 0.52006034 566.19214770
14778 0.69629321 0.17673114 0.55226814 564.32325584
14779 0.69423691 0.21201239 0.54907319 565.19027612
14780 0.69442908 0.20710099 0.54944355 564.89024918
14781 0.69967882 0.18967506 0.57149412 565.82213732
14782 0.69539192 0.18577787 0.57563369 564.37440570
14783 0.69891320 0.16686855 0.55849914 565.20642288
14784 0.69498793 0.16547087 0.57484657 566.88246027
14785 0.69998653 0.14169001 0.57334600 567.17472483
14786 0.69522963 0.16706647 0.56072654 565.39372116
14787 0.70155331 0.16305394 0.57637957 566.84553083
14788 0.69572963 0.14128341 0.58452216 572.03110602
14789 0.70432929 0.15422756 0.60735325 569.39057579
14790 0.69581576 0.18635850 0.59914858 565.20793960
14791 0.69135930 0.20146705 0.57159708 567.45580727
14792 0.69106551 0.20753928 0.55105538 566.53244483
14793 0.69549395 0.22160225 0.57406041 564.54718996
14794 0.69316306 0.22584947 0.56680843 565.09507938
14795 0.69029254 0.22079773 0.59066813 569.10804746
14796 0.69366875 0.23206852 0.60677904 564.42097161
14797 0.69576964 0.21597523 0.59970492 563.42788622
14798 0.69175018 0.25338034 0.58801542 566.39793950
14799 0.69144318 0.25680680 0.61024177 566.55313991
14800 0.69440446 0.24903703 0.60913198 564.30228002
14801 0.69087325 0.25818566 0.59834862 567.16802316
14802 0.68949637 0.27313176 0.61146336 569.37333208
14803 0.68938890 0.26558119 0.62438519 570.25902171
14804 0.70108126 0.26154570 0.64490070 567.64258539
14805 0.70017249 0.24562163 0.63884920 564.85850040
14806 0.70013398 0.25271102 0.62550679 567.39801798
14807 0.69774580 0.22701809 0.63766721 562.80949667
14808 0.69392427 0.23247272 0.63467749 565.30765415
14809 0.69544364 0.22242022 0.61784065 563.59493964
14810 0.69713410 0.20023208 0.61619037 563.84297920
14811 0.69192937 0.19160552 0.58859389 569.34437877
14812 0.70335783 0.17580275 0.58546710 569.30534565
14813 0.70408643 0.14215664 0.60663300 570.18196794
14814 0.69563764 0.17573720 0.63541136 572.35486567
14815 0.69372731 0.20432268 0.59896129 565.64153557
14816 0.70174850 0.19475512 0.65892233 565.19216463
14817 0.69792794 0.18942860 0.63184557 565.52598110
14818 0.69958204 0.22195025 0.64048969 563.04483476
14819 0.70287211 0.21812506 0.65799046 564.79535333
14820 0.70315496 0.24853007 0.68210245 564.97394104
14821 0.69805280 0.27383237 0.66810708 563.36876559
14822 0.69680434 0.27340854 0.66878129 563.09293813
14823 0.69939588 0.22787096 0.63580227 563.19481193
14824 0.69498983 0.23075151 0.63390129 564.12141048
14825 0.69930766 0.22699853 0.66549039 562.96464789
14826 0.70350287 0.20962912 0.64784031 565.92252884
14827 0.70406578 0.18460241 0.65500904 566.96940847
14828 0.70145843 0.18963690 0.62750090 564.80154406
14829 0.69597243 0.22680107 0.58537692 564.33126433
14830 0.69346284 0.21959481 0.56993565 564.66489326
14831 0.68995176 0.22632613 0.61545953 571.99206903
14832 0.70203473 0.23119582 0.59934287 571.78261503
14833 0.69161042 0.20375094 0.58720150 568.09232638
14834 0.69470723 0.20580055 0.59448663 564.25112255
14835 0.69434219 0.20351697 0.59454498 564.73317917
14836 0.69906880 0.22733449 0.61509153 564.18872125
14837 0.70264169 0.20342696 0.65233735 564.85035690
14838 0.69552339 0.22927738 0.64380597 564.21859351
14839 0.70248136 0.21046064 0.64172991 565.03622754
14840 0.70034486 0.24271826 0.62638952 566.14158010
14841 0.69743602 0.23535539 0.58814873 566.03454184
14842 0.69333161 0.21054572 0.55234072 564.95861781
14843 0.69842955 0.21182355 0.56983494 566.46093462
14844 0.69172406 0.21892032 0.59836607 567.23941839
14845 0.69496227 0.19516754 0.61425320 566.39302749
14846 0.69352797 0.20399766 0.61403139 567.35875275
14847 0.69343296 0.19785134 0.58999583 566.04292674
14848 0.69423762 0.22344279 0.62182829 564.81019637
14849 0.69831521 0.23688399 0.61480372 564.34284790
14850 0.69586603 0.22538073 0.60778239 563.32392543
14851 0.69544782 0.21958933 0.61370151 563.60687670
14852 0.69516691 0.21789240 0.62585292 564.45487878
14853 0.69445023 0.24780269 0.65955689 565.06081705
14854 0.69626508 0.23775792 0.67965510 565.32406384
14855 0.70162903 0.20068593 0.64977693 564.39611075
14856 0.69855532 0.20419866 0.65669774 565.10673450
14857 0.70369418 0.20363202 0.63037576 567.27168261
14858 0.69998141 0.20166324 0.66706825 565.36395230
14859 0.70147323 0.21652022 0.63602372 564.45329328
14860 0.69782460 0.22018386 0.66421924 564.30478622
14861 0.70377010 0.24208270 0.67320987 566.18990337
14862 0.69444723 0.22967441 0.63540408 564.90135059
14863 0.69684182 0.22195991 0.65864500 564.61512306
14864 0.69738523 0.22310757 0.64467068 563.22317119
14865 0.69508686 0.24007603 0.65246378 564.38534159
14866 0.70022947 0.20478295 0.65113568 563.92175563
14867 0.69720475 0.21194484 0.65295739 564.98969518
14868 0.69975814 0.22608282 0.67059920 563.08917955
14869 0.69641580 0.20397860 0.68192336 572.18956736
14870 0.70275276 0.19626054 0.66506382 565.48695186
14871 0.69945094 0.22464351 0.66740008 563.14124823
14872 0.70132031 0.22254522 0.64907693 563.80808813
14873 0.69841453 0.22419761 0.65399273 563.02666219
14874 0.69796572 0.23540694 0.65781372 562.73556675
14875 0.70074320 0.23461063 0.64541860 563.99638535
14876 0.69451416 0.23206110 0.63314709 564.50398852
14877 0.69726766 0.23546483 0.62786839 562.98680930
14878 0.69710876 0.23014892 0.63153790 562.87097806
14879 0.69438990 0.25293133 0.64198134 564.07301022
14880 0.69739315 0.25070734 0.65613776 562.66063202
14881 0.69659266 0.23925368 0.60916432 563.89409215
14882 0.69135192 0.22610289 0.60124798 567.47440023
14883 0.69532581 0.23424377 0.63909651 563.82819215
14884 0.69360243 0.26480996 0.63856280 564.68101066
14885 0.69472910 0.26689543 0.62949505 564.47061957
14886 0.69498146 0.24953743 0.60743346 564.37534735
14887 0.69194225 0.21813306 0.60238785 567.26091786
14888 0.70277277 0.19842666 0.61350690 566.97269107
14889 0.70155910 0.20918828 0.64050046 564.19237911
14890 0.69906578 0.21007225 0.63362352 563.22748306
14891 0.70179031 0.17859336 0.65594351 567.19799585
14892 0.69575227 0.19961195 0.68131188 574.94569063
14893 0.70458903 0.17750059 0.71416055 573.78427539
14894 0.70521179 0.17374917 0.70893469 573.63032121
14895 0.70405185 0.19489836 0.70358426 568.42425734
14896 0.70129625 0.21251833 0.71526594 567.92625167
14897 0.69695850 0.21160050 0.68877005 570.36610684
14898 0.70378060 0.24216169 0.66182490 567.50477049
14899 0.69446415 0.24832274 0.64335233 564.16350265
14900 0.69598839 0.25904814 0.65391153 563.13635703
14901 0.69592810 0.25392999 0.68962048 564.84286432
14902 0.69997031 0.23410888 0.68102081 562.88531211
14903 0.69870636 0.27183637 0.67042344 563.37970996
14904 0.69466214 0.25861298 0.64877936 563.89479859
14905 0.69225741 0.24946389 0.65601436 568.38945166
14906 0.70279528 0.23620149 0.68435224 563.88336937
14907 0.70157235 0.21637702 0.63872824 564.39293595
14908 0.70197317 0.20899560 0.65546557 564.18894162
14909 0.70340577 0.19377900 0.67400275 566.31738348
14910 0.70031609 0.20227246 0.68678471 567.13354338
14911 0.69806371 0.23138154 0.67771659 563.87667282
14912 0.69930883 0.22636474 0.69020477 564.44826200
14913 0.69818672 0.20816411 0.66601729 565.79738672
14914 0.70161880 0.23196962 0.66381170 563.62234536
14915 0.69783163 0.23222777 0.67296988 563.65434476
14916 0.70416516 0.24151258 0.68057292 566.07864153
14917 0.70408817 0.24298346 0.70234998 564.55742722
14918 0.69920592 0.28901751 0.71040019 562.65848535
14919 0.70413785 0.28168057 0.71776340 566.30595079
14920 0.70264427 0.29658846 0.73355733 564.27267675
14921 0.69399928 0.34105482 0.75369105 567.28467680
14922 0.69452272 0.32097039 0.75039538 566.76416268
14923 0.70512288 0.32843419 0.77492738 567.91267651
14924 0.69907068 0.32945637 0.77414807 563.12374332
14925 0.70393401 0.31675881 0.80314131 563.08267364
14926 0.69980712 0.34294007 0.82043585 563.86294758
14927 0.70319305 0.32299261 0.82229882 563.03037980
14928 0.70371183 0.32641774 0.81235576 563.10301458
14929 0.70218603 0.30704340 0.79682408 562.80636996
14930 0.70330171 0.30004333 0.81035192 563.60828680
14931 0.70342673 0.30647615 0.84790980 566.45859027
14932 0.70907478 0.31206885 0.84938276 566.67275245
14933 0.70078696 0.32247966 0.83119005 565.12490766
14934 0.69997898 0.32757846 0.82758809 565.18247905
14935 0.69919632 0.34844075 0.84461483 566.06178738
14936 0.70315439 0.33069651 0.84437426 563.70614412
14937 0.70235986 0.33487453 0.83125901 563.18863963
14938 0.70029348 0.36025253 0.81221472 564.05472669
14939 0.69573909 0.32780174 0.81077162 570.74439164
14940 0.69961451 0.30087325 0.80976906 567.03380438
14941 0.70677384 0.32701399 0.81824043 565.83667262
14942 0.70114386 0.33211312 0.83696428 564.39507439
14943 0.70714488 0.32095100 0.84645695 564.82181586
14944 0.70299421 0.34870648 0.84999208 563.46240647
14945 0.70517049 0.35050492 0.82137323 565.99523247
14946 0.69871554 0.35794284 0.81114731 564.35929330
14947 0.69605811 0.35793793 0.77803260 565.93791054
14948 0.69851472 0.35882076 0.77940959 565.10832340
14949 0.69494461 0.35253008 0.74934421 566.65359389
14950 0.69929235 0.35498378 0.75068718 567.44798662
14951 0.70177688 0.33349847 0.74747748 566.90400607
14952 0.69138166 0.30419643 0.72581673 572.48522860
14953 0.70273583 0.32530023 0.74833653 566.78629879
14954 0.70535834 0.31943785 0.78257870 566.03839867
14955 0.70359821 0.33205845 0.76601207 567.02796382
14956 0.70491771 0.32553705 0.77582152 566.93893228
14957 0.70581011 0.32419620 0.79671926 565.93382373
14958 0.70272063 0.33544821 0.80276059 563.32446409
14959 0.70504549 0.31636582 0.80573533 563.77392618
14960 0.70240886 0.32916975 0.83747286 563.71211416
14961 0.70497187 0.31483413 0.83241984 563.69553506
14962 0.70689429 0.29647141 0.82431945 564.94906951
14963 0.70103320 0.32185058 0.81677818 563.66320560
14964 0.70152904 0.34068889 0.83059217 563.33452513
14965 0.70259271 0.32655881 0.83886569 563.87564344
14966 0.70441440 0.31189819 0.83104223 563.76180960
14967 0.70077319 0.30888245 0.81611332 565.07151823
14968 0.70070257 0.30283108 0.80621158 564.80149952
14969 0.70480982 0.34540394 0.81763864 565.20614674
14970 0.70074334 0.31965536 0.82313918 564.64108535
14971 0.70419839 0.31596264 0.82344691 563.27619868
14972 0.70388994 0.31790413 0.79179836 563.44696222
14973 0.70130777 0.29081902 0.77622405 562.99416950
14974 0.70182394 0.29461577 0.76921194 562.44801802
14975 0.70058967 0.27887606 0.74738645 562.59609319
14976 0.70183523 0.29265825 0.76060319 562.38383649
14977 0.70039327 0.32016525 0.74603322 563.72347471
14978 0.69908003 0.30170121 0.74788947 562.54887366
14979 0.69943824 0.31409468 0.77342981 562.83967926
14980 0.70146868 0.31903061 0.77345173 562.78697984
14981 0.70072315 0.31464717 0.78500309 562.62129178
14982 0.70320475 0.29068298 0.79798797 563.60365434
14983 0.70123251 0.31229647 0.77711884 562.45800453
14984 0.70274208 0.29809541 0.76179071 562.79771939
14985 0.70147745 0.30133343 0.79150869 563.09940329
14986 0.69594291 0.35273243 0.78686463 566.09159196
14987 0.70333728 0.33088018 0.79298702 563.90847038
14988 0.70472509 0.32652772 0.79549681 564.78513455
14989 0.70618271 0.34510230 0.77668134 573.63602795
14990 0.70182282 0.34394976 0.78707136 564.41871134
14991 0.70160335 0.33836161 0.80542561 563.02210427
14992 0.69993254 0.36102522 0.83567917 564.22299116
14993 0.69983178 0.36734108 0.83664120 564.40479037
14994 0.70165087 0.36402728 0.82248703 564.30353207
14995 0.70456324 0.32725482 0.80490116 564.03731555
14996 0.70405709 0.32733831 0.79737082 563.99165760
14997 0.70272087 0.33085698 0.79251713 563.44724384
14998 0.70040266 0.31661838 0.80320119 563.55230858
14999 0.70271614 0.29438848 0.80181034 563.72485093
15000 0.70558068 0.29321516 0.79592531 563.93812357
